00000
00000
00000
00000
00000
00000
00000
00000
00000
00000
00000
00000
00000
00000
00000
00000
00000
00000
00000
00000
00000
00000
00000
00000
00000
00000
00000
00000
00000
00000
00000
00000
00000
00000
00000
00000
00000
00000
00000
00000
00000
00000
00000
00000
00000
00000
00000
00000
00000
00000
00000
00000
00000
00000
00000
00000
00000
00000
00000
00000
00000
00000
00000
00000
00000
00000
00000
00000
00000
00000
00000
00000
00000
00000
00000
00000
00000
00000
00000
00000
00000
00000
00000
00000
00000
00000
00000
00000
00000
00000
00000
00000
00000
00000
00000
00000
00000
00000
00000
00000
00000
00000
00000
00000
00000
00000
00000
00000
00000
00000
00000
00000
00000
00000
00000
00000
00000
00000
00000
00000
00000
00000
00000
00000
00000
00000
00000
00000
00000
00000
00000
00000
00000
00000
00000
00000
00000
00000
00000
00000
00000
00000
00000
00000
00000
00000
00000
00000
00000
00000
00000
00000
00000
00000
00000
00000
00000
00000
00000
00000
00000
00000
00000
00000
00000
00000
00000
00000
00000
00000
00000
00000
00000
00000
00000
00000
00000
00000
00000
00000
00000
00000
00000
00000
00000
00000
00000
00000
00000
00000
00000
00000
7F600
0081C
7FE68
00BBA
000C2
7F8BA
7ED42
7FEF2
7FC52
00466
7EB6E
7FBA0
7FAEA
00AA6
7FDE4
0093A
7FE00
0085C
7FB50
00540
011DA
7F8C6
7F578
0058E
01138
7FD72
00592
7FFC4
00126
7FEA4
7FABE
0078C
005FC
0095C
7FFA0
7FB68
7FFFA
005D6
7F4BE
7EE14
00792
7FE1A
0010C
0040E
7FEEE
7ED9C
7F660
7FBB8
7F61A
7FDA2
00462
006CA
0053C
0042E
7FF72
7FC14
7FAB0
7F3D0
00028
7F8A0
7ED52
00214
00A10
7F994
00A00
7F624
7FBFA
003E6
7F72C
7FED0
7FDC2
7F24E
7FED4
0009C
00DF8
00B64
00606
7F148
00712
7FA8A
005FE
0078E
008B6
0004A
00C7A
00776
00CB8
7FF84
006D4
008E4
7FB20
010B4
7FF80
7FB1E
7FEC6
00BB4
009FE
7EF6E
7FBC2
00694
00200
0015A
00426
00316
7F92C
7FC62
7F3CC
005BC
000CC
7F972
7FEBA
00DB2
00600
7FF28
0052E
00128
7F25A
7FDE0
00708
004BA
0012C
7FDD6
7FD74
7F8DE
001AA
004A6
005C2
7EBCE
7FE00
7F47C
7FB3E
0027E
7FFF2
7F7CE
7FEBC
0084E
7F204
00800
00526
010F8
7F26C
7F5DA
7FF04
00140
001FE
7FE48
7F68C
005E4
00C46
00DBA
0075E
00178
7F730
7EE10
00860
005BA
7FF30
00936
7FEC2
7FC92
009FC
7FBBE
005D8
7FCB6
00134
7FCAE
0022A
006BC
7F20A
000D2
00652
7F070
00124
00104
7F858
005F4
7FE02
7FE36
7FD0A
7FCCE
7FA82
0010C
7E7B6
00636
7FCE0
7F5CE
7F766
006EC
00546
0033C
7F9E0
7F586
7F400
007C6
7FAFC
002A2
0111A
7F8AE
0086A
003D6
7EBD2
7F798
000E4
7F9C4
7FC0E
7FC9C
7F83A
7FA36
7FFF8
00798
7FBDC
002EC
7F86E
00266
7F804
7FA2A
7FCDC
0042A
00A34
7F8D2
7EC74
7EEFE
003AE
00D20
00400
7FE2C
00544
7FE02
00348
7FA18
7FC04
7F400
0081E
00A64
7FE0A
00684
7FE28
7FFF2
7F448
7FF90
00FEA
0034E
7F8A0
7F6CE
00B0C
7F9F6
7FEDE
01382
7F728
00ACA
00224
0014C
7F198
0038E
7F48E
7FEDC
00600
7FC24
7FE60
7FFFC
7FC78
7FF06
7F41A
7FBA8
002D6
00BA6
00492
00098
7F7FC
7FAD8
0093C
7FC76
7FE02
7FF7E
7FC48
7FCC0
7E9B8
7FC8C
00768
00266
005A0
0069C
005EC
7FFE6
007CC
7FDE6
0016C
005CC
001FC
00840
7FD5A
017EC
7F936
7F7D6
00DA0
00316
7FD20
7F7E2
005E0
7FCE6
00DA2
00022
00D76
0001E
7FA10
00306
00800
0058E
000B0
00B86
006A6
00A62
7FA52
0056C
7EFA2
0082E
7F2A2
7F17E
7F7D0
011CE
00600
00F24
7FB42
00554
00438
00172
7F288
00B02
0032A
7F542
7FB12
0067C
0023A
00AD6
0020C
7F65C
001FE
004E8
7F18A
004DA
003C2
00572
7FEC0
00ADE
00BA6
00190
002CA
7F7D2
007EA
007C2
017C2
00E24
7F200
7FAB4
0086E
00450
00044
7F478
7FB06
7FA16
008D4
7F324
00368
7FE22
7F14A
7FC78
7F0AC
0109E
7FE00
004CE
00AC4
7FAFA
7EFC2
0087E
7FD0E
00CA8
00058
7F72A
7FEBE
7F826
7FC92
7F860
00C24
0102A
00200
7FB5E
7FCBA
0025A
7F404
7F6AA
7F906
00248
0003E
7FFFE
7FE40
00978
00EB0
7FC46
7EC4E
0056E
00FF4
00874
002EE
7FBB4
7FA58
001FA
7F7E8
7FC82
00830
7F61E
7F342
00472
7F480
00A34
7FAC2
7FBD6
001FE
7F144
00C46
7F9BC
0052E
7FE50
0017A
00712
7F7CA
7FA0A
00056
7FE9E
7FB66
7F8DC
00662
00958
7FC02
7F4A4
7FCF0
002B4
0047A
004F0
7FB42
00DBE
7FFD2
7FF9A
7F536
008E2
7F96E
00B4E
7F4F2
7F1A4
00800
7FF1A
006D2
7F088
00286
7FE78
00756
7FB1E
7FBFE
7F970
7FE26
002D6
009F8
00A70
7F7F2
00762
003EC
01336
7F68A
7F984
0021C
0041C
005EC
00020
7F52C
00296
001AC
7FF8E
00378
0073C
0001E
7F292
7FC00
7F704
000D2
7F4DA
7F8FE
00AA6
7F8CA
003A4
7FC10
7F85A
00456
7FB3E
004C4
7FF26
00216
7F6DC
7F012
7FB7C
009C0
000FA
00A4A
7FC9A
7FD3A
7FB1C
7FACE
7FB92
003CE
7F730
005A8
7F070
7F292
0006C
00C00
7FB88
7F844
00428
7F77E
7F762
00232
0062E
0071A
004C4
006AC
005C2
7F6B8
001C4
7FA6A
7F66C
009F0
0056C
00626
7FE0C
7F066
004B4
7FC26
7F526
7F7CA
7F8AA
00470
7FE1E
00618
7FAB2
7FCE0
7F6FE
7FBFE
7F664
00248
7FD86
7FAE0
00C50
7FF86
00236
7F900
00756
7F928
7FC48
7F610
7FD36
7EF00
00E60
7F61A
7FBC6
7F64A
002BC
00D18
00010
7FB2E
003FE
0003E
7FCD6
0148E
008A0
7FD38
008B8
7F100
7F73E
00400
7FED8
0043E
7F9B8
7F98C
7EA80
0062A
000B6
7F6F0
7FB4E
00E64
7F862
7FB7C
00420
7FD98
7F2D6
7F600
0134E
000D0
7FEFA
7FDB0
7F126
005F8
7FEF4
0036A
7F3C0
0050A
7F602
0054A
7F702
00082
003BC
7F800
7F934
7EB98
7EFA6
00276
0066A
7FC38
7FFAA
00510
7FDBA
7FB98
7F712
7FADC
001B6
00310
00376
7FDFE
00420
00E5E
00612
7FE50
0118C
7F1FC
00CB2
00096
7FF0A
011EE
7FA30
7FC5E
7F43A
0047C
00BDE
00200
00238
00374
7F690
0085A
00276
7F31C
7F5FC
7FCC4
7FC74
008DE
7FC80
00990
7FBEC
008C0
008AA
00204
7FCC2
00BD6
0090A
00084
0051A
7EF42
013CA
00DEE
7F7DE
7FAE8
7ECE2
7F0E4
7FBE2
0029E
7FE34
7FDFE
7FBFE
0044A
00C00
00018
7FFD6
7FA3E
7F85E
7F734
009DA
00034
7F4F0
7F6EA
7F044
00372
005F6
7FE00
008BA
0079E
7FB94
7F704
7F9B4
7FCD8
7F2CA
00DFC
7F95A
000AC
7FF38
7FEB2
7FB8C
7F7C8
7F974
7F400
004EA
00798
7EB52
0014C
000AA
0027A
7F91E
7FD2A
005FC
00524
7FFF4
0033A
7FC9E
003E6
7F896
003F2
0001A
7FD60
000E0
7F980
7FD00
7FBAE
7FE8C
7FB82
7F746
7F708
001B0
00A96
007C0
7FCC2
7FD80
00BFE
002B0
7FD5A
7FE98
0045E
0082C
0060A
7F0C0
002D4
0059A
002C4
00142
00806
7FA08
005F4
7F7A4
7F408
000F4
7FB56
00376
000D0
7FBB0
7FE2A
7FED0
00C7E
7FF98
7F368
7FA28
7EA1A
7F47A
0070C
7FFB8
00000
7FB30
00D5C
7FF18
7F5D6
00E6A
00AEC
7FF70
000D4
7F526
7F9F4
7F5EC
00210
005EA
008C4
7F036
00BEA
000BA
7F698
7F9B6
7F9FE
7F69E
7F376
7F5EA
7FC5A
002AE
00A60
7FD56
0171E
7FA6A
7F5FE
00490
00BFE
00F28
00818
7FFE2
7F0A6
7FE7C
7FA08
7EA5A
7FB36
00566
0011E
7F966
7FEC0
003C6
00398
003B4
7F814
7FC48
00174
005CE
7F7E0
7F99A
7F9EE
7FD96
007A6
7FB74
7FCD4
00B8A
00018
7FEE0
7FB5E
7F3C2
00400
00E04
7FB10
001B4
00F64
0006A
7FD28
7FFB4
00000
00180
00232
00D2C
00BB6
7FAF8
0038C
7EC86
00000
7F994
005DE
7FBC6
01496
00844
0028E
7F2B8
006D4
003A0
7F228
7FDEC
0030A
7F61E
7FDD4
004DE
7F000
0098E
001E8
0048C
00B6C
7F76E
7FC52
7FCAA
00000
0037E
001B8
7FA88
7FF1A
7F8F2
7FDC0
0059A
003FE
000E0
002D0
00458
00094
00E68
7FE4E
7F636
0012A
00BF2
00440
7FAA4
00222
000D2
00684
7FD14
00400
0096A
006C0
00150
0010A
00BA4
000AA
008F6
7F71C
7FDE2
7F790
7ED26
7F8AA
004BC
00478
7F600
00204
7FC88
00E02
01154
7FFB6
004F8
7FD92
00520
0068A
7FEAC
7FF3C
00190
00078
004F4
7FEB0
01244
7FFFC
7F7CE
7FCCC
0069C
7F824
0041A
7F4D4
003F6
7E8FC
00B6E
0034E
7F65A
00E20
008E0
7F8D6
7FE54
00A00
7FD2C
0075A
009A4
7FF18
7FBF0
7FF48
00074
0095E
001A8
7FCE4
7FCB6
000B6
7F7F6
001A6
00222
7F800
7FBFA
00B22
00520
00514
7F302
7ED5C
008C4
7FC92
7F2CA
7FC74
00A18
008E4
7F7D4
018D8
00026
005F0
7F3BC
0027E
7FE9C
7FF0E
000C4
7F448
0081C
00634
00696
002B6
00242
7FEE4
0071A
00682
00990
00000
00224
7FC9A
7FDA8
009A6
00A7A
7F90A
00B76
7FF6A
7F4A8
7FD6A
0002C
00DC6
003F0
00C24
7FB10
001FE
007D8
7F36A
7FDF4
00A02
7FC40
005B0
7F8BC
7FDBE
7FD0E
7F5CC
7F8DC
01232
7FDD0
003FA
0017A
00200
7FAC0
7F502
006B0
008BA
00E0E
7FF0C
006D4
01166
7F44C
7FB46
7F2E0
003B6
003C2
7FAF4
0037A
005F4
00634
7FAD0
007EC
7F8B6
7FD4C
005AC
0034A
7FCD8
00A48
00068
013D0
007FC
00678
008C6
003C6
005FC
00386
7FD20
7FF1E
00AF0
7F7B6
7FE9E
006D4
7FAA6
7FD78
0038C
01634
00180
7E930
7F37A
7FCB2
001F6
00B92
00308
7FD84
7F3B2
7FBA0
00804
7FDAC
7F72C
7FF56
7F0DA
00322
002C2
0028E
7FD82
00206
7F200
7F0F0
0045E
7FFC2
7F9A4
00926
7F876
018FC
7F8D6
7FCEC
00E64
00072
7FE4E
7F3CA
007FC
00B8E
00200
7FEEE
00676
7F2A0
7FD22
003F4
7FFCA
006D4
004D4
00A44
7FBCC
00BD0
00078
00186
00748
00B0E
001FE
0058C
00276
00D6E
7FCB4
01094
0061C
00798
7F32C
7F970
7F2C6
7FCA8
005B0
00072
7FD18
7FA56
7FA02
003AA
0005E
7FC28
00486
7F9CE
7F8AA
000F0
7FF2C
7FAFE
0055E
7F92E
00388
7FE0C
00C94
0089A
7FC00
00188
7FEDA
7F8EE
0016E
004B6
7FAFC
0040E
001DE
0027C
0068A
7FACE
0035C
00280
00CBE
7FED0
7FE00
7F480
7FFA8
00786
7F1D6
7EBAE
7F694
00780
7F3CC
7FDFC
00B6E
7F9D8
7F96A
00FA4
0078A
7F434
00000
7F920
00BD4
0062C
00A4E
7F6DE
7F438
7FDA4
7EE2E
7FBEE
0034C
0071A
002BC
004E2
7FE40
00190
005F6
0095E
7FD90
7F7F2
7F278
00530
7FBAA
006D4
7FC42
7FFB8
7F2B4
7FA3E
7F082
007BA
7FC00
00694
00A00
0037A
01154
7F520
00522
7ED86
00704
7F97C
0023C
7F890
7F2E6
00224
7FE7C
7F6EE
7FFB2
00044
7F804
7FB94
7E740
7FF40
008C8
7FB06
7FA58
7FA98
7FC94
7FC18
002C8
006C0
7F9F6
00C2C
00D86
7FB08
00200
7FBEC
7F474
7FFB6
7F930
7F272
0091C
01112
7F9BC
7FD1E
00256
7FB82
007C4
7F718
008B0
0016E
003FC
00DA2
7FAF0
7FBDA
000CC
7FEBA
7F21C
004D0
7FF66
7F0D4
7EFEC
00062
017A0
000B4
7FD62
00474
7FE00
008E2
0073E
00418
7F734
7F8B8
7FD22
7F60E
0091E
7F95E
00194
0038E
000E8
7FA48
003F2
7FF18
007F6
00756
7FA94
7F000
006C8
7FB3C
00126
7F10A
001C0
7FEB8
00A9C
00330
00160
7FAFA
7F84A
0049E
00DFE
004FC
001B6
7F8DA
7FF4A
0080C
7FBC0
003BC
7FB0E
004E6
7FA5C
00790
7FB22
00ABE
00C52
00D30
00BDC
7F23C
00A0C
7F882
7FAF0
00102
00844
00180
00A3C
7FB7A
7FBBC
00C22
7FAAA
002E8
004F4
002BA
00600
00ED6
0010E
7F39C
00252
001CE
7FA6C
7F580
00312
007D6
00696
002E8
0054A
7F628
7F6D6
7F644
7F802
7F710
7FF8A
00054
7FD8A
7F2EE
007DA
7F692
009E4
00692
00A6C
7F802
7FADC
7FFD6
00A8E
00006
7FA00
7FDAA
7FE3C
00830
001AE
7FD16
00140
001EA
7F4EE
7F8DA
7FFAA
0006A
7FC5E
7FFAE
7FEB6
00508
7F000
7FFBE
005DC
00200
00674
7FADC
7FC7A
7FB3E
7F618
7FC0C
00A9C
7F68E
7FB7C
7F704
7FFE4
00B76
7FC00
008D0
7FB84
01144
007BE
0015C
7FF74
0000E
00732
7F910
00C64
001D6
7FA16
002E0
003D4
00992
00BEE
00E38
7FF80
0026A
00170
7FEAC
7EFA8
00338
7FF2A
00052
7FCDC
0047E
004B2
7FD2C
01046
7F796
7FC00
009A0
7FE9A
7FFB8
004B2
000CC
7FFB8
7F876
00CC2
0028E
7FA56
7FAFA
00170
0089A
00716
7F740
7F410
00612
00656
0049A
7FA16
7FFB8
7EAA0
0023C
004DE
7F884
7FC5C
001D6
007BC
7FB6E
7EB64
00E30
00000
7F478
7FEA4
006DE
7FF46
7FA3C
7F712
7F624
7FFBE
00652
00408
004EE
7EC6E
7F912
000A2
7F8D4
009FA
002C6
7FB10
7F59E
0016A
7EEB6
00EF8
7FE40
7FBC8
7F2BE
00238
00A9E
7F490
7FD80
7F7AC
7FB32
007FE
7F934
7F7BC
7FBEE
00A4A
00090
002B8
00906
0082C
00340
7FDAA
7F750
00FA0
7F0AE
7FBBE
7FCE6
005FC
00612
7FB46
002C2
7FCE6
7F12A
005C6
0012E
0043E
00F00
7FF6C
0091A
00772
7FC42
7ED66
00510
7F600
7FCC8
7F9D6
7FA5E
7FC4A
0001A
00702
0051E
00330
000B2
7F2F0
00728
00310
7FFDA
002F4
7F110
7F60A
7F66E
7FDC8
7F5F6
005C8
002A0
00596
00368
00F94
009A6
7FD38
7FFA4
7F930
7F8DE
00E36
003A8
001FE
00BB4
0017C
7F79A
008CC
7FBC4
7FAC0
00C0E
008C6
005A6
001E8
7FEA8
00566
00942
001C2
7FD7C
001F8
00E82
006CC
7F8F0
004DA
003CC
7FD74
00328
00456
7FD86
00DDE
7E780
7FE62
0005E
0083C
007E4
00600
00072
7F7B4
00338
01122
00614
00E26
7FDE0
003A6
7F71C
7F49C
004D4
7EEBC
0023E
005A0
0066E
7F200
7FD98
7FBDC
7F852
004BA
00F56
7F7B4
7FF38
7FE00
7FB4C
00874
7F7A4
00056
7FB96
7FF26
7F49E
7FE00
009F8
7F306
7F744
00484
00434
005CC
0047E
7F858
0031A
001E2
000F0
7F84A
7FF58
00B50
00454
00200
7F384
003C2
00374
0059E
7FA36
7FEB2
7EDB0
7FE00
7F3A6
7F6B4
007A2
0089E
7EA50
0058C
7F608
00E00
00E24
7FECA
0128A
7F77C
7F5A0
7FA4E
00A9C
7FDCA
00546
00110
002C4
7FBF8
01AA0
00722
7F888
003F6
006A0
0057A
00472
7FCB6
01044
00686
00024
7FE40
00154
005E0
7FC06
7F87C
7FB9E
7FB34
003B4
7F9FC
7FC70
7F3A6
7FEBA
7FC12
00216
002EA
7FE6A
00638
7EF82
0008A
00186
7F542
003B4
002B2
00FB2
7FBFE
0041C
004D4
00256
007BE
7F50E
00432
7F4D2
7F5CA
7F920
00BC2
002D6
7FE58
0042A
002F0
7FABE
7FA00
00640
00218
7FF6A
7F820
0000A
7F22C
7FEA6
001E4
002C8
7F9AE
00B66
00708
7F2A2
004AE
7F7DA
7FBFE
7F612
00458
7FAEC
00364
004AA
7F876
004C8
7FBC4
00412
00084
7F63A
7F9AC
00386
00BE8
7FDD2
00DFE
0046C
01138
011CC
00632
002B8
00C2A
7FE70
7EE2A
001A4
00694
00898
0028A
007C0
7F7F4
004B8
7FBFE
7FFD6
7F5D6
003DE
0062E
003B2
7FB84
0022C
00440
006D0
0018C
00C28
004B2
0070E
7F51A
7FAF8
00600
7F68A
00686
00258
7F75C
7FC6C
7FACE
7F9B2
7FC52
7FC5C
00118
0055C
00ACC
7FDBE
7F64A
005F4
7FE06
7F992
00194
7FEE0
004DE
009B8
007C2
003E6
7F460
7FFD6
7FD8E
7FF1E
7F834
01918
7F932
002E8
7F5FE
00B24
7FE00
7FD82
0107C
7F8C8
7FEC4
7FED6
0078E
00CC6
00556
00130
00058
007DE
00504
00E58
7FE04
7FE6C
0075C
00198
0030E
00CB4
7FC46
00862
7FFA8
7F6B2
7FE64
009D4
7FC84
7FBD0
7FDDE
7F3DC
00000
7F812
7F878
7FA1E
00286
7F272
001E6
0054C
0023E
006D2
7FC54
7F2E2
7FBF0
00440
7FA82
0054A
005FE
7E36E
7F4F2
7FD20
7FC72
00510
000B2
0025C
00368
7FEE6
7F4A4
0040A
7FEFA
00594
7F582
7F978
7FBFE
7FD0A
7FC5E
00426
7F62C
005C6
011F8
0001C
7F9C2
7FA70
00CF2
002A0
7FA68
00066
00412
7F0B0
7FE00
000FA
0088C
7FF36
012DE
7FFF4
00462
7F1F4
00096
7F462
7FFBE
0072A
002AC
00A74
002F0
7FB82
00A00
00A28
00392
006E8
007C2
00598
00B04
7FF8E
7FD30
7FE7C
7FE24
00C7E
7F7BA
00C22
00004
7FE74
7FA02
00F54
7FAE2
7F978
00F80
7FC56
7F870
005A4
7FED6
00AEC
7FD1C
7F2F0
00530
7EDC2
00468
7F6CA
7F1FE
7F546
7F4C6
00424
7F966
0002A
7F6D6
003AA
002D0
0046E
7FF60
7FFF0
7EE38
7FE96
002BA
7FB1C
001FA
00EE0
004CC
00316
7F746
7FEE4
7FDBE
7EE44
7F924
7FAF8
7FD5E
7FF9A
7FCEE
7FFDE
7F0DE
7F1E8
00000
7FFBC
7EFC4
002D6
7F632
7F454
000CC
000DC
007E6
00D0A
7F6FA
7FC40
7FA3E
7F89C
001EC
002F8
005FA
7F7EC
001B8
7FD3A
7F8CC
0024C
00464
7F916
00900
7FD3E
7FB96
7F5D8
7FF76
00AB6
7FDE0
003A8
003FE
00FE4
00704
7FE6A
7F9E0
7FFAC
00142
7FF34
7F42A
7FC04
002CA
00640
00020
00F5A
7F0E4
7F8DC
7F602
00A54
7FF7C
7FE52
7F74A
00184
00832
00040
7FAEA
002F6
00292
7EF92
0062E
7FA1A
7F0A0
00262
7FA00
00B54
00992
7FD4E
7FFE4
00314
7FC16
00C48
7FBA0
7FB64
0030A
006AE
7F72C
004BE
0046A
00A6C
7F60A
7FD44
7F464
00A9A
002E6
7F934
003FA
0039E
7FCD8
006CA
7F92C
7F15C
0034A
7F4BA
7F526
7FECA
005FC
000B2
0091A
01360
7FEF4
7FCA4
01044
7FD94
7F06C
00040
00622
7FCA8
7FC64
7F6EE
7FB1A
7EB44
7FA0E
00922
00674
7F070
7F66E
7F8C0
7F878
00018
7F72E
0017A
7FFFC
7FFB0
00128
00748
7F27C
7FDFC
7F400
7F73C
7FD98
7F2E8
7FD7C
7FC50
7F7A4
003EA
009E4
00286
0025C
0097E
001D6
004B2
7F9A0
0017E
7FE00
7FCE2
7FB56
7FAF4
7FE5E
00780
7FD6A
007E2
7F0EE
003EA
0008C
7FD28
00EEA
7F56E
7F9AC
7F4CA
7FC00
0053A
7F386
008FA
7FCDA
7F5B0
007D8
007F4
7F61C
007E0
7FD22
00816
7ED32
7F552
7F780
00B94
00200
007FA
0003A
7F90E
00748
00B46
00666
7F63A
7FF12
7FBAA
00344
7F608
0020C
00074
001E4
7FF78
7FC00
7FF90
7F6BE
005C2
7F780
0010C
7FD18
7FD02
7FDFE
7F3E0
0027C
0013A
008C8
7FC8C
00662
7F910
7F404
000D8
7FC06
7FAA4
00258
7FE24
7FCA4
7F754
00E70
7FAB0
7FF48
002E0
00328
7F436
7F348
000CA
7F7FE
7FA24
7FB76
003CC
7FEDA
7F368
0071C
00848
7FE04
00898
0003A
7FDEC
008C4
00AC4
7F1B2
7F82C
00002
7FD6A
019CA
7FF14
7FF4C
0056A
00DB6
7F018
7FD88
000D0
005F2
00142
00326
7FC7A
7F612
7FAB8
7FE00
00A5E
00216
00E00
7F84E
001E2
7FA86
7FCF4
008D4
00016
7EEF8
7FB2E
00C36
7FECC
004D8
7F814
005F4
7F972
7FB36
7EEA0
001DC
00636
7FE14
0089C
00206
7FC58
00FA2
0049E
004EA
00BF0
005A0
7FA6E
7FA00
7FE26
7FEDA
00A4C
004E4
7FB92
002FE
7FEBE
00328
7F71C
7F9B2
0028A
7F0F6
002C6
7F374
7FAEA
011F4
7FF0A
7FBD6
7F080
000FE
7F3F6
7FC64
7FCB4
00200
7F010
7FFA8
0015E
7FDEA
7F62C
7F9FA
7F622
7F800
7F47C
00A60
7F526
00B64
7F582
7FEFE
7FBC4
00884
7FCB4
0032A
0082A
7F856
7FACA
7FF76
00362
007FA
000EA
7EE90
7FF2C
7FFF0
00986
7F8B0
000B8
0133A
7FEAA
006AA
006CC
005EE
7F9B0
006E2
7FFEE
7F3FE
003F4
7FDDA
0018C
00116
7FB60
0070E
00D44
7F79E
7F026
7FB02
7FD68
7FB3C
000F4
002B0
7FA5E
7FC08
00884
00382
002CC
7FBA0
7F706
7FB9C
7F324
7FCAE
7F2D4
000AE
7FB1E
7FE90
7F93A
7FC6A
00544
00400
00E96
7F7B2
7F9A2
00010
0038C
7F42E
7FD80
00BE4
7F668
7FE90
00A18
7FC3A
7F45A
00084
00F14
009FE
00774
7F4DC
7F488
7F954
00198
00C80
7F372
00912
00BCE
0096E
0023C
00446
002FE
004D8
0050A
007FE
7F986
7FB12
7FF1A
00196
7FB9C
7F53A
00574
7F81A
7FA7C
7F746
00600
00D6C
00386
7F9CA
7FBC4
00200
00E2E
0085E
0079C
7FD04
00042
7FEC8
00108
7FAEE
00C26
7F0BE
008C4
7FA12
7FD7C
00C2A
008B0
7FC00
00416
7ECF4
7FBE6
00718
7FF9C
7F8AA
00050
00182
003F8
0012E
7FD86
004D6
7FAA6
7F94A
004B8
7F800
007C4
7FCF0
7FDE6
00D22
00550
00D0C
7FCA4
7FCDA
7FCEE
7F7B6
7FE6E
7F8B6
7F2F6
7EF0A
0005E
7FBFC
00654
00C90
7FE88
7F46E
7FDD8
7FB30
0072E
0126E
7F7AA
7FA84
0094E
7FFA2
7E2B6
0064A
00120
007F4
00624
7F988
7FD32
7FF4C
7FFCC
7FA64
0001C
7F732
01C3A
7FC9A
00522
7FAD8
7FFE0
7F62A
7F578
00600
000E0
7F782
7F8F2
00A72
7F072
0065A
00A0A
002EA
7F704
7FDE0
7EEC8
00554
00160
7FFCE
7FB10
00000
7FAE2
0069A
000E6
001FE
00AB0
7F9CE
7FB7E
7FF68
7F8C2
7F9FE
7FEF4
7F896
00C00
7FA08
7F36A
001FE
0163C
7F92A
7F4C8
7FC5E
009B4
7FE54
00540
01104
7EEBE
7F87A
7EFC8
7F970
7F986
0001C
0096C
007FA
008F4
00654
7F7CE
7FF2C
7FBBE
7FF36
7F93C
7FC92
7FB48
00200
7FA28
00096
0037C
7F882
005F0
7FC00
7FB9A
7FF92
0005E
7F48A
7F67C
7F746
7FBA4
00442
7FC0C
7F6EE
00AA0
0028A
7FDA0
7EE3A
00AD0
00202
7FCEA
7EC9A
00186
7F634
7FBDA
7FB04
00A34
00F00
00504
7FF98
7FD42
7FB6C
001A6
7F988
7FCD0
007FC
7FF9A
7F3B8
7F710
7F70C
7F7A8
00500
7FE4C
7FBC6
7FC30
00832
7FA68
7F6AE
00A0A
0032A
0048C
009E2
00900
7FF3A
009E0
00658
00404
7FE40
7F4A2
000EE
00164
00266
7FA9A
00364
00866
7FF54
7FB2E
00000
7FEFC
00806
7F3E0
7FE42
01334
00930
00846
00DA6
7F352
000EE
000DE
7FD64
00500
7F18C
00672
007FE
7F5AC
00326
004C8
00038
7FC8C
7F860
0064E
7FE56
7F2D6
00032
7FC72
00114
000B4
002E8
7F674
00000
7F91C
00564
009E4
7FC16
7F548
00416
7FB36
00258
7FFF2
7F730
7F678
0029A
01220
00748
7FD30
7FFFE
00E4E
01064
00928
00570
00336
00000
003B6
009A6
00734
006B4
00080
7FEEA
7F68A
7FE96
7F868
00C00
7FD9C
7FF5C
7FBEC
7F746
7FEE8
7FD1A
00B88
7FF66
0033E
00334
0038A
7F9C4
7F96C
00B3A
005F4
7FE00
000F6
7F82E
00748
7FDCC
7F03A
7FB10
00138
7F020
7FE52
7FC7C
7F66E
00040
005D4
002F6
0011C
003FE
00162
0032A
7EF56
00786
7F19E
7FCE8
7FD58
7FC98
7F5BC
7F47A
7FA94
001C2
00800
004E8
0013E
00204
7FB48
002F4
7FDD2
7FB64
7ED6C
001F8
0188E
003E6
7F8CA
7FE38
7F934
00C2C
7FF5A
005C2
7F6D0
00800
0076A
7FD58
7EE1E
008D8
0091C
7FF82
7F820
00440
0005A
7F70E
0000E
7F9D0
00068
7FED2
00584
011F4
00BD8
7F890
00598
002E8
007A4
7EF40
003FA
0055C
00DCA
7F898
000BA
7F62E
00720
7FB9C
7FD88
7FC00
7F710
7F8C2
7F992
7F05A
003F8
005B2
7FE14
7FBCA
0039A
004F2
7F680
002AE
7FD92
002FE
000CC
00200
7F962
7F612
0065A
7FBDE
7FD8E
7FB78
7F364
00294
7FAA4
0069E
0051E
7F57C
7F866
7F2A4
7FE86
00000
7FC2C
7FA78
01490
004F8
00632
00394
7FB4E
00682
00242
7FB8A
00008
00640
7F3B8
00C86
7FA4E
003F2
001D4
000F2
00CB2
00A5E
0033C
003C8
001CE
7FCD6
7F9E6
00098
7FDEC
7F5F8
7FDE4
7F852
7F74E
007FE
00156
000B0
002E2
7FA90
0093E
7FE00
002DE
7F5A8
00F80
007B4
006AE
00486
00624
007B4
7F4AA
003F4
001F6
00BE8
00000
0060A
7F24E
002D8
7FFD2
7F72C
7FE30
003F8
7F8EE
00F10
7F814
7FB88
7F850
00A00
7F2A2
7F9A2
7F650
7F650
002E0
7FD92
0028A
00258
7FF50
7F78A
00CD2
0002A
007A2
7F7FE
00292
7FA00
00470
00050
0067C
7FB88
0068A
7F1AA
7F1D4
7FD2C
7FD44
7FF64
7FCBE
00338
7FBEC
00026
00ABC
7F602
0078C
00930
004A2
7FDB2
0071A
007B4
7F812
00DA6
7FB92
005A2
007F2
7FBD6
7F836
7F8DA
7F7DE
7F602
00C6E
00280
00098
7F878
7FEDA
7FEB8
7EE66
002D4
00CCA
7FDC8
7F310
7F8C6
004D6
7F95C
7F95A
00C00
0003E
7F90E
005CA
008C2
7FE60
7E852
004CE
0028C
00724
7FBF0
00450
003A2
007FA
00064
7FEE4
001FA
7FDB8
002C8
7FAD2
0057C
0049A
00782
00A48
7FD6A
7F740
7F794
7FBCC
00600
00364
005A0
7F06C
7FFFC
009B8
7F952
0108A
00206
0039A
00896
7EF12
0055E
00C6C
005AC
7F078
0097A
7FE1A
7F708
001B2
001FA
00048
00784
000EE
7FFA6
00156
7FF8A
7F4A6
7FAA0
7FD20
01A10
003F6
00CC0
7FE7C
7FAE6
7F59C
7FE00
00822
7FB2A
00686
7FC60
00126
00298
00C72
00256
0102C
007F4
7F6E6
00D3A
00D72
0058C
7F852
005FE
00E18
7FDD2
7FD7C
00348
7F8E2
00626
7F3F4
0059C
7FC68
0037A
7FE66
7FB90
7FEFC
0008C
00560
7F600
7F93C
00542
7FA98
7F736
00216
7FF22
003E0
00DA6
01024
0012C
00204
7EBEE
00194
7F7D6
7FB5C
005FA
0083E
7F0C8
7FFA4
00124
7ECD0
00916
7F30A
7FA54
00D34
00456
015A4
00348
00722
7F116
00446
00200
7FFA4
001DA
00EA6
0030A
7FD44
004A6
7FE0C
00CC8
00B6C
7FF4C
00670
00816
000E6
7F590
012C0
007EC
7FB24
002C6
7FF6E
001BE
7FFA0
006B2
7F514
00706
7FD3E
001AC
7FFD6
7FAAE
004A6
7FC96
7FB6A
009FE
00192
0022E
00A94
7FA3A
00F72
00A40
00394
7F352
7F49E
7F74A
011CE
7F2CE
00490
0009E
7FD46
7FC0A
0017E
00464
7F0A2
00110
00B74
000D2
0011C
7F8EA
0095A
7FC5A
7F99A
7FA86
7F902
7F6A6
00130
7F800
0009C
7FFE4
00256
001EE
002DE
7F792
00068
7F896
00746
7FBDE
7FB1E
00436
7FB78
00260
01014
009FE
7F786
00BAE
0038E
008AC
00804
00FCA
0034C
00510
7FE36
00780
7FBB4
01266
00950
7E982
00D42
7FBFE
7FBF8
7FD0C
0046E
00068
00F70
7FD82
0069E
7FB6A
7F284
7FCBC
006BE
7F07A
7F340
00B12
0182C
001FE
7FD94
7F760
7FAD2
004FA
00036
0066E
007DA
7F6F0
00B00
7FFE0
7FB58
7F8E8
7F8B6
7FDBC
7FA38
00400
7FC5E
7F716
0083C
7FB58
00836
7FFC6
7FA62
7FC10
004D4
0025E
002C4
004C8
00294
7FF70
0096C
003FE
00330
7F908
0057C
0058A
00642
00D24
0017A
7FA60
002DC
00572
7F304
00D44
006D8
7FCE0
008CA
7FC00
00746
002C6
7FA80
00AF8
00816
7FFB4
7F644
7FC04
7EF70
7FEDA
007B4
7F3EC
7F0FE
7F1B0
7FB9C
003FA
01050
0051C
00B7E
00C04
7FFAE
7F6A0
00174
005AC
7F658
7F152
00A08
001F8
00A98
7FEB0
0033E
00800
7F604
0012C
006D2
001E8
00D9E
7FE60
000D8
7EE12
000D0
7FE58
0002A
000E6
7F804
7FA96
00F0C
009EA
00042
00774
0018E
00CE8
7F678
7F12C
002EC
7FE98
00986
00058
00116
7FBE6
006E8
0046C
00B14
00400
7FE4C
7FEE2
001FE
0058E
00294
7FBA8
7FFCC
001DA
7FA04
7F454
7FF7A
7FC4E
7F35C
00896
00338
7F9FA
00CC6
7FBB6
00A6E
00B64
7FE10
00180
00DA4
00168
005C6
7F9AE
7FF1C
006EC
7FD7A
7FBBA
7FC96
00E00
0015E
002D2
7FC70
00998
7FBAA
00D62
7FECE
00772
7FF46
7F4E4
00098
0002A
00ECA
00334
0037A
7F80A
00282
00044
7FD9A
004F4
0076E
000F0
0057A
0075E
7F63C
00374
00C7E
7F046
7F598
00EDC
00906
005FE
00D20
7F84E
01074
007F0
00096
7F340
7F76A
00496
7F392
7FA78
0015A
00962
7F180
00B92
7FC7A
7FC08
005CA
7FCA0
7FEB2
00144
7ECEE
7FB26
7FC34
00492
7FB58
00528
0036E
00DF4
7FE54
7F59E
003B8
7F400
00A78
000F2
00EDC
7F0A4
0057C
7FE92
0035A
7F7C2
00218
7FD04
00516
00656
7FF18
00A56
7F856
7FA00
7F7A0
7F506
00206
7F8B8
0041E
7EDFA
7F882
00C3C
00238
7F030
0039E
003F6
7FF78
00040
000F2
00000
0056C
00308
7F4FE
0062E
00100
7FE24
005F0
0003E
7FC72
00300
7FB10
0007E
0017E
00CF2
7F954
7FA00
7FE24
7F700
7FFC8
7F874
7EFB8
7FEB0
7F888
003C0
004E6
7FFCC
001E2
7FD34
7FA4A
7FF14
007BC
7EE00
00454
7FF8A
00804
7FBBE
004F0
000D2
00AE0
001A2
0049C
0091E
00D04
004F6
7F75E
7F84E
00AA0
7FE00
7FE82
00A92
7F94C
7F628
00306
001E2
004AE
7F9AE
003FA
011CA
7FEEA
7F7EE
00060
7FF40
00156
005FC
7E9C8
7F7BE
7FD3A
0070E
00690
000B0
00BFA
7F65E
000B2
00912
00E3C
00B6E
7F248
003FA
001D4
7FDFE
00510
002CC
005A0
00704
00BF0
7FC96
008D0
7EE58
7F9AE
7F738
7F634
00790
006B8
0046E
7F90A
7F800
7F9E0
7FA3E
00124
7F21A
00380
7FD4E
7FF3C
00E80
7FDE8
7FFCE
7F3AA
009E0
7FF80
002A0
7FFEC
7F806
00232
7F64A
7FD4C
00412
00802
007A8
0025A
7FE02
006A0
7FAEA
7FBE0
7F8D2
7F856
00DD0
7E97C
7FC00
7F6EE
7F498
000D8
7FEA4
7FEAE
7F940
7FC14
7FD84
7FD92
7F200
008F0
7FD56
7F0BE
00770
009B8
7FC06
7F9D8
002F2
0051C
00330
00650
7F33E
00CBC
7FDFC
010E8
7FB42
00332
7F7EA
006DA
006A4
0026A
7FC00
006F6
7EDA0
0049A
7F6F2
7FFD4
7F324
7FF96
7FFC0
001EE
7FED0
000FC
005E0
7FAC0
7F996
002F6
7F20C
0045E
00026
003B2
002B6
7F9EC
7FED8
00568
7FD6C
7FADA
7FDB4
00640
0078A
7FC16
7F9F2
003A0
00BFE
00C7C
7FA8A
7FEC0
7FDAA
7FC26
7F200
003CA
00824
7F0BE
00D6A
0004A
00D6C
00090
7FE32
002E0
7F61A
7FCA2
00126
7F364
0086C
7FE30
7F0BA
7FCEC
7FA94
00954
00CB6
7F2B6
7F52E
008FA
7F9A4
7FC2E
7FA00
7F3DC
7FAB4
7F37E
7F6BE
7F468
7FAE4
00C90
00696
7FBFA
7FD24
00CA2
00A10
7F832
7FC5C
7F5F4
7FC00
00694
7F7D6
00750
7FC2E
7FF60
00136
000C4
7FCF0
7F874
00A7C
7FDCC
7F486
00488
0037C
7EBD8
00200
00BE6
7F9AC
7FBB8
7FA6E
0039A
00340
7FE64
00968
7F728
008A6
7FA52
0026A
7FFE8
000E2
7FB96
00000
7F522
7F52A
7FB5A
7FAA6
005CE
008A4
7FB0A
00B10
7F254
7FE5A
7F95A
006FE
00CCE
00744
00BD6
7FA00
007A8
00374
7F892
7FDE6
7F5FC
003B0
002F2
7F732
7FE76
0009E
7F2CC
0014E
001E8
7F988
00288
7F60E
00252
7FEE0
0018A
00354
7F57C
7FDD0
7F3B0
0032A
7F20A
7FF8C
7FA46
7FE0C
00664
009E6
7F5BA
7F9FE
7F9F4
7FC0A
00C34
7FECC
7F8CC
7F9CE
00AE2
7FCD8
7F258
7FAF8
7F57C
7F90E
7F97C
7FAC8
7FF94
005FA
01184
004EC
7F512
00FE2
0077E
00CA4
007E4
008CA
7F7B6
7F194
7FB6C
00792
0027A
009B0
00560
00600
00A04
7F8A0
7EB6A
00D18
7F97E
7FB22
004FA
7F8AE
0075C
7FFA0
0073C
00018
7FBC4
7F924
7F34A
7F610
7FC2C
7FDBE
7F820
7FC64
004BE
008E0
009D0
7F80A
00980
7F414
008D0
7FDB6
7F396
00904
7F85A
00E00
7FEEE
003B4
7EF38
7FB5E
00414
0149E
00BAC
00F3C
003D8
7F94E
7FEFA
7FD10
7FEDE
7FD76
0005A
7FE00
7F6C8
7FB88
0021E
7FB26
7ED76
00828
7F8F2
7F7FC
7F5E8
7FD70
7F5AA
00512
7FB54
7FF5C
00748
00000
008A2
7FA98
00258
7F16E
001A0
001DE
7F3AA
7F9B8
00B26
00020
00856
0005E
00BE0
00520
00A48
7FA06
7FA76
7F532
7FB7A
7F4F8
7FA4A
00356
0063A
00634
7FE5C
7FF50
000E2
7E78C
7F30E
00328
00D54
00BFE
7F7B2
005BC
7FDFC
002B0
003B2
00790
00BA0
00236
005CC
009F0
7F854
00156
00934
0100C
000F6
7FA10
7FB38
004EC
7FFA8
7FF1C
006DC
7FD7E
7FBE8
7FDBE
00A42
7FC28
7FC5C
00EB8
00118
7FD4E
00C48
7F200
7EF56
7FADE
00E12
7FD20
002A4
00AEC
01574
7F584
7FD9C
000EC
002EE
7FA8A
0017E
005AC
7FA1E
7FE00
00244
00B9A
7FF94
7FCB4
001B0
00968
00B24
7F8D6
7F088
005C2
00094
7F7E8
7F4CA
7F5E8
7F4AE
7FA00
00568
7FA3E
00C0A
00484
00216
7F270
7FD8E
0067A
7F14C
00292
7FD10
7FBCE
7F378
7FE38
7F28C
7FE00
005C6
7F3F8
000F2
7F9A4
7FB92
00486
0038A
7F32E
00872
0020E
00018
009C0
00F92
7FAE4
001A6
00800
003CC
011D0
00D56
7FFCC
00526
7FAC2
7FA22
017E4
7EAE6
7FBC6
7EB9A
00912
00792
7ED70
0036E
7FE02
7FD38
00DE4
00224
7F726
7FDF8
7FC1C
7F90C
00366
7F98C
7F68E
00842
7FBA2
004D0
7FD62
0032E
7FBFE
00D0E
7F74C
00098
0037E
00C14
7F0AC
7FB24
00410
7FE60
7FE24
00720
00484
00978
0099E
00414
7FE02
7FD5A
7FF88
7FDFA
7F59E
7FDEA
0087C
00AE6
0008A
00B24
7F8F4
006DC
006B0
00388
7FB88
00BFE
7F800
7EC58
002F2
7FC74
7F88A
7FF22
0053E
7FD58
009AC
006BA
7F90E
00408
7F4C0
004F0
7EF78
00186
007FA
01302
00AE4
7F9B8
7F99C
7FF1A
00DA0
00756
7FFFE
003AA
7F7AC
00638
00E0E
7F7A2
0049E
7EA8E
7FFFE
7F7EE
00038
7F676
0051C
0006C
7F9B4
7F400
7FE5C
7FC26
7FC52
7F69C
00000
009D4
7FFC4
7F8F8
00800
7E966
002CE
0039C
7F8C6
7FDBA
0045A
00544
00000
7FDB2
0020A
00A36
7FD2E
7F88C
7FB2A
00194
00000
00494
7FB22
7FE28
7F58A
7FF18
0062E
7FB38
7F60C
7F66E
7F1FA
7F768
007DC
00C54
00C16
00534
011E8
00144
7FA06
7F82A
005F8
7FAE8
7F16A
00CB2
7FA9A
7F5FC
0115C
7F50C
7FB52
7F13C
7F89E
005BC
7FBFE
00B66
7FC9C
7F9A6
7FFBA
7F1CA
00BA6
7FA6E
009C6
7F674
00918
7F3AA
00880
00154
7F9BC
0010C
7FA0E
0029E
000AC
008CA
7F4F8
7FD7E
00A4A
00530
7FD66
004A4
7F112
7F544
0042E
7FCB0
003DA
7FE2C
00400
7FE3E
7F86C
00658
00C58
7F484
01384
7EE20
00110
0050E
7F73E
0045C
7F6DC
7F762
00BDA
008B0
7FE00
0081E
7F936
00CFE
006DE
7F85A
7F114
7F99C
00096
7EE46
7F814
7F7BA
7F85E
00270
7FF54
00326
7FFFE
003E8
001C0
0038C
7FD50
7FE06
7F606
009A2
7F2EE
7F980
7FB8A
005DE
7F77E
7F658
7FC6E
00754
7F602
7FDD4
7FCA0
00750
7F778
00BCA
0055C
7FDDC
00368
00662
00526
7FB20
0014A
7FDDA
7F862
00246
00200
7FD52
7FD32
0008C
7F808
0075C
0094E
7F956
7FB2C
009F6
00326
00378
00970
7F37E
7F438
00056
7FA04
7F83A
002BE
7F620
00270
7EFB8
001D0
7E9F0
7FC5A
003A4
7FF1C
7FC8E
00594
7FFC0
009D4
7EC6E
7FE00
00092
00E7C
00874
7F5E4
7FC8A
00044
7FF46
000D4
00380
7FAA8
0025A
002F8
7FDBA
00310
004B4
00602
005C2
7F72A
0073E
007A6
7FC30
7FA40
002D8
007A6
7F992
7FD68
7FDD4
7F5F4
7F8A8
7F930
0029C
7FC00
012A8
7FD60
00736
002BA
7FE2E
7F61E
7FA1A
7F7BC
7FB0A
002FE
7F688
000DC
7FC78
0036E
00CD2
00200
00646
0086E
00A22
7F88C
0048A
7FC2A
7F694
7FBCE
0039C
7F6AC
00306
7EC4A
00180
7EFB4
7FCD0
7FC00
7FDE2
7F60E
7F956
7FB9E
0055A
00406
7FBF8
00046
7FE74
7FDDE
006B2
7FE7C
7FBD8
7F9C8
7FE00
7FE02
7FF46
0041E
7FCBE
01104
00544
7F9A4
7F492
0043E
7F804
00874
0039A
7FC7E
7ED7E
00318
00BC0
7FA00
00054
7FB46
7FE5C
7F6FC
0105A
7FE04
7F866
01B70
000F6
0040E
00BF8
0041A
00A9E
7FA6E
0020A
7F212
00546
0011C
00B6A
00CA6
0017C
01094
00650
7FD2A
7FA56
005E6
7F622
7FE0C
7F874
7FF5E
005CE
005FE
0018C
0037E
7F904
005C8
00112
7FEFA
7FCB0
004B0
7FBC0
7FDB8
7F37E
0073C
7FCC0
002F4
7FD00
7FE02
7FEFC
00810
7FD2C
00688
7FBF4
0059C
0044A
002D4
002CA
0003C
00A5E
7F6B4
7F184
7FFE4
7FB28
7FA00
7FFE6
7F8C4
7FEA8
7F964
7F644
7FC6C
7FAFA
7F72C
00866
00178
7F5C4
00878
00448
7F566
7EA1E
7FA00
00004
7FA6E
00F98
7FAEC
7F4A4
7FAC6
00048
7FCD4
000CA
7F70E
00656
005AC
0105E
7FF94
7F6B4
009FE
00A38
7F504
7FE74
7FE9C
003EC
7F87E
002A6
7FCD2
00B2C
7FC6C
7F7D8
7F786
0071A
0115A
007D8
009FE
004CA
00222
7FCAE
7FD14
001A6
7F406
001F2
7F72E
7F804
000B6
7FDFA
7FA54
7F86C
015F2
7FC2C
7F600
00330
0048A
7FF58
7FB7E
00300
01392
004BA
00168
00114
00AB8
00C7A
7ED34
7FB1E
006DE
7FD44
7F7FE
00B06
7ED9A
7F628
7FC62
00A4A
7F9AE
00060
0003C
008E2
0034A
006F8
009CA
0062A
7F92E
00040
001FE
00A02
00AA6
7FDA6
7FADE
003B8
0016A
7FEB6
7FE90
7FFF8
0038C
7F890
0038C
000FA
7FE8A
7F79A
007FA
7F90A
7F7DE
0080E
00542
003B0
00C94
7FADC
7F7BC
00FFE
7F9B2
0040E
7FD7C
7FDA4
0061E
000E0
7FA00
7FCD6
0031A
7FB64
7FA2E
00006
7FE5E
7FDA0
7FAE8
00188
004D8
7FB40
7F350
00720
004CE
0089C
003F6
0060A
7FADA
00D3C
7FCC8
7FD18
7FB40
0072E
7F54E
7FBA8
7F7A8
0060A
009CA
7F056
00120
001E0
00200
7FDAC
7F586
0076C
7FDE2
00256
0072E
7FD86
00906
010E2
7F580
004B4
00CA6
7F852
0027E
00A5C
007F4
7FD9C
00222
7FD4E
7FB34
7FDDE
014CC
00BC2
00EBC
7FEE0
7F852
00134
7F62C
0079C
001D0
00804
00800
7F844
00806
007B6
006E6
7F656
00B8E
7F4F6
00442
7FC5A
7FDCC
000DA
00456
7FA1C
00C10
00260
005F6
7FA42
00186
7FFE6
0009E
7FD82
7FF98
00618
7FE9C
00412
00324
7F654
0027C
00730
7FDE0
00FA2
7F800
7FDB0
00178
7FFD6
00114
7F960
00E98
7F932
7FBC0
00C54
7F9D2
00740
006E4
7FABC
7F73E
00564
009E2
003AE
7F4F2
00108
0074E
7F150
00164
00A70
00164
010E2
00524
7FDC2
7F24A
7F3CA
00384
004D4
00000
7FD2E
7FBA6
00074
7FC48
7FA5C
0007E
00C4A
000D4
7FF3C
005FA
7FCF6
7F24C
7F8C2
002BE
00638
7FC00
01028
0014C
00328
7F9E4
7FEAA
7FFC2
00264
7F984
00526
7F9C6
00826
7F826
00832
00D8C
003FA
007FE
00316
00164
0078A
7F4E4
00CA0
0000A
00734
7FB2C
7F8B4
00A32
7F002
7F390
008FA
7FB2A
7F09A
00BFE
7FEF6
7F8B0
0088C
7FCF2
7FF48
0020E
7FFA0
00A7A
00384
00F02
00728
009FC
0011C
00230
7FFAC
7F600
7FE84
0087C
7F0E8
7F82E
009CE
7FB0C
7F98E
00BF0
006F4
001D8
7FD82
01084
7EFD0
00A30
7F6EC
7FA02
00A18
7FB32
7FE54
7FCC4
7FC16
006AE
7F88E
7FED4
7FC08
7F81A
7FC7A
007AE
0054E
00700
7FC16
009FC
7FBA2
7FC3C
7F37E
007CE
7FEA4
7FDE6
005AE
00BEE
7F600
7FBDE
00296
002AE
00496
7F934
00256
005F4
00630
00366
002EA
0033A
7FFCE
7F85E
7FC90
7F92C
7FC7A
7F6E0
7FDE4
7F500
001EA
7EDA4
7F666
00600
7F7C8
00D42
7F9CA
7FB68
00946
00800
0088E
00698
7F688
7F50A
7FE3C
00A76
7FA56
001A2
0036C
007F2
00366
01436
001CC
7F486
005E4
00400
01050
7FE9C
00A12
00AB6
0057E
7F248
7F036
7FA7A
7FB8A
00600
0021C
7F696
7FD0C
00EB2
00CF6
00116
7FD64
0095C
7FCC6
7F75A
012F8
7F208
00244
7FECA
7F79E
7FBF6
00186
7F8D4
7FF70
7F97C
7F5AC
003C6
009AC
00168
003DC
7F7D6
0113E
7F958
00170
7F432
00940
00000
7F6DA
7FE1A
7FD78
0109E
7F542
7FE48
7FE46
00516
00088
0089C
7FFB4
7FB4E
01452
7F96A
7F488
7F612
7FEFC
7F336
7F592
7F828
7F244
7FB2C
7F8AA
00110
010CC
7FC12
00484
7F262
0066C
7FDDE
7FF94
7FFFC
7F6B4
7F39C
007DA
7F3C8
7FBEA
000D6
7FB56
7F704
0058E
00682
0077C
00132
7EB7E
00230
0037A
7FA0E
006D8
00A24
008FE
7FB80
00124
00B48
7FF3E
7F2EE
00C58
005A0
0071A
7F932
7FEAA
000CC
00044
00C00
7FDCC
7F5D6
0027E
00050
003B2
7FCE4
7FEE6
7FC56
00328
7FCCC
003E0
0065A
00A84
006C8
009A0
7F402
00AE8
7FFBC
7F34A
7F6BE
00340
7F6A2
002D8
7FCD2
7FCEE
7F4B8
7FCB8
7FB7C
009EE
7FB48
001D2
7FFFE
007D2
00D24
007E0
004A6
7F836
0053A
7F060
007A6
7FE06
7FE58
001A6
0034C
7F548
7E670
7F7CA
7F800
001EA
00BE6
7F604
7EC4A
00D26
7FF3E
7FB6C
7F72C
7FF70
7F186
7FA12
002DE
7F9F0
00F7C
7FF32
01400
7F694
7FD74
00ECA
0052A
7F8E8
004D0
0037E
7FB30
7FBC0
00758
00268
01086
00388
7FE10
7ED16
7FC06
00300
002DE
004A4
7FC0C
00888
003A2
7EEBE
007A0
003A2
7F4CC
7FA72
7EAD0
00C5C
7F73A
7F6FC
7F800
0075E
00780
7FB58
00218
7FBCC
00506
7FEB6
000D2
7FB7C
00094
7FBDE
00454
7FC84
7FBBC
7F724
7F800
7FAA6
7F5D6
7FDDA
7F4B0
7F694
0001C
7FBA4
7FC58
7FE30
7F5A0
7FC88
00842
00B0C
0114E
7F666
7FA00
7FDEA
008B2
004A2
00520
7EF0E
009AC
006C0
0096A
7F9B0
00578
7F77C
7EE14
7F528
7FB98
7F80A
7FBFE
00AE6
7FF90
005A0
7FAC2
7FE1C
003D2
7FF48
00042
0026E
000FE
005C8
7FD3A
7FB8E
001F0
7FA5C
7FE00
00186
00CC0
7F24E
0047A
00168
000D4
7FC08
0068C
7F046
7FE2A
0097E
00298
00B6C
7F61E
7F9D2
003FA
00E50
002D4
7FEB8
0038E
7FB1E
004EE
7FC82
7F7BC
00642
01348
00966
00A0A
00EC6
008F8
009B6
00600
7F812
7FE82
0012C
7F18A
00360
00220
7FC50
7E9BC
7F54C
00830
007B0
7F86C
7F4AA
007B6
7FE2A
7FA0E
7FBBE
00A5E
006DE
01666
00576
7F9CA
7F896
7FFFA
000DE
00B16
7F648
0109C
7FBDE
007B0
00974
011FE
00242
00146
00346
0018A
7F3D8
003C8
0006E
0061A
0000A
7F9EC
01152
002B6
7FEDC
0006E
0014E
7FE02
7FF7A
7ECDC
00116
7FE78
0082E
7F75A
7FB48
00000
7F91A
00BC2
7FF94
00C36
006AC
0091C
00B2C
7F400
7FBDE
002CC
7F59A
00106
7FB52
7FBB2
7FCBE
0032A
7FD7E
0074E
007F8
005FE
00042
00A22
7FC0A
00400
7FBB6
00EFE
002C2
7FA12
00AAA
0009A
7F81C
7FA00
7FCBC
7F79E
7F944
00600
00D32
7FB4C
7FF4E
00000
7FD40
00386
7F8AE
7F550
7FA92
7E916
7F58E
008D2
7E9E6
7F56E
7F3E2
00600
002A4
00C3A
0094E
7F800
7EF28
7FBA6
00006
00796
00102
009A2
00168
7F9FE
005F6
7FAAC
7FE82
00600
00044
7FF4E
00AD8
00400
00498
00342
00AAE
00386
00632
0052E
009BC
7FD24
7F91A
7F5A4
7F13A
00EBA
00524
7F9B6
00914
7FFFC
002EE
7F0E4
7F448
7FDB0
0063C
7F82E
0003A
7EB96
007B4
7F7B4
7FB42
7F7FC
7FCBA
006FE
003A0
7F400
7FAD4
00118
00162
00470
00512
00D40
7F93C
002D0
7F6BC
7F746
7F8F4
0022A
7FB82
7FCF6
7FE68
7F00C
009C8
00066
00774
00A40
7F564
7FAFE
7F6BE
7FC7C
7F104
005C4
00774
7F716
00706
7FCA6
00638
00A00
7F60E
7FA72
007AA
008E0
005AE
7F530
0123C
00B52
003C4
00058
006E2
7FCB0
00246
00676
7FAE4
001F8
7FF38
0059A
00294
0083C
004F6
00D1A
009A4
00748
7FD70
7F94C
7F856
0066C
7F882
7FC1C
001C0
7FA00
002CC
7F7C2
7F65A
005E6
7FBBE
7F708
7FA50
7F4B2
7FAFC
7FE6E
003FC
00A14
010F0
001F6
7FF5E
001FC
7FCB2
7F83C
0093A
000DE
004DA
7FB6A
0087E
7F0AA
7F87A
7F7FA
012EE
7FAC0
7FF82
006B4
00520
7F600
001FA
7FBE0
7F99E
7FBD0
008FE
0012A
002DC
7FDA2
009D8
002A4
0096A
7FB3C
00F5C
0022A
7F74A
005FA
7FDAE
7FDCE
00394
00778
0074A
00288
7F518
00B44
7FF32
00996
00ABC
0015E
0048E
00576
002A2
7F600
005A2
00F7C
7FD3C
0053C
000BA
0001A
00EA4
7F264
7FE06
7F9C6
0144A
00396
7EF4E
7FEAC
7F7F6
7FE02
7F71C
00C54
7FCC0
7FF5A
00460
001D0
7FBCC
7F4AA
00C80
00468
00712
7F7DE
7F768
7F422
00530
00600
7FBE6
7FEA6
00990
7F806
00688
7F8D6
7FE6C
00750
007C4
00570
00288
7FE9E
00444
7FCCC
7F4D4
7EE02
00DCE
7FDCA
007B0
7FFA6
7FCB8
7FF36
00920
005A6
00B74
7F928
7F73C
7FF42
7FDE6
7FD9C
7FF48
00DFE
0021C
7F1A8
00394
006CE
7F868
7F498
00584
7F0B2
7F844
7F018
7F7C2
01384
0073A
0057E
7F598
005FE
7F762
7F9E8
7FBEE
7F986
0025C
0000E
7F5DA
7FA58
00C9A
7F952
7F904
7F69A
7FD44
00368
7F812
00400
00B88
7E952
00C54
7FE20
00036
7FA58
7F8D2
7F528
0098E
00B8C
006C6
00288
7F4A6
002F8
7F902
7F008
7FDC4
7FBCE
0019A
0070E
00148
7FFDE
001C4
003F8
0048A
00B8A
7FC5C
7FC3E
7FD34
7F808
005DC
7FFFC
00204
7FE8A
005B2
012F2
7FC28
7FAEC
006B2
7FAD6
00C86
7FB1C
7F078
009E2
7FADE
7FEDE
7F794
003FA
00390
7FDD0
012B4
00FAA
0096E
002DC
00BE0
003FE
7FCEC
7FC62
00C9A
7FF46
00586
7FE22
7F5B0
00600
7FD34
0081A
002FA
005A4
7F4B8
007EE
7F8C0
00EBE
7FCBA
7F5AA
006BC
7FEA8
7FEEC
7F30C
00A8A
00002
7F722
7FDF0
0031C
002CC
00478
00D02
7FF54
00632
7FF58
7F5A0
7FB60
7F544
7F2FE
7F234
7FF1E
009FE
7EE98
7FA0E
7F414
7F78A
0045C
007B0
7F846
7F550
0056C
01066
7F9B6
00778
7FA6E
7FB24
7FCB8
7F804
003A4
00584
7FC26
7FFEE
00D7C
7FF8C
7FEFA
7FDBE
7FC82
7FEAC
00934
7F4A6
003C8
00354
7EF14
00C00
7FF1A
7FBFC
005B6
7FC86
00570
0085E
00574
7F7B6
008F0
7FB7C
7EFAE
7F93E
7F3EC
0032C
7FD90
009EA
00094
000E8
7FF94
7F9C4
7FA02
7F7EC
7F6C2
0095C
001BE
7FE52
004C4
00D08
7F086
0128C
7F9AA
003FC
7FDF4
7F9A2
00670
7F9B2
7FC52
7FAC2
00A90
00032
003BA
00012
7F6D0
00758
7FEF0
7F584
7FAF6
00DD6
7F93A
00984
7FD60
007C2
004AA
00502
004D4
00690
005E0
00606
00032
00A28
010AE
7F4C6
00D3C
7F600
00A5C
7FAF6
01188
012AC
00282
7F57A
7F91A
001C2
7EB42
00068
005FE
7FD34
0027E
7F954
00F6E
003FE
7FC82
008CA
01362
7FE6C
7FD04
00496
00630
00112
00B6A
7FC00
7FAE6
7F3D8
006C6
7EF86
00234
7FE00
7F88A
00296
00074
7FAFA
7FFDE
7F504
7FE16
00A3C
7F556
00342
7F72A
7FAC8
7FEE2
00A62
0038E
007FE
00B0A
009A6
7FB34
003EA
004EE
000EA
7FF7E
7F2EE
0098A
01050
0075C
00428
7F384
7FCC4
00DE6
7F800
7FB8E
00128
00AF2
7F864
7FC46
7FCBA
7FA6E
00206
006A2
7FEF8
7F4B8
00B22
7FF0A
004AA
7F670
7FC04
7F932
006BC
7F8C2
7F8E0
002D6
008E8
004AA
000D6
7FED0
7F34A
001E4
7FAA8
7F7B6
00838
00186
7FBFE
006D4
7FA10
7F32A
00D38
7FFAA
7FBEA
7FD60
001FC
006A0
7F710
7F27E
00816
7FE2C
7F844
00860
7FFFE
7F798
00956
005FA
0017C
7EF3E
7FE72
7FCCA
7FB30
7FBF6
00B60
7FED2
00208
001C6
7FAC2
0019A
00000
00390
00920
7FDEA
7FE06
7F260
00848
002E0
7F8EA
7FBA0
7FFC2
00040
00230
7FB80
7FACA
7FE7E
009F0
000FE
0069E
00350
7FBB2
00200
00312
7FE04
7FA1C
0034C
7F81A
00DDE
7FCC2
004F6
008BE
009BE
013FE
7F4A4
00826
7F5BC
004C4
00726
004F0
00D9A
00708
009BE
7F872
00826
0009A
7F6E4
7FA0C
7F7FE
7FA04
00EF2
7F8F2
7FB86
0017A
7F1C6
00552
7FD50
00DEA
0059A
7FECC
7F706
00068
004BA
00CA0
7F422
00800
00BC6
7F136
005BA
006B2
7EBF8
7FD3E
0051C
7FB24
7F29A
7F72A
7F474
007F0
7FE6C
0031C
7F884
017DE
004D4
00ABC
7FDE4
005D8
7F97A
0062A
00AA0
7F6B8
00008
001CE
7FBC6
7FB04
007AC
005F0
7F3DE
003FE
00320
7FC72
7F586
7F93A
006D0
7FB62
7F5F6
000E6
7FDF2
7FC92
00620
7FDAC
7F6A8
7F9D0
7FA26
7FC08
002A6
7F7B8
0034C
7FA22
7EFC4
00132
7FCB6
00D4C
7FFBA
7FA7E
7FD82
7FF56
000C6
7FD2A
006E4
00A00
0001E
00AE4
7FBEE
7F772
7FC1C
0055C
0047C
0072A
7F2C6
00B6A
7F6AE
7FAF0
0028C
0053A
00048
7F600
00C42
0054C
00408
7F70A
7F46C
0040A
7FCA2
0027A
00E9E
00EE4
00684
00564
7FB6E
005CC
004D6
001FE
0015C
7FCAC
007AA
7F93C
7FD8C
00A72
7F808
00CD4
006A6
00466
7F194
00110
00F56
00258
7FB6C
00600
0043A
7F7D2
7F52A
01044
009CE
00770
0002C
7F182
00146
7FC98
7F91E
7F69C
7FF78
7F750
00172
7F600
00738
7FE26
00E14
000CC
7FC08
7FC9C
7FBEA
00000
002FE
7F328
001BC
0068E
006A6
00B78
006CE
00202
7FDAC
00ADA
0005E
7FF80
7F816
7FDFA
7FBB4
7F8B8
7FB04
7F564
7F45E
7F610
00466
007AC
7FC6E
00600
0027A
7FD60
00508
00600
00772
0152C
7F554
00000
7FFA0
0085C
7F9EC
00ECC
7F954
0073C
008F2
7FA08
7FE32
00CE4
00D1C
001A8
7FEC4
00822
7F5F6
00F46
007FC
00BBA
7FAAC
7EC8C
7F5EE
7FD8A
00582
7FE00
00178
7FA4E
7F668
7EC7C
00454
00276
7FD50
00894
7FCDA
7FF2E
7FBDE
007AE
00F88
00A30
7FBFC
007EC
00A80
007E6
7F260
7FCF8
7FE20
7FBF2
00AE6
003EA
00472
7FFE8
7FF34
7FE92
7FDE0
000DA
7F57E
00600
7F126
7FD66
0076E
001EA
0029A
00F02
7F578
00B5C
00512
7F746
7ECAE
011CE
009D8
0060C
7FFBE
7FC06
7FF26
0005A
010E2
7FCBA
7F9D4
0027A
005FA
7F010
00212
009A2
7FBD4
00FB6
0051E
7FEE0
00652
7FE00
0036C
00E18
00B58
7FE7C
003E4
7FA44
006A2
7FB62
003BC
7F3F6
00392
7F422
7F5C0
7F018
7FE32
00000
004FA
000DE
7F7D4
00C52
7F84C
7F6EE
0024A
00762
7FBB2
00880
006A8
00504
00BF0
006E8
7F0C8
7FDFE
00C3C
0043E
7FD76
0022A
00B6E
7FA9A
7FBEC
7F896
002AE
7FFB8
7FA82
00D64
00130
0042E
7FC88
7F420
002B4
7FA3C
01610
00ABC
00518
0068C
7FD54
00492
00674
00624
7FACC
7F168
01006
00246
7FB88
00000
7FBC6
010A6
001A8
00EF8
7FD0A
0010A
00B52
006D4
0033A
008DE
00C6A
00338
7F8B0
7FC40
009FA
7F800
00700
0023C
00214
7FA4C
7EFE2
7FCBE
7FB8C
7FC00
000E6
7F9C0
7FD98
00E56
00AF8
7F690
00122
7FC00
7FD2E
00528
001BA
7FBDC
0074E
7F208
7FF6E
0012C
7FB16
01060
7F814
001F4
00126
00062
7FDA0
00BFE
7FDB4
7FFF2
7FCDE
00ADE
7FE20
0082C
0075C
7FBFE
7FE74
004FE
00040
7FC7E
7ED8A
004CC
004EA
00000
7FC3E
00158
7F7BC
7F2B4
7F612
7FE56
00A1C
0024A
7FB22
7FECC
7F738
7F870
00D14
00636
7FA64
00202
00F64
7FC88
000AC
008CE
7FFC2
000C4
7FD5A
7F6F0
00258
7F7C2
7F78E
7F63A
001BA
7F574
7FF62
7FFFE
0017C
00584
0048E
7FCDE
0061A
7FDA8
7F2A8
7F9C8
7F786
004FE
0034C
004BE
7FAFC
006B6
003FC
7F612
00686
00588
00258
7F7AA
7FE7E
7F59C
000F2
00516
00744
7EB86
7FE88
00C96
00BA4
7FB48
7F732
7EC00
003BE
006BA
00586
7EE64
7F9E0
01214
7FA76
7FE16
00A16
7F868
010D4
7FA4A
00A88
0004C
7FC6A
001F6
00688
003E0
00216
7FFF8
00286
0083A
00EBA
00290
7F00A
7F8DA
00838
7ED14
006DC
7F9CE
7FE4C
00000
7F928
003C6
002FC
7FF84
7F686
005CC
7F504
011CC
7FD9C
7FE94
7F342
7F6F6
7FFA0
0094C
7FAF4
7FA08
0033A
7F4DE
0073E
00A14
01010
00E6A
00E70
0056E
0062C
7FCE2
7FCF0
009D2
006F2
7FDFC
0022E
00600
7FA5A
00AB8
7FB52
7FE50
007E4
7FA58
00164
00A86
00564
7F79A
7F0FA
7FD58
0005E
007AE
7FB9C
009F2
00F28
7FC50
00166
0037E
7F702
00BDC
0069C
7FF2A
00210
7F9E0
7F52E
7F51A
7F6FA
7FC84
0004A
7FDFC
7F1FE
7FF6A
0003C
00590
7F4EA
00068
00A9A
7F97A
7FF0E
7F9F6
7F68E
7FEB0
005E2
7FA7E
7ED7E
009E0
7F238
7F4C6
0029C
00078
00010
7F94C
00144
004D4
7FBE4
7F964
7FD0E
006DA
7FF18
00152
0095A
00800
0094E
0044C
7F2F6
7FF2C
009B4
00A5E
00234
7FE56
0094C
7FA4A
7F93C
7FA00
006B0
00394
00316
7FC00
007B0
7FD08
7FF2A
004D4
00012
0104A
0001A
7FDA8
7FF90
007C2
7F80C
7FA00
7FFB4
7F592
7FAC2
7F800
7FCFC
7F994
7EE20
7FF2C
7F672
7F770
7FF6C
009A8
00314
7FAEE
7FB26
7FA00
7F556
000D4
7FD0E
7FC00
007C6
00D16
0001A
004D2
7F8CA
00C86
7EF22
7F25A
7F4EC
00B04
7FC94
7FA00
7F4A2
7F768
00ADC
7F600
7FC50
00644
7FDE8
7F9D0
7F430
00D6C
00940
7FFC0
7F420
003C8
7FFD0
7F46E
000C8
00280
7F38C
7FC06
7F384
0029E
7FBF6
00F78
7FCEE
7FE5A
7EEC6
7FFBE
7F724
7FDD0
7FFFC
00328
7F838
7F2B6
00D32
7F5FE
0040C
005D2
00B46
00B54
7F59E
7F846
006D6
00836
7F582
7FADA
7F7B4
7FB28
0009C
7FBD6
00734
007FE
00074
00C8C
00542
7FB4A
7FED8
7F748
7FCCE
00848
00AF2
0083C
7FE0A
7FD50
000CE
7F3BE
7FC54
7FA00
7FD6C
7F9F4
7F77E
00178
7FF66
7F8F2
7F29E
001A6
003CA
00EBA
7FE18
7FE1E
003F6
0052A
007C6
7FDF8
7FC6C
7F400
003B2
007F8
000BE
00FDE
00BAA
7F808
7FB20
00124
0096A
007AE
00102
7F8AC
7FAD6
7F202
006FC
7FAC0
7FD52
0039E
7FFFC
000A8
7FD12
7F65E
00D2C
007EA
7FD1E
7FF06
7F636
00A2A
7EE1C
7FDFC
7F91A
00656
7F5A2
002C0
00798
00C30
7EBF6
7F7FC
00534
7F926
7F876
7FB1E
7F1B0
00252
7FCAE
00200
7F6C8
00B5C
7FDAA
7FC68
7F8D2
00092
7F78A
00758
00C3A
7FF4C
0026E
00682
00B90
7FB0A
001F2
00204
7EDBA
7FA68
01074
0069A
00DC8
7F456
00BF2
00252
7FE96
0058C
7FD04
00964
7FEF6
7F8F4
7FC94
7F1FE
7EF12
7FF98
7FD84
000CE
00400
005E2
0067E
7F0CE
7F7B6
004B8
7FC6E
00668
7F640
0039E
7FD5A
001FA
00D30
004E6
003BC
7FC46
005DE
00AD6
00100
00DA4
7F5C8
00BEE
00486
00952
7F502
002B8
008EC
7FE00
7FD70
00150
7FE86
7FE78
7E986
008C0
00E8A
00856
7F4B6
002DE
00B08
00262
01A10
7F346
7FB94
00DFE
007AA
0065A
7FE9C
7FC4E
7FE9A
7F0F0
001AA
00600
00CBE
7F890
7FF7A
7F554
7F672
006E6
7F9DE
00E00
7FEF8
7F5B4
7FB9C
00186
7FA4E
0096C
7F6B8
013A6
00E72
0012E
00288
0143A
00604
7FCF4
7F71C
7FE00
7FCBC
7F4FC
003BA
003B0
7F74A
00A88
00996
00600
7FA98
0010A
001CE
7F40E
00472
00B34
7F7A2
00000
000AE
00128
000EE
7F4E4
002BC
7FCC6
7FA60
00400
003A2
7F362
7F96E
00234
0038A
7FEFC
000CA
003F4
00A1C
7FFD2
7FD7E
00144
7F256
7F11E
0061E
7F40C
00B42
7F99A
7FEC2
0003E
00578
0045A
7FB2C
00FFC
7F6C4
0034E
7F8CE
00180
7EA70
7FA88
00432
003FA
7FD9A
00026
7FF94
00764
013AE
7E91A
7F834
7FBF0
7FF38
004A6
00B60
0005E
7FA52
7F9FA
7FD08
7F3FE
7FDF6
7F9EE
010F2
7FE16
7FE36
00138
7FEC6
00800
00A50
0010C
7FB5A
7F6D6
7FB48
0098C
009B2
7EEE6
7FF34
7F25C
7F61C
7F944
7FD44
7FF02
000E8
001FC
7F1E0
001F4
002F8
009E2
00530
004F4
7FC1C
0075E
006D4
7F6FE
7FF74
7F7EA
00336
7F41C
01454
7FC00
7FBE6
006B6
006A4
001E0
00EF8
7F6EA
00766
7FD14
0059A
002AA
7FBE8
00ABC
001D4
7FD80
7FA26
7F214
005C6
00182
7FC64
00552
0087C
005DC
00774
00494
7FB16
0089A
7FB18
00C14
000E2
00408
00DC4
7F600
7FD4E
7FDB0
00870
7E91E
01048
7FCB6
004FE
00644
7FC66
7FA86
7FF90
00388
7FB60
0064E
00E0A
7FFFA
0045C
7FFE2
004F4
005CC
7F676
7F7CA
004EE
7FDC2
7FBFE
00B40
001B8
001CA
7F92A
7FB1E
7FE72
009FC
00490
00552
001D6
00096
00F52
01108
7FE82
7FDC2
00A5A
001A8
7FF3E
00744
00610
7FB86
003B0
7F816
004E4
7F770
0060C
00046
7F960
0001A
7F3FC
0063A
00228
7FE4C
7F9EC
00354
00618
7FD76
0033E
00600
7FAEC
001DC
003C8
00042
00932
7FC42
00974
7FA96
7F68E
7EBEE
7FFCA
00942
7FDD2
00AD0
7FF68
00000
008BE
7FD70
01782
7FD6C
7FE4C
00794
00084
7F96A
7F3B0
00416
00834
7F2DC
0039C
00356
7FBE8
00200
7FD1C
0014C
013B4
0030E
00896
00B2C
00C4E
7FD6A
00260
002CA
00306
7FC62
0097C
7FB4A
0083E
7FFFE
005C2
7FD0E
0027A
7EF48
7FC82
00EA0
7F796
7F696
7F63C
7FF8A
7FA1A
0077C
7FF1C
008E4
7F7F0
00C00
7FDDA
00DC8
7FCB2
00618
004EC
005F0
00F10
00056
7FABC
7FCDA
0063A
00316
00B10
7FD56
002B2
007F0
00B1A
7FDDA
0019E
00B10
00326
7F4FA
7F022
003A6
7F576
7FEB4
7FFC0
7FE1E
7F462
004A6
004F0
00BFC
0087A
7FEE8
00764
00308
7FE82
7EA9A
00362
00B9C
7FD1A
7F4F0
0134A
7FBBA
0026E
7FD8A
7FE04
7E812
0053E
7F8B4
7F376
003B2
7FB4A
0073C
7FF4A
7F85A
00BE2
7FC3C
7FD66
7FB10
00C40
003B2
00868
00000
7FD16
00866
7F87C
003A8
7F3C4
7F75C
00374
7FAEA
7F03C
7FAE6
006E4
7FDF0
00888
01054
01266
7FE02
7EFFC
0041A
7FA7E
00864
00E7A
7F9C4
00FC4
7F9BE
7FA20
00584
01194
000F6
0083A
00CEA
7FE06
00BFE
006A8
0013A
7FDA4
00452
7FD20
0045A
7FF54
00900
7FC76
00370
7F412
7FC72
7FC0A
7F78E
7FB6A
005EC
7FD50
0058A
7F2EC
7FF8A
7F980
7FBD2
7FECC
0023C
00182
7F8C4
00946
004A2
000F2
009AA
0090C
7F800
7F89C
7EBAA
7FA98
7FB06
00C3A
00962
0005A
00604
00670
7FA6A
000F8
003BE
000CE
7F590
7FF32
7F416
7F8F4
7FD96
006C4
0001A
7FAAC
7F4B6
7F928
000D0
7F8EC
7FEC2
008CE
7FC90
00110
7F53E
005A4
7F400
005C6
7F19C
7FE04
0034E
7FC3A
7F0EC
7FF36
005E6
0090A
00286
00C74
005E0
00696
0079C
00352
007E8
7F0D0
7FECA
009C4
00982
7F66A
0011A
7FF5E
7FB2C
7F454
00B02
7FBA0
001C4
7F998
7FDA0
0048C
7FC00
7FCC8
00110
7F970
002A8
7F200
00998
00394
002D4
0065A
003EA
7F766
00352
7F74A
7F752
7FACA
7F800
003A2
0029A
008A4
7F4C0
00322
7F970
00812
005A6
007EC
7F598
0055C
7FC60
7F36C
7FA80
7F702
7FFFE
00584
7FA10
005D4
7FC2A
0073A
003CC
00AF6
7FD2C
7EF16
7F6C8
003F2
00128
00380
7FB90
000A0
7FC00
7F522
7FFEC
0015A
0046C
00306
00220
0033A
7FA58
7F794
0020C
00606
7F726
00266
7F9A8
003C0
00400
00388
00E62
0060E
7FAF6
7F9AA
000DA
7F33C
000F4
7F352
00706
0054A
7F1EA
7FF04
7FCEE
0012C
7FE02
7FB62
0017A
7FFBE
7FFF2
7F622
7FA84
7FD78
0003C
7F538
00604
7F1A8
004C6
7EFD4
002B6
7FAA4
003FE
0016C
7FFCC
7FE14
7FAB2
0028A
005F2
0028E
00F06
7F4C0
7F716
00664
00616
006D6
0043E
00C36
00202
005C4
7FDEE
7FF26
7EA7E
7F488
00C4C
00552
7F7BA
7FCA8
7FE28
7FF9A
7F340
00384
7FE76
7FF4E
7EC00
7FADA
7FDC8
7F664
7FF2C
00228
00308
00648
7FF6A
7F900
7FC00
7FB02
00222
007FC
7F8F8
010F4
00200
7FC84
7FDDE
009D4
002CA
006EE
00022
00536
00638
7FA3C
7FD08
7FE8C
0033E
7FD32
7FA9A
00A7E
00000
7F7C0
008FE
003D6
7F336
7FE24
003CE
7F812
7FC9A
7FD0C
7FC8E
00428
005D0
00746
7FB32
002FE
7F204
7FC50
7FE8E
008C0
7FAD6
7F73E
7FC3C
00598
7FDC2
7F26A
7F72C
7F9FE
004BE
006F8
7FDE2
7F39A
00800
00CBC
00018
7F732
00364
7FCFE
0049A
003E8
7F9F6
00E74
00378
00652
00366
00D46
7FD1E
00362
007EC
7ECF4
7F2D4
7EEF4
00892
0010A
7FE98
0014E
7FFA8
7F9E4
7FEE6
7FD2A
00586
7F4CE
7FBA8
00738
7F7FC
00416
7FFD0
7FF48
7FF72
7F6D0
0031C
7F7F0
7FA16
00A7C
00126
7FA34
7F9D0
7FD5A
7FB6A
7FB5E
7F02A
004A4
7FF98
7FEB4
7F4BA
7FE22
7F73C
7FF52
7F456
7F5D8
7FA14
012EC
7FD46
0023E
7FE36
008CE
00600
00408
001D0
00534
002A0
0031E
0075C
0026C
006D2
01080
003C8
7F638
00A0C
7FFFA
7F630
00C9E
00600
7F420
7F8C6
7FEF8
7F914
008D0
7FB2C
7FA72
00258
0074A
0005A
7FB7A
7FD02
007F6
00E62
7FE36
00200
7F958
7F886
7F45C
0015C
001BA
00158
7F978
0012C
00208
001E0
001DE
7FF9A
7F7E8
7FCC2
7FDFA
00A00
0010C
00190
7FD7A
00AEA
7FD3E
00768
004DC
00DA6
7FEF0
0054C
00B1A
00158
7E9EC
7F35A
0074A
7FA00
7F972
7F76C
00700
7FA1A
00320
000E6
00028
00126
00D12
7E8EC
7F7C0
00CEA
003C6
006B2
7ED88
7F206
00742
00E3A
7FE58
0036E
7F706
7F600
7F986
7F0C0
001AC
7FF3C
005E2
7FE66
7FFB4
0036E
7FF42
7FE00
00B2C
7F94E
00B52
7FC42
0115A
002B6
7F5DA
006CE
7EC64
7F982
7FEC6
004AA
00238
7F3D2
7F47A
005F6
00372
7EEB2
7FE44
7FE38
7F962
7F8BE
00ABA
00746
0057A
000B4
7FB2C
007EA
00554
7FFB0
7FDFA
7FA00
00746
007CE
01208
004D2
00700
7F9D0
00996
7F924
00AA6
7FDA6
7FBEA
7FCB6
7FFEA
7F5C8
7F578
7FE02
7FE04
00648
7FE48
7FADE
003F0
7F7E6
7FD96
00120
7F6D8
003B6
000C2
0039C
0021E
005A2
7ECF6
00200
0044C
7F97C
004A4
7FF9E
00582
00856
005BE
7FED4
000B0
7FBDA
009CE
7FED4
7FE1C
7FE76
7FEAC
005F8
7EBB8
7FE1A
012A8
7F8B8
005E2
00B90
0121A
006D6
001CE
7FD22
7F85C
008D4
0100A
00072
7F946
7FE00
00D2E
7FB3A
0077E
7EFEE
7F95E
00ABE
00712
0021C
00E80
0059C
7FF28
7FC96
00020
00320
7FE56
003FA
00D04
00F96
00764
000D0
005A2
7F7BA
00612
00AFE
7F990
004E6
7F70E
7FD6C
0052E
005A2
7FE8C
7FDFE
003D2
0009E
7FA74
00EDC
7FC5C
001F4
0051A
015B0
7FDE4
0002A
7F05E
0048E
002A0
004C4
004EE
7FFFE
7F972
00248
0075A
7F868
00036
0093E
7FC86
7FCEE
7EDD4
7F7A4
7FD74
00952
7F132
7F4E6
7FAB6
7FC00
7F604
7F906
7F5DE
7FC70
006D4
0046C
7FAEC
005A8
002BA
00818
7FE16
7FB08
001FA
00E40
7FB02
00400
001A6
0071E
0002C
0051E
00E6E
7F1BE
7F3A6
005A6
7FD34
0007A
7FD7A
00196
0094E
7FD34
7F75C
00400
7F196
00084
7F5BE
7EA98
0042E
7FE40
0063E
7FA58
7F76C
7F792
7ED26
7EF52
00028
005D8
7F982
00BFE
7FCAA
00752
7F8EA
003DA
7F7FC
00848
00680
7FA56
00C1E
007D8
7FBFA
7F414
7F9BE
00200
00F70
00A00
7FEF0
00F04
7F78E
7F928
7FA3A
00456
7FF2C
7F530
7F126
7F50E
7F9F0
7F6A2
0027A
00C5A
00D06
009F6
7EBC4
0013A
001C8
00324
00C52
7FEF4
00558
0012A
00CD8
7FF52
7FB70
7EB56
00128
7F626
000B6
009FC
7F75C
7EE52
00738
7FE5E
7FB10
001CA
7FE38
7FADA
7FB4C
0006C
7F890
0077E
7EEA4
00DC6
7F656
009EE
008E4
7FF20
003A0
0054C
7FF10
7FD40
7F99E
006C8
00074
7FD8C
7F29E
7F6A2
0084E
7FD5E
7FAD6
01600
00042
7FF6C
7F392
7F924
7FBC8
00B88
7FAE2
7F0E8
00020
7F878
001E4
7F6F6
7F29E
7FD6E
00612
00BF2
7ED9E
7FD32
003BC
0057A
7F660
7FF58
7F910
0095C
7FB00
7FCF6
7FBCA
7FF66
7E8A4
00544
00A56
00200
7FAB0
7FE6E
00536
7F7A2
00852
7F4BC
7FB90
7FF14
001C4
0040A
007DC
00508
00822
7FDFE
7F4EA
00BF4
0014A
7FA8E
007D8
001D8
7FD6E
7FAE4
7F91E
00696
00470
7F0D4
00158
7FC9A
7F9A2
004DC
006D0
7F600
009EE
7FD82
00D60
003DE
00478
7FC5A
0096E
00604
7FF90
00036
7FB7E
7FB44
7FF0E
7FE82
7F4F0
7FA0A
0082C
002D0
7F476
0114A
7FC20
005C8
7FE34
007A0
011A4
01188
7FFC0
009F8
7EEB2
7E950
00122
7FE00
7EE56
0021A
00ADC
000D6
7F81C
7FB62
7FECC
005DA
004C6
7FE42
7F6D6
7F3E8
7FC76
00AF4
0028A
001FA
7FBE2
00D6C
001FE
009C6
0020A
00286
7FFC6
7FC58
00422
7FFF6
7FF56
006E4
0046A
00D14
0012C
7F600
0039A
00916
7FF6A
00C46
7FECE
007D2
7F120
00368
004DC
7FF62
7F384
7FDD2
7FC98
004D2
7F56E
00FFE
005D2
00190
013E6
7F56E
000CA
7FE7E
00002
00368
0047E
7FDBC
7FE62
7F8C8
003D2
00054
008C4
005FE
7F80C
00190
7FE74
7FF08
00268
006E6
7FD26
00096
7FE72
7F2E8
00848
00A2C
00090
00E4A
7FFF4
7FC00
00920
004C0
7F962
7FF40
7F8F0
7FD1E
7F856
00094
008EA
7FF04
7F5F6
00F34
008BE
00236
7FFEC
7FC00
7F9A2
7F7F4
7F14A
7FE0C
00A96
7F7EC
7FC12
004D4
001D2
7F88E
7FAEE
00BE0
00BD0
7FBEC
7FAE6
003F0
00300
7FF02
7F89A
7F1B6
005A2
7FE74
7FCAE
7F732
7FCDE
00078
7F6A0
00144
0029C
00574
006F0
00BFC
00142
7FF5E
7F5FE
7FCC8
009E2
7F03A
7F0D0
7FF30
7FE0C
010F6
7FA8E
00484
7EFD4
7FD80
0049A
7FC00
0043C
00400
7F91E
0037A
7FCD6
00870
0044A
7FCD6
7EA7C
7FBA4
00452
7FE3A
00156
011F4
00252
7F800
7FE00
7F6D0
00238
001A8
00A6E
7FEAC
00486
00F18
7FAC2
009A2
00086
7FEC2
7FEDC
007F2
00E00
7FA00
7FECA
00772
7EB96
7FB26
0040C
7F810
7FE4C
7FFC8
00974
7F8E2
009DA
7FC2C
004EE
7F268
7F73A
7F800
00A32
0042E
00740
7FCBC
7FC30
0034E
00434
000EA
7F6F2
7F5BA
00688
7FD44
7FF56
7F4DA
005C4
7FDFC
7F902
7ED84
7FC36
00E66
7F55E
00128
7F2E0
00840
004F4
7F7C0
7FDB2
7FFDA
7FCD6
7F5A2
7FB24
7FC00
7FD86
00006
00554
7F200
7FD06
002C0
7FF9E
7F922
003F8
0007A
0000A
7F7B6
7E8D4
0029A
7F2EC
7FBFA
00B8A
000DC
00928
7FEEA
00A44
0039A
0040E
7F264
7F928
7F08C
003C6
7FFCA
7F15C
00444
7F45A
007FC
7F91E
7F852
7FD80
001AA
0035C
7F99A
7FED4
7FED6
00222
00D0C
7FD64
00740
00458
7FBE6
0044A
007E8
00550
7F6E6
7FE10
00564
008AE
7FFEC
00248
7FDA2
00466
7F20E
0002C
7F964
00282
7FD3A
00442
00000
7FAA2
7FB30
0036E
00A5E
008C2
7F8E4
7F702
007A8
7FF06
00952
003A0
003C8
0055E
7FED8
7F964
7F800
0025E
00588
7FC8A
7F468
009D8
7FFE2
006FA
005FE
010B6
7FFF2
001C0
7F612
7F578
7FE04
0023A
00000
00752
00648
7F28A
00D6C
008CC
7F7B2
0008C
7FC58
007E6
0030A
002E2
000B6
7F58C
00710
007F2
7F800
7FFF2
00354
00618
7FBCA
00216
7F9E0
7FE6A
00600
00410
00958
7FF20
7FD74
01216
7F1BC
7FF7C
00A00
7FA6C
7F326
009E2
7FEC8
7FF76
00672
00338
014A4
003AA
7F85A
7FE4A
7F14A
00754
00086
00B04
7F806
7F7BE
00ADE
7F468
00DEC
00682
005EC
7FDCA
00436
7F730
7FA88
7FB72
7F3E8
7FBF6
002CA
7FADA
7F600
006C0
00894
7FEB8
7F1F2
7FC8A
007B8
7F8A0
7FB48
7F9E8
7F974
7F500
7F2D0
003DA
003AE
00328
7F808
7FE60
7F702
00AD4
7F95C
7FBC2
7F97A
00050
7FBC4
008A0
00604
7FE1E
7F034
005DA
7FB4A
00844
00800
00010
7F1AA
7EA64
00198
7F9DC
7F90C
7FB8E
7FB80
7F6DE
7FF4E
00B46
00D84
7FEBE
0018C
00146
003F0
00290
7FAF4
7EF0A
002A2
00B6A
7FA64
7FD08
005AA
00C22
0095E
7F594
000D0
7FD42
7F8E4
000DC
7EC02
00112
00428
7FECA
002DA
7FBBC
00EE8
7FCE4
00C68
0053A
7FB44
7FCEA
7FEDE
7EFB8
00A6A
00A5A
00000
0033E
003F8
7F35A
7F0F4
7FE1A
7FD84
003F0
7FA54
0077A
00750
00008
7FAB6
7FE84
7FB30
7F0BC
00400
7FCF8
00238
000A6
7F97E
00336
7FD2A
7FA4E
00AA4
0038A
7FE82
004A4
004AC
7F96E
00210
0020E
001F0
0020E
7FB4A
006F6
009F8
003CC
7EECE
0030C
00166
00A0E
004BC
0068E
7F4A4
7F8A2
7F94C
003A2
007FC
7FBEE
7FDBE
00B26
003C0
7FBD2
7F8B2
005C4
00D60
0149A
7F634
00614
7F094
0034A
001A8
7F650
009E4
7FC80
7FF10
7F7D6
7F8B4
008DA
005AC
0066E
7FE92
0018A
00C26
7FF42
00620
003C0
7F8BE
7FEEE
00200
0034E
7FE4A
7FA94
001D8
0054C
00728
7FEDE
7FF68
01000
7FD46
00E6C
00076
7FF2E
00D08
7FF78
7F002
7FE82
7FBCE
003C8
7FF3E
00178
00ACA
003C0
7F9C0
7F420
7FAFE
7F10A
7FBB0
7FE54
0036E
7FE5A
001FE
00574
7F0B8
7FAD6
7FE28
7FE1A
7F4CC
00F9C
7FC94
7FB60
7FECA
0013C
7F78A
7F74E
7FBF8
001B0
003FE
7F820
7F78A
00BBE
000C4
7F00E
7FB9A
7FD28
0023E
7F11A
7F69C
00A5C
7FC50
0063E
0013A
00116
00600
00F2E
7ED0A
005C6
7F668
00056
7FE18
7F9C6
7FB58
000DE
003D4
7FF1A
001BC
7FF7C
0026A
7FA46
003F8
7F712
0023E
00408
002F8
7FFB2
7FEE0
00962
01100
00400
00BB4
7FFD6
7FC92
00288
00E78
0074C
7F600
7FBBA
0031E
00278
7F400
006C6
00FBE
00644
7F89A
00810
007A6
7FB36
7FBE8
7F986
7FB62
7FE94
007FA
00434
7FCA8
00D10
7F2B8
7FE8E
008D8
00650
002F6
00814
7F9B0
007C2
7F5D0
003C6
7FDFA
7F4B0
7FA00
7F6F2
00792
7FC96
004C0
7FA52
00C84
00694
7FF2A
00416
7FA68
7FC4E
00B66
00E5C
7F882
7FE8C
7FE02
00106
7F8DA
00106
7F83A
7FCEE
00248
7FD2A
7F9FE
00882
004E8
00D60
009B8
7FD36
7FE5C
7FF74
7F600
7F990
00140
00368
00454
7F27E
7F884
7F9B0
004D6
001FC
0063A
7F422
7F028
00BEE
7F8EE
7F6E2
7FA06
7F5EC
7FE32
7FB52
01672
7FB4A
0040C
004F0
7F9FC
7F9F8
7FA6C
7F5E8
002B4
7F392
004DA
7F8C2
00200
01E10
00398
003D4
7FBC0
0031E
008D6
7FD1E
0036E
7FEA6
7FBE0
0065A
00194
7F6D6
7F86E
7F854
003F4
00732
7FD1C
7F962
00074
0029C
00BF0
7FCBA
7FD14
00750
7F526
00286
00286
0097C
7FA2E
01160
7FA00
0089E
00900
006E2
7FC5E
0024A
00668
7ECC0
000B0
7FA98
009D2
00040
7F8E6
006F8
00044
7F6DA
7FFFC
00202
00970
00D24
7F7B8
00540
0035C
7FF30
7EEEE
005CC
001DE
7FC10
0031C
7F4E0
7FE8A
002F0
00200
7FD16
7FF34
7FDB0
7EF3C
001F0
7FE7E
0072A
7F146
7F132
00184
0003C
7FBE8
0003E
00CB4
7EC22
003FE
7FB32
0040A
7FB08
7FA24
7F4EC
7FB6A
004A8
7F6EE
001D4
7F62E
006B2
00FF2
004BC
7FD7E
7F57A
00200
007FA
7F2BA
7FACE
004C2
00312
7FE74
7F85E
00ABA
7F916
7FE56
7FC2E
7F4CA
00228
7FAB0
00AEA
00000
7F46A
00554
00658
7F9E0
01160
007A4
00A92
00510
00890
7EEA8
00302
7F75A
0042A
7FB1C
004B0
00C00
7FE74
7FF92
7F9B4
00470
0136A
7FEF4
7F3B4
7F6A2
7EF22
7F4C2
7FE32
7F000
0058E
0020E
00B72
00DF2
7F60A
00862
7F13C
0004E
7FB3C
00452
7FD34
7F4F8
7FD3C
00D0C
00256
7FB00
7F760
00642
7F68E
7FC00
006AA
7F794
7FA2A
7FB8C
009C8
7F302
00364
7F96E
007DE
005E6
7E988
00266
7F296
0021E
0006C
7F20A
7F838
00E12
7F3E8
7FFAE
004A4
000BE
7F986
00316
001AE
7FA8A
0065E
002A4
009F4
00E70
00656
7FA00
00698
7F980
7FAD2
003FE
007E8
7FE7E
7FC88
7F962
00E48
7FD2E
7EF78
7F722
00E42
7FE7C
0049E
00000
0021E
7F99E
00686
7FA08
7F934
7FEBC
00640
009E0
00D90
7FF3C
00994
7FFCC
7FEF8
00C32
7F73A
7FE00
7ED9C
7FE84
00868
7FBF8
7FD3A
7ED24
00A70
7F69C
00102
7FAC0
7F01A
7F5A0
7FD42
00108
006E6
007F4
7EF1A
7FE66
7FF64
005F2
7FEAE
00A66
7FE90
7F614
7F242
7F8C0
00286
0037A
003C2
7FF7C
7FCD0
00E00
002F0
00198
00618
003F0
005B0
7FC44
01352
008DE
7EDC4
00EA4
7F4F0
007FC
7FD7C
7FC56
014D4
005F4
7FFFA
7FFAE
7FCF4
7FC54
7FEF4
7F70C
0064E
7FDFE
00A10
7F938
00226
00D7A
003E6
00C18
7FB76
7F1FE
7F372
00988
0061A
7F544
7FFB2
008B8
001BA
00334
00482
7F34A
7F10E
006B0
7F2BC
00768
7F84A
001F8
7F2F0
00868
7F70E
0027A
7F9E0
00092
0096C
7FE00
00A7A
0017A
7FA9C
7FBB4
7FDC6
0035C
00FA2
00800
7FF28
005FA
7F9F6
001C4
7F2BE
00A7C
007AC
7FFFE
7FB32
0020E
7F578
00F82
7F660
0095C
7FD06
7F400
00CDE
01116
00C32
00DE8
7F4F2
7FAC8
7FF6A
7F658
7FD0E
0033A
00D38
00518
0066A
0007A
7FA4A
7F802
7FF36
7FDF8
7F904
7F894
7F5BE
0003C
00D02
00002
0041A
00A9C
002EE
003CC
7FFFC
005C0
00D1E
00400
003C8
7FD4E
7FB50
7F7BE
001C2
7FCD4
7FF9A
001A6
7FB3C
00DC2
00FE2
7F796
7FD6E
7FE10
7F7D8
7F800
00E0E
00022
007A8
7FB3C
7FD3C
7E8C6
0002E
7F056
7F8B2
0039C
0072A
7F3C6
7FF06
007D4
00510
00BFE
7FFC6
7F98E
7FBDA
0041E
00F10
00958
006E6
7FB30
003F8
7FCA4
7FC1A
002B8
004F6
0044A
00002
7F3FE
00B94
7FE60
7FB76
004C0
7FF26
00F86
7F516
7FBAC
000FA
003FA
7F7B6
7F8FE
7FCBE
7F9AC
7F606
7F008
7F736
00D96
7FABE
7FBDE
7FE3C
003DE
0047E
000CE
00CEE
7F614
7EFF6
00092
7FA32
7F490
7FF78
00600
7FF4C
7F64C
00546
7F850
7FFF4
7FA06
7F87E
0056A
7F890
7FFE2
005E4
00162
0096E
00424
7FF80
00000
7FBCC
005D6
7FC38
00778
7FB44
7FC6C
7F728
7F696
7FDCE
00418
01358
7F620
7F554
7FBE6
7FC82
7F200
7FA28
7FB54
7FA90
007AC
00844
00456
7F408
0028E
004CE
7EF12
00CAC
00432
00918
7F87E
00758
00FEC
00C58
7F638
7FA52
7F88C
7FF20
7F788
7F7B2
7F966
7F7CE
7EF3A
00578
00436
000DE
00518
7FF3E
00E00
00864
0024C
7F010
7F456
7FED4
007A8
7F5FC
00E36
7F66A
7FEC4
005D4
00558
008D8
7FCAA
00612
001FC
7F562
009DC
7F064
00400
00BA6
00240
7FE3C
00872
7FAA0
7FE64
0017E
7F69A
0008A
00DEA
009C0
005FE
00BE4
00B96
7FFA8
7F992
010F4
0004C
7FCE0
7F1EC
002D2
0008C
0048C
0015E
7FF90
00446
7F246
009E0
005FC
00110
00BBE
0060A
7FDDC
7F832
00288
7F784
00110
7F972
0036C
00A80
7F8BC
7FEC2
7EF2E
7E600
003AA
003F0
7FB28
7F6C0
7F540
7F9BE
002F6
0067C
7FA70
009E6
0027C
00940
00702
7FAE4
003E4
7FA00
7FF94
7F352
0096A
7FE2A
00784
006A2
7FBF2
7FDFE
7F0AA
7FF9E
00298
7FB58
7FFBE
7F5A0
7FAEA
001FE
7FB1A
7F880
0038A
0066C
00270
003FC
000A6
7F584
00A70
7FB36
7FAAE
7F994
00110
7FE7C
7F6D4
00600
007B4
7F748
7FECC
004A8
7F8EE
00498
00CA2
7FE00
7F912
0043A
0049C
001D4
00B5C
7F80A
7F2DE
00A00
00602
0015E
00B5E
7FC9C
7F092
7FB56
00736
7F726
0033C
00968
00310
0006C
7F5B8
002C4
00404
7FDF8
001CA
004F8
007B0
00708
00CC0
7FE36
0010C
7F98A
003D2
7FA34
7F216
7FC84
7F792
0034A
7FE96
009FC
00762
00C6E
7FBE2
00B58
00C14
0038C
7EF0E
7FCD2
7FD52
00320
7FC22
00AD6
7F2E6
008C0
7FDF2
00600
00874
002C8
7F534
000EC
7FF62
7F1F0
00514
00A74
015C2
00392
7EF44
7F832
004FA
00218
7FE5A
01200
0042E
7F9EE
7F4D4
00B52
7F9C4
0070A
00B2E
7E93C
002AA
7F656
00D7E
00414
7F676
0080A
7FA6E
7FC08
002B0
000E6
00948
00074
7FBF2
0052C
01126
7F9CE
009C4
001DC
7FFA4
7FA8E
7F932
7FFAA
006A2
005FE
0106C
7FB50
00880
006BC
7FD5A
0041C
7FEC0
002B6
005BC
7FFD2
00114
0006A
0071C
7F2A4
00922
00402
7FD4C
001D6
00000
7F56C
00E58
002F0
7FCE4
0023C
00B08
7FFFA
7EFBE
7F908
7F5E6
00266
7F904
7FE00
7F6CE
00094
7F9A8
7FF52
00A5C
00F34
00522
003AC
0009E
7F0DA
00452
004A8
003B8
7F666
0015C
00204
7FCFA
7F8EE
7FDC0
7FAC8
00412
0003C
7F8A0
00056
7FA86
7FCDA
7FF20
0041A
7F45A
7FAB2
00B12
7EE00
7FC82
7F884
000B8
00BEC
7FFC6
7FA8A
0078C
7F864
7FC44
7FB4A
7FACA
7FB46
7F554
7FAE6
7F8E8
009E2
7FE66
7FBBC
00978
7F9FE
00502
7FF0A
00352
00BA4
00E8C
7F990
7F4B6
7FBE2
00ABE
7FB22
7FD30
00600
00AAE
00714
7FC86
00A16
004D6
00BC0
7FD90
7F7C2
7FE5A
0062E
001CA
7FB16
7FA96
00770
7FBAA
00BFE
00D06
7FE20
7FAD6
7EF56
7FF72
0001C
7F868
0043C
7FBCA
00002
7FA94
0069E
00586
7FBA6
00912
00200
002F4
01634
7FE92
7FB92
7FD1C
0041E
0007A
0003E
001D0
00B50
7FE2C
004E8
00C4E
7F322
7FDCE
7F400
0037C
00A3A
7F65A
00B00
7FD6A
000FA
7F408
7FBC2
7F5E2
008D4
0092E
7F960
004C4
7F8CC
002F8
00000
00F58
01090
7F9EA
00286
0056C
00B24
00FD2
00286
007C0
7FA5A
00178
001A4
013EC
7F8DE
004F2
7F610
7FE0E
7FF00
0026A
01A1A
7FF80
7F4F8
7FDBE
7FD6E
009C4
7F980
00542
00406
00972
7F9A4
7F528
7F400
7FBA2
00600
003F4
7F5B4
00156
7FFFA
7FA96
00566
7FA0E
7FFF8
00088
0077C
009D8
7FEBC
7FAF6
005FA
0027C
7FB56
7F702
0058C
7FD88
7F59C
004D6
7FA9E
7FD76
7FB44
7F616
00AC0
00030
7F91E
0092A
00800
0007C
00AC6
00B42
00E7A
00716
7F624
7FEBE
001FE
007DA
7FDC0
005FA
7FA98
0010C
7F252
7EBC0
00BFE
0012E
7F72A
7FDA4
7FDCA
004C0
7FD2C
7EF04
7FCD8
7FFEC
000BE
002A0
003E6
00790
00D20
7FB84
00400
7F37A
00594
0040E
7EBDE
00562
7FC8C
00578
001FE
00C74
7FB2A
7FCB4
7FFC2
00496
7FCD2
011AC
7F008
7FF0A
0061A
006EE
007C0
00D98
00286
7F490
7F728
00C38
008B4
00892
001BA
7FF32
00156
7FDA2
00400
0133E
7FF3E
7F944
011F0
7FBDC
009FA
7F146
0056E
7F24A
7F2F4
7F07E
002F4
7F998
0069E
000D0
7FE02
7FFA2
7F36C
7F67E
7F942
7F824
00006
0013C
7FBC4
0008E
006B4
7F9D0
00364
7F6A4
7FFDC
008FC
7F3FE
006CE
7F75A
004A8
006E8
00304
0095E
7FE12
0028E
7FF74
7FC82
0000E
7FD0C
7FCA8
7FB7A
002D6
7F226
7F6F6
013A4
006CC
7FDD8
00122
7FA2C
00002
0043A
0039E
7FC04
00A82
7FCA2
7F40E
0007A
7F2DE
00000
7FC74
00A22
7FC3C
00620
00754
00220
7F50A
00510
0039A
00CAA
00152
00566
00348
00A96
00638
009FE
00A08
7F62A
00384
0011E
7F6BE
00D42
0040E
7F9C2
7F8A8
7F208
00F34
7F894
7FB30
7F790
016FC
007FE
7F884
000E8
7FE4A
7FB0A
7FDEC
000C4
7FF1C
7F6EE
00916
7FEBE
003FE
7F96C
7FB98
7F99C
7FB5C
7F600
7F7DE
7F6CC
00EF0
005B4
00474
00324
7FD38
00240
00F14
7FA8E
009C8
00098
7FA28
000EC
006A8
7F800
00A40
0131C
7FEB4
7F446
00DA0
00448
7FD9C
00838
001F0
00D1C
0018A
00CB4
00F38
7FCB6
7FCD0
7EA12
7FFCA
00490
00380
00030
0019E
7F6C2
0019A
000F0
7FA84
7FEEC
004C6
0021C
7F2E0
7F4BE
002BC
007FE
00684
00250
7F77E
7FA22
7FDA8
7F80C
00742
7FFC2
0056E
0068A
00B96
7F744
00B8C
005B4
7FD0A
00DF0
7F1B8
7F5EA
7FF02
7F97A
000B8
7FCF4
00476
00F0E
00068
7FD5C
01092
001DA
00000
7F8E2
7FD18
00200
006AC
00538
00530
7FBAE
00056
004C6
7FBA4
001FE
000E8
7F7E4
7F600
7FC6E
0098E
00454
7FDFC
7FA04
008C2
7FDB4
004C4
00A70
7F4C6
7F776
7FE60
009F2
7F46A
00158
006BC
7F88E
7F61A
7FE9A
7F4D2
7FA00
0001C
00458
003F8
00450
00EAA
012EC
00062
00202
00762
00F08
7FDD0
006D0
7F348
0082A
7FBD0
001FC
7FDE4
01658
0005A
7F596
007DC
7FE6E
7F2E4
00A02
7F5B8
009FA
00DC6
7F43C
00144
7F744
00D52
7F600
7F3E4
7F250
00644
7FFBA
00220
7FD62
003A6
00402
00988
7FB3A
00164
00424
0087C
7FA50
7F326
001F4
7FD4A
000B0
004DE
00BE4
007EE
7FE02
7F110
00E0E
7FDDC
7F418
7F670
00732
7FE7A
006AE
0090A
7FA00
7FF0C
010A8
7F8A2
7F6A2
00780
7FB80
00BDE
003FE
00354
7F940
7F052
7FFD4
00E48
7F126
00602
005EC
00220
7F7BC
7F38C
7F5EA
7FD56
7F938
7FE4E
7F1DA
7FC4C
7FC20
7FA08
7FCC8
00244
7FE0E
00576
00800
7FE7A
00808
005DC
7FA54
7F740
7F60C
7FF4E
00BE4
7F684
7FA2A
7FD16
0016E
7FE76
7F888
7F6BE
7FE00
7FEAC
009DA
7F6D2
7EF10
00740
00062
7F7F6
0023E
0091C
005F6
7F348
00094
00E80
00B82
00A0C
007FE
7FD8C
7F378
7F756
013D0
7F63E
00326
00834
7F81A
00502
0015E
7F45A
7F968
000B0
7F552
007B6
001FE
7FB82
00DF0
00320
002CC
7EA04
7FE6A
7FF82
7F9C2
7F52C
7FB2C
7FD84
7F498
00394
7FEA2
7FF20
00800
00A50
00322
00CA8
001D0
7FBEC
00384
7FA4E
7F56A
004D2
01030
7F1B0
7F924
7FD6A
7F552
003D8
00204
7FA60
0078C
00730
7F79C
7FED2
7FF8C
006D0
00292
7F4A4
003AA
7FC2A
7FE1C
7F5D6
7F8A4
7F6DE
7F3FE
7FD82
004C2
00678
7EF66
007EC
0042C
7FF94
7F2A2
7FC80
7FC76
00272
7FDB2
005C4
00334
7F6AE
001F8
000D0
7F2DC
00708
7FF3C
004A8
7F65A
7FD22
0055C
00702
7FD42
004DC
7F314
7FF94
00130
7FA28
7EE00
7FA8C
016CE
000CC
7FF06
004B4
7F9AA
7FB1E
006D6
00A9A
0017A
7FD32
7FECE
7F9D4
7F498
7FF44
005F6
00470
00600
0035C
7F996
7FDCE
7F9C6
00186
00C68
001D4
7F34C
0082E
7FCE0
7FB3A
7FC8E
0138A
7FE00
00FDC
0015A
005AC
00960
000BA
001B2
7EF96
00130
7FAF2
7F7C8
00F04
7F8BE
00AAC
7FE78
7FFDA
7FDFE
00318
00068
00588
7FDEC
7F4A0
002D0
7FCE2
7FB80
001E2
004D2
7F76E
00B90
00CF8
00854
008DA
7FA00
7FD14
00912
0042A
7F9F6
7FAC4
005F0
7FB26
7F9B8
00B38
7F732
7FCBC
7FFDE
00D72
004B2
0035A
003F8
7FB94
7F7CA
003B8
00A22
0005C
7FA88
7F26E
7FA3C
0026C
7FAB6
7FA08
7F84A
000C4
7FF84
00010
7F600
000A2
7FE96
00536
00A7A
7FBA4
7EBF8
7FE90
0022C
002D2
00B38
7FEEC
7F6FA
00B30
007FA
7F0D2
003F2
002DC
00876
010BC
7E9A2
007E6
00054
7F25E
7F1C4
7F7EA
00AD6
7FE5A
7F8F6
00304
7F726
7FB98
7FA00
002A4
00204
7F304
00476
00968
00412
7EEB2
7FFFE
005F6
00744
00668
7FD52
01202
7FE7C
005D0
7FA02
7F990
7F414
00C62
7F7D8
001D0
00870
7F34E
7FA58
7ECAC
7F53C
7F4FE
7F65E
7FF4A
7F516
00436
009FE
006D8
00112
7FF76
009B0
7FD26
7FA66
7F6C2
7FFFE
0066E
7EC26
7FDA6
7FB2A
00518
00534
00338
001FE
7FDF4
7F8D6
7FAF2
7FA04
0007C
7F918
00602
005A8
7FF4A
0075A
7FD24
7F126
0075A
00738
003FC
00000
7FFAA
7E79A
7F6B0
7F2D2
00814
001C4
00486
7FED4
7F654
7FE5E
7F95A
7FFD4
7F16C
0096C
00C72
7FC04
0070E
7FCA0
0027A
00FE2
7F970
0050E
7FFD2
7FED4
7FF2E
002F8
7F6D0
7FCCA
7FA90
7F8EE
7FB5C
7FFFE
7FF42
0088A
7FE7A
005D8
7FECC
00E10
00324
7F92E
7FD50
00D1E
7F1FE
00424
00056
7F12A
7FD10
003F8
00528
00248
00C84
7FF5C
7FDC2
7FC00
7F4DA
7F92C
7FD56
0026A
7FE6A
00732
7FA4C
7FB8E
7FA14
7FC00
7FA9C
7FC30
00194
004EC
7FCC0
7F97C
7F93A
7F780
00B76
007B8
7F394
00A14
00242
7FAE2
7F220
003F6
7FA94
7F4FC
7EFE4
7F4B6
7F5BC
7EE60
00EFC
00AC0
7F550
009B4
7F6F0
00134
00092
0053A
00C4E
7FC00
7F5F8
00114
0063C
7F71C
00568
0007A
001D2
0086E
00048
7FB10
0046C
001D0
7F440
00146
7F512
00400
7F568
0082C
7FBDA
00746
00458
7F6B8
0055E
0052A
002EC
7F918
00234
00ABA
007DA
7FF86
7F862
00000
00C46
7FC3E
7FE56
7FDB0
006FE
7FE56
00088
7FFFE
00386
0079A
7F8EC
7F034
0051C
7FE92
00A04
7F412
7FE70
0033A
7F330
7FCD4
00C08
7F6C0
003AE
006CC
01120
7FEF4
7F0E2
7F5C6
0088E
7FE5A
002C0
00400
7F280
00564
7F73C
7FB88
00018
00028
002A8
7FFFA
7FD10
00EC8
7FC62
0010A
7F520
00508
00210
7FFFE
003CA
7FFB8
00BEE
00206
002A4
00AAE
00452
0012E
00D0A
005B8
00E88
00114
00714
7FDF2
7FC80
00800
7FF50
7FA68
7FB3C
000D2
7F8E2
00B64
004B0
00894
7F88C
007FC
7F1A8
7FFE4
7FA40
7FDDA
0040E
7FE00
7E974
00C2C
009BC
7FFF8
00880
7F97C
7FAA2
7FF6A
0025C
00578
7FF06
7F9CA
7F96C
7FF34
002F4
7F402
0093A
00F3E
003FC
7FBDC
0043A
0061E
7F946
00B68
00A78
7F65C
7FC60
005C0
7FF4C
7FA6C
00BC4
005FE
7FF3A
7FD7C
00BF4
01356
00080
7FD00
7FEC0
7FC96
00964
7F8E0
7FE08
0008A
006E8
01082
7F5E0
00600
7FA8A
00804
7FB4A
00D44
7FCEC
7F694
7FBC8
000CA
7FB44
7F93C
7EC18
005F4
7FAAC
0025C
7FE1A
001FC
7FEFE
7FB96
7FA54
00122
7FE98
002AC
7FDBA
00B9C
7FBE6
7F7E4
00242
7F658
0002C
00DF4
008F8
7F9FC
00140
00C34
003B4
00B1C
7FB4E
00816
0011A
7FB30
7FDD0
7F374
7F3A2
0081C
00628
7FCC6
00096
7F60C
00490
7FC6C
7F678
00658
7FE18
7F8F6
0014E
0005A
7FBA8
7EF30
007B0
7FB8C
7FA06
7F884
00308
00400
7FF64
7F16A
7FB02
005BE
7F2DA
001C2
7F0D4
01518
7F338
7FAA8
00CA0
003E0
7FF22
7FA70
7FE2E
7F9FC
004FE
7EFEC
7FAF6
007DC
00348
00014
00828
7FA48
7FCFC
00690
7F962
7FDD8
7FE86
00072
7F662
00800
00788
003BA
7FC6E
7F49C
7FBFC
002E0
014BC
006DC
7F61A
7F984
008FA
009B0
00968
00180
00360
001F6
7FA46
7F210
7FBC6
7FDC2
7F4CE
008E0
7F3A6
7F1BC
7F390
7FE2C
002C8
00484
7F222
005F0
006BC
00E00
00772
001F0
7FC4E
7F25E
7F952
00262
7FB50
7FBF8
00A50
004B8
7FC20
00464
7FD12
7F55C
7FE0E
7FA08
00008
7F188
00616
7F786
000F8
7FB16
00290
00870
00076
7FA46
0008A
002A8
7FA0C
002B4
7F9E6
001FC
00138
00706
00060
7F9AE
00C60
7F55E
00A7C
7FC10
004B6
7EE94
0024A
7F9E8
001E4
7FC30
7F8FE
7FE02
00084
008B8
7F3C2
7F478
005E0
0054A
7FFE0
7F782
00258
7FF2A
7EF24
006F0
7FF02
003A4
00226
01400
00D96
7F0EA
7FD2C
0032C
7EDD0
00A8A
7FDA8
7FCD4
7F9E6
002FA
005D6
000B4
7FE56
7F8FA
00740
007FE
7F290
7FBB4
006E4
008D2
00678
7FCF2
7FE1E
7F45A
00372
00780
00960
00122
00912
7FA96
7FDB6
7F800
7F346
00834
002C6
0032C
7FD56
7F74A
00168
7F72C
01074
00484
7FFD4
7FDA4
7FB26
005CA
7F222
003FE
7EA02
007DE
7F80A
008D4
00360
00938
7FF08
7FFA8
7F972
00450
00D62
00884
003C2
00EA2
0115C
7F400
00932
00470
011B6
01840
7F8CC
0006C
7F590
7F182
7FCC8
7FE3E
002A6
7FBA8
7F0D8
00BAE
00090
7F802
0098E
7FA78
7FD0A
0013A
00658
7FE12
01074
7FF2E
7F1AA
007E2
7F7DE
7FC0A
00204
00872
7F5B6
7FBFE
008E2
7FCC0
0070A
7F288
00436
007EA
00D36
00276
0023C
7F4A0
00D66
0097A
00DAA
7F1CE
002A8
7FFFC
00E2A
7F6B4
00388
003E8
0047E
00732
7FC96
004CA
000B4
002E2
7F9FE
00EBA
7FC1E
7FC62
7FBEE
7F000
7FEE0
000B4
00BB8
7FAB2
7FFAA
7F146
7FF68
7F6CE
7FD00
7F5B0
00024
00D38
00B2E
004C0
7FE36
7FFF4
7F5A4
005C0
00742
00A7E
7FB0A
007FE
00022
00122
7F1C0
00382
7FE2A
004DA
004E6
000FA
7FC88
00000
00864
7FB30
008CA
7F3C4
7F3D2
7F5AA
7FDE2
7F13A
000F6
00EF8
00464
7FC5C
7F6A2
7FECE
7FCF6
7F00A
7F810
00098
7FED2
7EF4A
0021E
7F81E
0023C
006D4
00B60
00570
00934
7F982
7F8AA
0045E
001FA
00E00
009D8
0093A
007F0
7FB16
009C4
7FF8E
7F660
003AA
0118E
000FE
00508
7F4C8
7F3EA
7FAD0
0025C
005EE
00F80
0075C
7EB0E
009C6
7FCA4
7FF62
7FBCC
7ED92
00140
7FC44
0015A
7FBA2
00930
7FEA8
7FC72
7F9FC
7FA7C
7F838
00CA0
7F2D8
001AC
7F998
00E88
7F86E
001A6
0028E
7F260
7F6E0
7FB7A
7FCF0
003E6
009E2
7FB38
7F71C
7F3EC
0004A
7FEFE
7EC50
7ED0E
7FE7C
00300
0000A
003B8
000D6
7F99E
004CA
7FFB6
7FA00
7F8F8
7FEF0
0014C
7F81A
7F57C
7EF16
0032A
00112
00724
00082
00668
00872
7F534
00676
7F126
007FE
00490
7FF46
00298
7F774
008D4
7FA5E
0045C
00D10
00DE8
00728
00782
0067E
00BFE
7F56C
00506
7F202
7FBEC
7FA2E
7FAF0
7F23E
00302
7FFB2
00950
7F2F0
7EE1E
006FA
003CA
00ADE
7FDA6
7EFB4
005E6
7FC00
7FE8A
0044C
0030A
7FE34
7F6AE
7FEDC
005EA
7FEEE
7F4D2
004AC
7FC68
7F630
7F926
7FC6C
7FD22
00400
0037E
002D6
7F6C8
7EEEA
7F496
7FCDE
00C98
004CA
7F4AA
7FDFA
00CEE
001E8
7FA04
0109E
7F402
003F4
00084
000FC
7FA3C
7FB4C
0048E
00042
7FF50
7FFA4
7F356
7ED0E
7F958
002FA
7F8FA
003DA
00BE2
00000
7EF9C
7FA46
0089C
7FB80
7FFAC
7FB98
7F794
7FF2A
00164
7F8A0
7FB8A
0085E
7FB0E
0033E
7F934
7FFFE
7F9D0
00ADA
7F94C
7FA66
0042E
7FE50
7FF12
7F464
7FDEA
0036E
7FFE2
01296
00038
0012C
00F8A
00A00
002A4
013CE
002FC
0047C
7F10C
00116
00978
0043C
7FA8E
003D0
001C6
7F8EE
7FDFE
00842
7FF1A
7F412
7F122
002B0
00C5C
0039C
008FC
7FF8A
00258
7F624
00180
00512
7FB1E
00656
7FC7C
00026
7FE18
00DFE
00AAC
7F9A2
004F6
00528
0017A
00462
7FF88
7FBC8
00786
00094
0023A
7FD74
7F3BA
00900
7F5B6
7F408
00C8C
0022A
00504
7FABA
00292
7FD50
00476
009E8
7EC9C
01424
002AE
7FB4E
7F878
7FC34
001D6
7FA00
7FC78
00C14
00D22
00986
7F670
001D4
003E2
7FB24
001CA
00CBA
7FCF4
0017E
003CC
00416
7F9C4
7FA0E
004B0
7FCF4
7FD0A
7F36A
7FE02
00670
003E2
7FEAE
7F78E
00BD2
7F71A
013B6
006F0
7FC28
00542
7FDFE
00122
0030E
012AA
7F14C
0060A
00416
003C8
000C4
7F6A0
00594
00B38
7FE1E
7FAE0
7F8C8
7F35A
7FE06
0079C
00076
7FBBA
001C0
7F572
006E2
7FF62
0154C
0115E
0051E
7F33E
7FCBA
7FF62
0039C
7F774
00200
0029A
00038
0095C
7FA30
7FEA4
7FAEE
0085E
009A8
003AC
7FA26
7FBBE
7FE7A
7F5E0
00B40
7F8F2
00200
00128
7F6A6
7F6FE
7FA6C
001F8
7F1A8
7FF36
7F000
004A6
006DA
7F00C
7F132
7FDEC
0092E
7EDC2
00200
7FF92
7F9D2
00072
004A4
002FE
7F7E4
00224
7FE58
7FEDA
005F8
0060E
7F858
00B18
7FD4C
00A22
7F202
005FC
7FC00
0012E
7FEC0
00932
00CE4
7F314
7F000
00ACE
7FC56
0077C
7FFFA
7F8FE
00CE0
7F70E
00000
7F208
00AAC
7F1AE
7FDFE
7F8A2
00876
7FD38
7FF34
7FFCA
003A2
00478
7FFB0
7F092
7EB24
00BE8
7F40E
006DA
005DC
7F99E
01060
7FB82
7FC44
7FED8
000D0
005B2
7F49C
7F3C4
00FF6
00D32
7FF72
00122
7FFFE
7FCA2
000AE
7FFCE
7F7E6
0029E
7FE6E
00194
004CE
7FC04
00894
009BC
00176
0037E
7F814
7F648
7FC04
7FF7A
7FC5C
7F426
001AC
7F9DC
005C6
0115C
7FB30
7F98C
00186
7F834
7F6D2
7FE0C
0046C
7F444
7F600
00492
00496
0078C
7F91E
7FC2E
00AFE
7F6D0
7F890
7FACC
7F278
00CD6
0072A
00386
007A2
001EC
00800
7FEA8
7FFFC
7F872
00D6C
7F75E
7FC7C
7F788
0009C
7F9BE
00D6E
7FC14
009CE
7F562
00988
004DE
7FE00
7FB1A
7FCE8
00872
7F3A8
7FC92
7FCA2
7FA72
7FB76
7F3CC
005DC
7F726
008BA
00AE8
7F6DA
0020E
7FC04
7F36E
7F8DC
00640
7F5E0
00278
7F63E
7FB5C
0036A
7FACA
7FFCA
7FC50
0061E
7F4F8
7FD8E
00798
00A00
7FCD6
0038A
7F32E
7FF2A
7F662
006F8
7FF5A
00298
00A40
7F9A8
7FF2E
0017C
7F892
7F818
7F536
00002
7F6F6
00328
7F108
0071C
7F952
7FEA6
7FC94
00292
00EF4
7FE48
7FCFC
004BC
00938
0047E
7F236
009FC
008B4
7FF72
0055E
7F866
7FE40
7F570
005A8
00552
7F2B6
7DD78
00660
7FBB6
7FD66
00642
7F9A4
7FC0C
00874
00068
00028
00138
7F81E
0050E
7FD2E
00566
0056E
003EC
7F376
7FE0A
00448
7FD28
00014
00000
7EF20
01668
00B42
7F4A2
7FD64
7F7A6
7F166
0003E
7F5B0
7FE66
7F7BC
7FFA2
7F78E
00308
7FB3A
005FE
7FB2E
7EB42
7FCAE
00F2C
7FCEA
0011E
7F864
7FE96
7FC94
7F904
7FE4E
00082
7F9D4
7F84E
7F900
007FE
7FB96
00650
00D62
0040C
00024
00A84
7F948
7F7C2
7FE48
7FF60
00C8A
7F6B8
7FE04
00232
01296
7FA00
7F456
00356
7F7C8
00022
7FC8A
7FCB6
7F864
0016A
7FE96
7FDE4
006EE
00124
0103C
0027A
0071C
7FE00
00376
7FD22
7FB26
7F178
000C4
7F944
7FB20
0079C
00130
7FE20
7F80C
7FEB4
00240
00A5E
00026
00204
000EC
7F9F2
0025E
004FE
009B8
00884
7FC46
003AA
7FED6
00720
7F4F0
7FF1C
0005E
7F948
7FF98
005FE
7FFD0
0002C
7F2C0
0033C
00504
00044
0023E
7FC5A
7F7D8
7EC16
7FE94
7FBA6
00124
7FDF0
7FC6C
7FA0A
7F626
000C6
7FA0C
00642
7F612
005DC
7FC0A
7F854
00270
006AA
7FED4
0067E
001DE
00666
7F98E
7EE00
00256
7FBA6
7FAD4
00ED4
7FC00
00194
00778
00256
00442
7F1EA
7FD4E
7ED2A
00416
7FC5A
7F866
00600
00448
0046E
0186C
7F88A
7FC3C
0047C
7FCA6
00928
7F5DA
7FE5A
00C96
000C6
7FD56
0058A
7F61E
7FA00
0008A
7FCD2
7FD3A
00862
7F9E2
7FED8
7FD1A
00DA0
00234
7FE32
00698
7FE00
0061A
00022
00440
7FA0A
009CE
7FE72
00258
0081E
0152C
0064E
00480
00ED8
7F73C
7F628
00E9A
00C18
00C16
7F2AC
7F59C
7FE00
7FC04
0076C
7F6D6
7FCD6
7F6A6
00730
7F422
00BB4
7FFA0
7FCA6
00858
7F1FE
7FD48
7F954
00B2E
7FE02
006EC
7FEB0
00FAC
00322
7F824
7FDAC
7F9B4
7FA06
7F406
7FCC2
7F53A
7FFFA
01306
006C8
7FD88
7F600
00D66
00E48
002B8
010CC
7F2A0
00D52
005CC
00054
009E0
00F08
7F62A
002CE
00408
00F66
006C4
7FE02
7FE20
006A6
7F73E
7FF26
003FA
7FDCA
00326
7FA02
7FF52
7FC08
00072
00B3C
7FADC
0002A
004AC
00600
000DE
00394
7F510
008D0
00178
00440
003F6
00A3C
7F43C
00704
7FA56
7F8C6
7FBE0
7F84A
00EA6
00FFE
005B8
0053C
7FCBC
7FD82
00D80
00120
00478
00768
002E4
00AB6
7FE6E
005D6
7FF04
7FB9E
7FC66
00200
0058C
7FC4A
00448
00604
00162
7FE0A
7F2B8
001C0
0037C
00654
7F0C8
7F516
7F2D4
006F8
00666
7FFFE
001FA
7F794
7FCBC
00BA6
0066A
7FFE4
7F962
00494
00744
7FB3E
7FD04
0044E
00B82
7F1CE
000A0
00200
0001E
001AE
00710
01160
00332
7FE9A
00944
7EE16
7EB82
001F2
00372
00462
00962
00940
7FC6E
7F806
0111C
7FF68
0106C
7F5D8
7F880
7FA26
7FE02
7FA18
00EB0
7FD1E
00B4A
7FA2C
00242
7FB72
00376
001FE
0081C
00218
7FF5A
00656
7F704
002C8
7FBE8
001E0
00064
0031E
7FC00
7FCC4
0123E
7FCFE
7FD02
7FBFE
001AE
01016
000B4
7FA6A
004B4
7F122
003F0
00DE8
7FA4A
7FA76
00428
00C9A
7FA98
001A4
7F556
7F200
7F702
7FBD6
005BC
7FD3C
004D8
7FA0A
0021A
0076C
0131A
005CC
009FC
7F4CE
7F3BC
01334
015D6
7FC06
7F19A
0012C
7FC20
7FC28
0044C
0077E
00D88
7FF68
7F6F0
7FAA6
7FCA8
7FA40
7FE4E
004F0
001DC
001FE
007AC
7FC5C
7F62A
7FEC0
7F286
0075E
001A2
00496
00CE2
0051E
00490
0072C
008AE
00708
0029A
7F808
00690
7FB54
7F84A
7FFDC
004BE
7FBAE
0096E
7FC90
7FD4A
005CA
00284
001D0
7F988
7FC20
00C80
7FA00
7FC82
7FAE8
7FED4
7F48C
7F990
7F758
7FF42
7FA36
7F55E
7FA74
7FDE2
00074
7F51C
0023A
7F808
00BF2
00126
00264
7EC72
005AE
000E8
00728
7FD92
00634
7FED6
7FF4E
7FF08
003B4
0029A
7FCDA
00074
7F9FE
7F2BE
7FEC2
0110E
001C8
7F9B0
00560
00372
7F1DA
7F6B8
7FC9E
006BC
00B6C
007C8
7FFCC
00C82
7FFFE
7F178
001A0
00AF2
7FBEC
7FFB0
014FC
002A2
7FDC0
7FCE8
7FC04
7F50A
00838
00304
7F862
7F836
00600
00408
0072A
7F5E2
00340
0121E
7FF88
00566
00912
002BC
0069A
00B04
7FDA2
00644
0087A
7F7D6
00800
7FC98
00474
0010E
01046
00C5E
7EDE2
00276
7FD10
7FBAA
7FC2A
7EF9C
7FE82
0028C
008DA
7FE4A
7FE00
00A80
7FCD6
00822
7F96E
7F8B4
002FE
7F9E0
7FAEE
007D4
7FD64
00516
7F4B6
7FFF0
7FD90
00462
003FE
00286
7FF8A
00E92
00308
7EB26
7F0F6
0009C
7EEF0
0076C
007D6
00DEE
7FF24
7F994
7FFBA
007D2
00400
7F790
7FAB6
00F52
7FE34
7EE94
00804
00A36
0008E
00C98
7FC82
0009E
7FDB6
7FF6C
7F178
00278
00DEA
00676
00682
7FC98
7F476
00778
7FF16
00314
7FEEA
00F64
00978
00C4E
7F316
002BC
7FD7C
00D48
7FBFE
7F94A
7F8C6
7FCBC
0009E
7FADE
00172
00174
00366
7FA80
7FFB2
00CF0
7F924
7FB38
7F380
7FC60
001F8
7FC86
013A2
01464
004B4
00820
00BAA
7FE8A
00D08
000F2
7FCA0
7F44E
7FE22
7FE3E
7F950
7FB1A
00600
7FA1E
00128
00D42
00292
7F2CE
004D0
7F3FE
7F2EA
7F856
004BA
7FFBA
002D0
005BC
7FD96
7FFA2
007FE
0023E
0027A
007BC
00B00
7FFAA
003B0
7F390
00A30
7FFA2
0094A
7F4CE
7FF2E
7FB84
00666
7FCF0
00600
01094
7F1DA
7FB9E
00564
00662
005B4
00CDA
00108
7F40C
7F3EE
00230
7FADE
003C0
7F422
7F6F4
00BF4
006B8
00736
7FF7E
7FCEC
00AEE
0050A
0019C
001BE
7F526
01142
00498
7F33E
00274
00488
00B02
00400
7F59A
007FA
7FA3C
00796
7F4AA
7FED0
7FF72
7F920
7EF18
000A8
7FDCC
00FF8
7FF20
00198
003C6
7FFFC
0021A
7FC5A
7FDF0
00EB0
0017E
0074A
00A8C
7FDA8
7F8B8
00570
7F96E
0087C
00ADE
7FE08
7FCFE
7FFFE
7FF5C
7F5A6
003CE
0019E
7FDF2
7FC50
00476
7FED2
0076A
7FB2A
00F6C
00474
7F4FE
002FC
7FAB6
003F2
0055A
7F768
001A6
0000A
7F9A2
005B4
7FDD0
7F258
0047C
01D1C
00BE8
7FB08
00362
0052C
00806
00200
7FE6E
00700
003E4
000E2
7F68C
0037A
00AD2
7FC96
7FA3E
7FCD8
7FDF4
005A8
00838
7FBC4
001EE
00002
004C8
00714
7F614
006F4
00D34
7FE48
0094E
7FB6A
7FC96
7F646
01154
00004
00738
011FC
00594
005FE
0057C
003AC
00650
7FC48
7F9AA
00B8E
0031E
7FF6A
7FDFA
000C4
006E8
7F784
7F956
7F4D2
7FF60
007FE
7FB9C
004DA
00544
7FBE0
7F824
7F2AC
7FD12
7F896
006DE
7F57E
00442
002D0
001AE
7FD6A
004C6
7F600
00282
7F164
00460
00CA2
7F9DC
7FF9A
7FF4C
7FFA6
00E60
7F808
7FEAE
00544
006DA
00908
00B6A
005F0
0121E
7F994
00302
7FA6A
0079C
000AA
008C4
001FC
7FAA4
7FE4E
0022C
004D8
7FB52
00102
0053C
005FC
7FD9A
7F4FE
014B0
000F8
7EF28
7F876
7FDB0
7F462
001DA
00242
7F9B6
00852
00ACC
00E4C
7FEB6
005F6
7FCA0
7F72A
7F7F8
007E2
7FFE4
7F308
0068C
0020C
00178
0005A
7F5F8
7FD7A
00716
00BDA
7FF76
7FE00
7FEAC
7F2AC
00FCC
7FD20
009E4
004D2
7FE9C
00458
7FF08
00136
7FE2C
0062E
00CDC
00836
7F844
7F20A
00446
7FF60
7F7AC
0010A
7FF86
7FCFC
7FB66
7FD8E
002C6
7FAC4
7FFE4
00BD4
004BC
003D8
000E2
00200
00242
7FA82
00658
009B0
0053A
7F892
7FC96
00F94
7FDD2
005A0
006B6
7F554
00616
00700
0091A
7FE02
7EEDA
7FDCE
7FE68
00026
002DE
7F4BC
7F9E8
00E80
7FA6E
7F41E
00A18
00092
00894
7FDCE
011D8
7F600
0010A
014A6
0050E
00966
7F6BA
7FDD8
00290
00330
002CC
7F710
7FF78
7FC0E
7FB5E
7F772
7FAB2
7FDFE
7FE2A
001BE
7F50E
7FC22
7EDF8
7FF14
7FD2C
00674
7EEAE
00452
0048C
7F702
7F6CE
7FA26
7F112
005FC
7FCD4
7FFB0
7FF96
00B86
7FD64
7FDD4
7FE24
008BE
7F89C
7FD18
00524
005A4
00B6C
7FE0E
0024C
7FE02
7FCAA
7F528
0000E
7F6FA
7F90E
0053A
01088
7F584
7FD0A
7FC28
7FCF2
7FF52
00726
01032
00300
7FA00
0003E
001FA
7F6A8
7F8CA
00444
7F5A0
00BA0
7F52C
7FFAA
7F0DA
7FDC4
7FDC8
7F134
003B8
7F36C
005FE
00020
7FBDC
00112
009F6
00192
7F186
7FABE
003FE
0092E
0025A
7FB26
7FFBE
7FCAC
7E880
003B8
7F600
00B2E
7FF48
00408
7F7E6
7FF3C
006B4
00EF2
7FAD4
0039C
7FD4E
7FB62
7F890
7FFEC
7FEBA
7EABC
00200
01386
002DE
7F920
7FD58
000BE
00224
00C00
00400
00660
00F7C
7FB84
001E8
7FA74
0050C
7F81A
00000
7F9E8
7FBAE
011A2
7F63E
00190
7F7C6
00B08
7FDAA
7FF94
005D2
000D6
7FFC4
00312
7F65C
7FC52
00004
0061C
00348
7F8A0
7FE12
7F5AC
00CFE
006CE
7F808
7F1C0
00390
00562
00488
00A20
004A4
7FAD0
7FFFE
00460
7F57A
0078E
00F62
00566
007B4
7FED8
7F266
7FDB8
7F9A8
00E78
005DC
7F754
7FACA
7F460
7FFEC
7FCBA
7F84E
7F5AC
7FC4A
7FAE6
7F6CA
00066
7F806
7F48E
0003E
7FEFA
7F5D0
7FF3C
7F6EE
0080A
7FE00
7FC98
7FB36
00854
00818
0014C
7F464
00266
00382
00B34
7F344
00A0A
00224
7FB5A
007F8
0037C
00200
7FE9E
7F986
7FCEE
7FAAC
00824
7F456
7F56E
7FBF4
7F82A
7FD64
7FBE0
00532
007A2
7FDB2
7F8D4
009FE
0066A
008A0
00460
00B22
7FEFA
7F716
7F8D6
01458
0065C
7FDD2
7F96E
7FDD8
008E0
0017C
0111C
7F604
00E5A
005F6
7FC5C
00204
00782
00196
0009E
7FC00
0061E
7FE2E
7FA90
7FACA
00406
00770
00146
7FE00
7FCBA
0171E
0074A
7F2A8
00130
00112
7F9D6
7FFFE
7EF6C
00FFE
7FF4C
0059C
00254
7F77E
7FE5E
7F612
7F94E
01102
00A78
00324
7FC86
00334
001C2
01068
0030E
003A6
006A4
7FA56
01A4C
0046E
00350
009FE
00C52
005C2
00392
7F9FA
7F340
7F798
00D5E
00004
7F70E
7F73A
7FC3A
005A0
7F9A2
00566
7F8A2
001F8
00320
7FD38
002C2
00024
7FC5E
00436
7F532
7FF86
7F608
009B8
000F8
7FA5E
7F7AC
7FE8A
00C30
7FA00
004A4
7FFF0
0004A
7ECFA
00392
00432
7FF7C
0092A
7FFA8
7F998
0033E
0027C
00588
7FDC8
7FF60
001FE
003B4
7FF26
7FFC8
7FAB6
01760
7EF5A
000C8
003FE
7F53E
00848
7F158
004E0
7F892
7F8A0
7FF1C
00600
7F6C6
0023A
00F46
7FFB6
0003C
008A8
001C4
00ED4
7FC58
0012E
003BA
7FA32
00708
7F730
00428
7FE00
00BB2
7FEB0
7FF6A
00896
00EE6
00A66
00414
003FE
00D52
7FCF0
7F8EA
00E6C
00760
7EBC8
7F738
7FE00
00AB2
006DE
7FF3A
7FFFC
00A1E
7F9E8
7F654
7FC4E
0001C
7FF7E
7F754
00CFA
00780
7FFCA
0035A
00606
000FC
00740
7F102
7FFFE
0049A
0065A
00C00
001FA
7FA98
7FD7A
00090
7FD66
7F488
7FB1E
00A8A
7F600
009D0
007B6
7FF14
00002
004FA
7FFB0
0101E
0079C
0047C
7F6D2
7FABE
7FE46
7FDEE
7FB8E
7FB0E
7FDF8
00D88
00306
7FCA8
00000
00248
7FDB2
005D4
001F0
008D4
00346
7FF76
7F74E
0049A
7FBE8
0009C
7FC00
00C6E
00E3E
7FF6E
7FC36
7F496
7F232
7FA58
00092
7F75A
00A6A
7F82C
0033C
0013A
7EB10
00024
7F9FC
00104
000DE
7FB1A
0146A
00950
7FC64
7FC04
7FC94
00442
00ADE
7F3E4
7FF56
004C0
0041A
7FAA2
7FC00
7FDB6
7F826
7F5FA
00340
008D4
7F826
7F6A4
00356
7F6EA
7F9F0
00EC0
7FF8E
7FC56
0069A
7F59E
7FDFC
7F97A
008A8
7FAAE
7FBF4
0032A
7FDFA
001A0
7FF66
7FD60
000BC
00548
7FDD2
7FEFA
00584
7F59C
7FE00
7FF4C
7F88A
002CC
7EADA
7E994
002AA
7FB6E
7F206
7F23C
001E2
7F90A
00426
7F608
0130C
7F388
00FEA
00210
00C30
7FB82
7EFE4
00248
7FC3A
7FECE
7FCEE
7F78E
7F390
00C72
00930
000CE
004FA
7F92A
7F9FE
7FDCE
00A64
00648
00148
7F8AE
7FB0A
004BE
005DA
7FF04
001E4
7FBD0
7F7CE
7FFA2
7FEB6
00024
007E6
00036
009C8
7FF12
7FC38
01026
7FD00
0068E
00B0E
007CC
7FFB8
7EB1C
7F2E4
004AA
00220
7FDBA
7F800
0073E
00CA8
0067C
00012
7FA34
7FEC0
00646
7F8EE
7FBB4
004D6
00D32
7FFA8
0081A
00264
7FCA2
00DFE
00326
7FC42
7FFD4
003C6
00890
7FB68
004E4
7F96A
00D5C
7E89A
7F7C8
0020A
7FFBE
7FAE4
0082E
003FE
7F700
7FCA4
00518
7FF70
7FC84
7EDC8
7FD62
00710
7FCB2
003FA
7FEA6
00582
7FC28
00C80
7FE10
00600
000F6
7FDC0
0023A
00CB2
00E60
004C0
7F9CC
7F698
7FC94
7FB44
00A02
008CA
009A6
7F986
7FF76
00200
001D8
7F542
00354
0066E
7FC54
009F6
7FBB2
7F4F8
7FE16
7FDDE
7F8EC
00102
7FD14
00A7E
002F6
003FA
005AA
7FD06
00864
0024A
7F414
7FBF8
7F8C6
7F3CC
000F8
7FDA8
7EBC0
00590
7FD0A
005BC
00202
7F600
7FDB2
7FDBA
004FA
7FD8C
7FA2E
7F858
7F674
00310
005D2
00ACE
7F22E
7FD56
7FF94
00322
7F9B4
7EC12
7FCBE
004B2
00C34
001AC
7FD5A
0065A
7FA86
7FC30
7F474
004F0
00790
0040C
002FC
007DA
000A0
7FA00
7EE5E
7FFB0
7FEAE
7EDFE
00266
00300
7FE78
7FA92
7F6BE
7F034
00732
00756
01190
7F30A
7FC7A
7FFFA
7F9B0
003F0
00976
004EC
0060A
00A2E
00A28
7F0F6
7FE44
7EF12
0018C
0068E
7F9EA
7F592
7FE18
00200
00006
7FB92
003AE
00590
7F356
7FAF8
7FC26
7FD70
0097E
7F86E
7F38E
7FF68
0077C
001C4
7FD30
7FC04
7F9C8
00F4C
00632
7FF84
7EEDA
7FB32
007D4
7FF10
00456
009AE
00D12
7FAA0
7FDB4
00248
00034
00E00
7FA60
00AF0
7FC1E
7FE36
7F5EE
7FAC0
7FFB2
0036C
00124
00384
7EC76
0060C
010D0
7F648
005E6
7FC0A
7F9D6
7F83E
7F6A0
0068E
00158
00806
0067C
00BD8
7FCB4
0039E
7FF54
005AC
015C2
7FD70
005A8
7F9FE
7F75C
7FD78
00ACE
00D42
00986
00112
7FA8C
0009E
00B14
004FC
7FEB4
7FB18
004DA
00B8C
7FB5E
003F2
7FF38
7F402
7F4BA
0159A
7FAB8
7F0D0
7FCDC
7F81A
7FA60
7FF3A
007D4
0011C
00AFA
00BBC
7F6D2
00A00
7FA9C
7FC94
7FCF2
005F6
7F4B0
003F4
7F4F8
009A6
7FDDC
7F996
7FCD6
00C0C
00684
00F72
002BC
7FE00
00B66
005AE
003A8
7FFDE
003CC
7F4A2
00C88
7F784
7F80C
0016C
7FBEC
7FF02
0016A
7F776
7FB50
00DFE
001C4
7FC3E
7FFA6
00D58
001F6
0086E
0036C
7FE58
7F7A4
7F76E
00634
0019A
0009A
7F600
7F83A
00200
00A0E
01278
00726
7FCCE
006D0
004A2
7FE22
0087C
0009E
7FC96
7F9A4
00354
7F632
7FD6E
006A8
7F400
0078E
7EFA2
7F2A6
00162
00812
00EEA
7FD96
7F932
00250
7F384
7FB08
00670
7FBE6
7F34E
0056C
7FC04
0018E
00CA2
7F2DE
00D54
7FF54
7F738
00E10
00652
0028E
001AE
0017E
7F936
7FCB0
00BB0
003B0
00800
00634
00042
00698
00470
7F7EA
7FCD4
7FD62
7FED4
7FD12
7FCE4
00CBA
0005A
7FEEC
00934
001B0
007F2
7F956
01466
006CA
014AA
00272
002B4
7F990
011A2
00096
7FCF0
7F874
007F2
7FB68
7F21A
7FDD2
00600
7F7A0
00AD0
00D54
7F316
00130
0002A
7FEAC
002D0
7FC3E
01224
0068E
7FC36
0015E
0077C
7EC3C
009F8
7F442
00462
00396
007A8
7FFD8
7FFFE
7F912
7F934
7FF1E
00B72
004DA
002E0
7FFF2
7FED0
002E4
7FE00
00C20
7FC26
7FC0E
0060E
7FC36
7F91A
7F4C4
7FD28
7F36C
7FD3C
7FA00
7F1CE
00728
7FE56
00B0C
009EE
7FEB6
01488
00B10
7F734
7F602
006BE
01160
7FED2
7FF52
00520
7FDC2
00730
7FF8A
7FB4C
00C6E
01000
7F5B8
7FDBC
7E838
002BC
7F400
7F2F4
008FC
7F448
7FB6C
7FCCA
7EE8E
003F2
000CE
7FDC2
000B6
007F0
00004
7FB0A
00508
001CA
7EDAC
7F7E6
00504
00182
7F608
7FD22
00152
003FE
00426
7F8A0
7FCBE
7FBFE
00E28
0041E
7F752
7F53C
00974
7FECA
7F87E
7FFAC
7FB16
003C4
7F7B6
003EA
003A8
7FE0C
0090C
003F2
7FA5C
000B8
7FB0C
7F648
004D8
00890
7FF64
01278
7FA20
7F4BC
006EC
003F6
0027A
00942
0056C
00E00
008B2
7F6E6
7F1D8
01112
7FA7C
0039C
7FFC4
7FAEE
00828
00C3A
004C4
0008C
00724
002A6
00124
7FC00
001A8
7FFB0
7FE86
7F8F0
7FCF8
003F0
005E0
7FB6A
00388
7F4E8
7FA58
0043C
0098C
005EE
7FD60
00200
7FB26
0024E
001BC
0090E
7FF10
7FCB0
7F1EE
00910
0103E
7FDEC
003FA
013EC
7FBBA
7FFD4
7F768
00BFE
7FD3A
7FF1C
7FB70
004EC
7F30E
003C0
004C0
7F898
007F0
7F8F4
7FF5C
7FF46
00360
7FF9A
7FDBE
7F400
002EA
7FB00
7FB28
7FDC0
7FFDE
00ACC
00860
0003E
7F9FC
014CC
7F7BE
7FEE0
7FF8A
7F8CC
00158
7FA02
7F730
7F7F4
00E16
01028
003E2
00910
004F4
00562
7EBEE
7FB80
01058
7F9E0
002F2
008A2
7FE32
007FC
7FAB4
0020C
7FF28
005C0
0004C
005FC
00322
7F7C8
004B2
7FB5A
7F15C
7FA50
7FB78
00928
002FE
7FA0C
7FF48
0020C
00B36
00438
7FC26
00F10
004F6
002A0
7FABC
00D44
002C8
004EE
0085E
7FC58
7F7F0
00200
7FAB0
00028
00698
7FC12
0033E
0066E
00438
7F5BA
01058
7F66E
7FFA4
7FE7A
7FE3A
7F6C8
7F8FC
007F4
7FEA2
004B0
7F9D2
007B6
7FCFA
7FF88
7FA4A
00BD4
7E9AE
7F5B0
0069C
0002E
7FEA2
7F00A
0047C
7FE00
7F646
00984
7F7B6
7F782
00104
0008E
002CE
7FE40
7FF3C
7FA9E
7FB52
7FAC0
7FED0
7F770
006E2
7F00A
002CE
00822
00A1E
7FCC2
7FC76
00010
00C46
7F812
7F8DE
002B6
000DA
7FEA2
001EA
7FB1E
0092C
00E00
002F6
00B58
00430
7F728
005BE
7FD70
00128
006DA
002C6
7F5CE
7F9A0
7FDA4
0039A
00332
004F4
7FA04
00AC4
007D4
00036
7FB18
7FE7E
0090A
002E0
7FED4
7FB10
7EF16
00CEE
7F8DC
7FD7A
7F904
7FC40
7EDFE
01238
7FFA0
0023E
00392
002B2
7FA06
7FE3A
00138
00054
7F962
7F8C2
002C4
000A8
003EA
7FAC2
009E2
7FABA
7FBC8
7F3EC
7FA30
7FC14
7F7A2
00364
7F92A
7F2C4
00332
7FB1C
7F6C0
7F020
7F800
00980
00600
7FDF8
7F91A
7FF2C
7FC32
7FFAC
7FCCC
7F3CC
7FCD4
002E6
7FA04
7FCB8
7F914
0037E
00A44
7FC3C
7F600
005C2
7F442
7FFE2
00018
7FB02
7F778
7F854
7FB2E
0041E
7F9AE
7F8A0
002A2
00BBE
7FBBA
000BA
7FE00
00306
7F66C
00A24
7FD76
7FAE4
00370
7F5DE
7F72C
00348
00678
0030E
00AEA
7FF22
7F12A
007D8
005FE
0129C
7FB44
001F6
7EE42
7FF44
002A2
004A4
000D2
7F7A4
006CE
7F7BE
0015C
0017A
00E7C
7F944
00600
7FA54
00484
7FC3C
00132
00B02
7FD06
000EE
006D6
0001C
7FD58
00BF0
7EF40
00250
7F7E8
7FAB2
7F216
7F3CC
0041C
00BE2
0027E
005E2
7FB9E
7FAFA
7FED4
7FE18
00958
7FECA
00478
7FDE8
7F7AC
7FA72
005FC
00144
7FC3E
7F324
7FBFC
005DC
7F8F4
0099E
0012A
7FEB4
0005E
0063E
7ED18
0035E
7F4EE
7FFDE
00202
7FC38
00E6A
0043A
00052
7F4F8
001BE
0038C
7F92E
00C32
7F598
7FABE
7FF48
7FBE6
7F842
7F69C
00A00
7F9A2
7FDD2
00438
7FBFE
000C4
7F1F2
00290
7FCE8
7F4DE
7FFEE
7F01E
7F04A
00ED0
7FB68
0090A
7F408
7FF3E
7F48C
7F8A6
7F65E
7FDD8
7FD14
0010A
7FCF0
7FECA
0045A
01098
7F2DE
7FD18
0108E
7FF20
001FE
7FFBA
0008A
7FF4C
7F934
7F5A4
7FBF0
00360
00B08
7FDA0
7F5D2
7FA5C
0029E
00A04
7FDC0
00758
7FFFE
7EE02
7F9C6
0008A
0046C
0002C
7F668
00C44
00B18
0018E
00944
0017C
7FA70
7FC12
004D6
003C2
7FE00
7F7A6
7F9CC
00056
000FC
7FDEC
7FC36
7FEAC
7F95E
7F104
7F30E
00180
003F2
0094C
7F040
004CA
7F806
00282
0044A
7FD8A
00142
004CC
7FBC6
7FF58
7F8F4
00F90
011D4
7EF2A
00F2A
00332
7FC32
7FB0A
001FE
7F842
7FB14
00CF6
00E2A
00102
7FBD6
7EEF4
7F6A8
00520
00618
0020E
7F4C6
00002
7FAB4
0033E
007E6
7F63A
00126
0084E
7F784
000BA
7F1D2
00192
00710
00678
7FA74
00546
00022
7FA64
7F336
002E8
7F400
7F974
7F618
00868
00D5E
0073E
7EBA2
00446
003C0
0016E
006C2
00462
7F5EC
7EFD8
7FBAA
7EE32
00600
00014
7F320
004E6
7F004
7FB86
7FDB2
7FF84
0016A
7FFCC
7F662
7FE72
7FBCC
7FC80
00A3E
7FF38
7FC00
00EC0
00578
7FE44
00EE6
00F34
0088C
7F322
00C3C
7FABA
7FD10
7FEAE
7FFBC
00AF8
000C4
7FD68
7FA00
7FBD4
7FDFE
7F66A
7F3B6
014E8
7FACE
005DC
7FE96
00496
0091E
7F7D0
7EE8E
7FD1C
7FCA2
7FD14
00200
005B4
0117A
7F41E
7FB94
7F49A
7F5AE
7F8AA
0028E
7F0B0
7F7BA
0018E
7F934
7FAC8
00B7C
00342
00000
0039A
01056
7FB16
7FB5C
7FF88
7F33C
7FAA6
0083C
014B4
7FEA8
7F77C
7F660
00736
7FB42
7FAB4
001FE
7FE98
7FF54
000B4
7FF44
00D72
00618
00788
00560
7F07E
004A6
7F542
7FBFC
00CEE
00064
7FF96
00BEA
7F274
7FD6A
7FA68
7F9D8
003FC
7F26A
7FAD2
7FFBC
0047C
7F658
7FC16
00478
7F6AC
00772
7F81E
00C00
004A4
7F82A
7FA74
7FBAA
7F1A6
7FC48
00C8E
7FFC0
7EE5C
7FD04
00638
00AAA
0052C
7F7AC
004F6
00202
7F120
7FE14
7FB00
004C2
007CA
0092E
7FDFE
7F4F6
7F9BA
00802
7FEA0
7F87E
7F360
7FAEA
7FACE
00000
00814
0062E
004A8
0017A
000FE
7F6D2
7FEB8
0083A
7F91C
7F88E
00032
00B4C
7F5AC
004F4
7F450
00208
006F8
7F042
7FFBC
7FE06
7FE02
7FBBA
0058C
00312
7F9EC
00594
00124
0015E
7F938
00072
7FD08
00000
7FD12
7F4BC
7FD1E
00646
00014
7FD78
7F926
0016A
7F4F8
7F958
00736
7FDA8
000D4
003E8
0060C
00DE4
006C2
7F588
00D16
7F8E4
00094
00B4A
7FC84
7F972
001D6
004A2
005F0
7F556
7FBE6
00C68
002CA
7FFFE
0007A
015D8
00B40
7FB36
0025E
7F722
00C3A
7FE80
7FFEC
00538
00E4E
7FC28
7F688
00204
7FE12
001F8
007D6
00216
7F8A4
7FD76
003A2
0026A
00558
7F696
7F202
00A6A
0012E
7F914
01112
7FB4A
0065A
7FC00
005B2
7FC0E
7F310
7FFB2
0005C
7FAD4
7FBEE
00BA6
7FEC6
00BDC
00252
7FCF2
7F78E
00502
7F65A
7F800
00A36
7F9E6
7F5E2
00A1E
008CE
7FA40
7F50A
7FC58
7EA12
7F5DA
7FB30
7FCE8
7FE6A
00A8A
7FCD6
00400
7F1F2
0008C
7F57A
00320
7F4C2
7FBD2
005E8
00056
7F9C6
7F738
7FE2C
00DE2
7FC64
7FF1C
0029C
007FE
0055E
7F982
00DCC
7F30E
00860
003CA
0158E
007A6
7FAD2
7F712
7FCCA
00840
002A4
7FCA6
7F918
00200
7FDFE
00E94
7F58C
00396
7FA86
7FF56
00EA6
7F89E
003F8
7F902
001D6
00AF6
00DDA
00E92
0006E
7F7FE
7F2D2
006CA
7FE7E
00970
7ED2E
0021C
00808
7FDBC
7FF78
7F1F4
00A76
7FFE8
7FAA6
004A2
003B6
7FDFC
7FBEA
01000
001DC
7FFE8
0044C
00552
7FCE0
7FB6C
7FCC8
000A6
7FE12
0096C
000B0
010A2
00DD4
00008
7FF8C
7F124
7FDA4
00AF4
002D6
7F28A
7F3FA
0064E
7F844
7FDD0
006A8
00394
00332
002A6
001B2
00400
7FDE8
7FB4A
7F4E0
7FCD8
0070C
00350
00AEE
000D4
7F440
7FEC2
00AEC
0043A
000DA
7FE40
7FB18
7FFFA
002F4
7FB80
00346
7FECC
7F93C
0014C
004BC
7FF1E
7ED7E
7FB10
7F884
7FBD2
7EB6A
0068C
7FF6C
7FC00
00638
00F42
000BA
00B8A
0026A
00D08
7F4B4
7FB30
7FACA
7F834
0025E
0043A
7FD80
7FA42
7FE48
7FFFC
7FF38
7FD3E
00254
7F8BE
7FAE0
001A4
7FA32
004D0
00888
7FAA8
00A3A
7FBC4
7ED88
7FDAE
7FD3E
7FC00
00E22
7F9E4
001C8
005FE
7FE80
7F38E
7FCB0
004D6
00252
7EE3E
7F508
00566
00AE0
7FD36
000D4
7FFF6
7FC38
7F7F0
7F75A
001AA
7FC36
00212
7FC20
004CE
00324
00816
00512
00198
00AE0
7F672
00200
003FC
7FDA8
7FB74
7FAC4
000E0
00AE2
00172
7F24A
7FF2A
7FF14
007BE
00498
7FF0C
7FCD4
7FC40
006CE
7F814
7FE72
00AC8
7F9EA
7FF8A
7FD94
7FC00
007E0
7FF28
7F98E
7F9B8
7F804
7F202
0059C
7ED16
7FE7A
00400
000FE
0034C
0065E
00162
00876
001A0
7F1C8
004D2
7FE20
00D80
7F28C
004C2
7FF34
005F8
00782
00000
00E1A
7EDB6
7F826
7F6F2
7FF68
00496
7F99C
00456
0008A
7FC26
7FBAA
7F824
002BC
7FB34
7F300
00000
0006A
00354
01504
7F29C
003A0
00076
008A4
7FF2A
00D6C
005B4
7FF16
7F740
0034C
7ECE4
7F89C
00400
001CE
00858
00B56
7FD10
00946
007F0
00818
00FA6
00DE6
003F2
7FF22
003DA
7FAAA
7F352
0056E
7FE00
0044C
7FC6E
7ECF2
00356
7F614
7F912
00306
0095E
007AA
0017E
00482
0091C
7F942
7FF68
7FE92
7FFFE
7FF32
0057C
00A1C
00738
7F738
00B14
7FFDC
7FFC0
7FE48
0041E
7FFC6
7F52A
7F630
7FC8E
009C4
7F600
0079A
00174
7F304
001CE
7F524
7F708
003EA
00690
7F5F0
7FF08
00298
7FF50
7F8E0
7F79E
0023E
003FE
7F798
00A3E
7FEEA
0038C
7FF3E
7F278
7F6F0
00842
7F800
7FDA8
7F978
0025E
7FF70
7EECA
00E28
00A00
00F12
7FCDE
7FDC2
7F6C4
7F932
7F816
001D6
7F780
7F65A
7FB5C
00E36
00566
7F764
00AC8
00624
009F6
00450
7FCB0
008D0
0061E
00C5E
7FDC8
00BC6
00078
00220
7FFC8
7FDEE
00BB0
001CE
0017C
7FC6A
00200
00C70
00EDE
0072E
00270
7FB78
7F65E
7FDAC
00870
7EF08
00250
00B02
7FE16
7FDB4
7F5DC
7FEC2
009F8
7F340
7FD30
004B8
7F8B0
004F4
7FE22
00664
7EF7A
010B0
7FCB8
0015E
008AA
7F7B2
7F380
0019A
00200
7F11E
0062C
006DC
00B10
0081C
7FEE2
00892
7FF80
00994
7FBEC
7FE86
00378
7FC76
7FF16
7F9A2
7F604
7EE10
005E0
0013C
00B04
00354
7F826
7FE70
7FD30
7F9BA
0023E
0006E
7FF98
7FE08
7F818
0160A
001FE
7FC42
7FED8
7F1BC
7FFAE
7FD4A
00C86
0091A
0105C
0017E
0073C
0027E
7FD08
00616
001FE
00454
7F61C
00E16
00066
7FE9C
7FA36
01AC2
00786
7F8F8
002D2
00AE0
7EF36
7FF92
7F00A
00210
7FBA2
009BA
00E00
7F92E
00D94
7FFF8
003D6
7F702
7F746
7F03C
000D2
0066C
0030A
0006C
00612
7FB9A
0035A
00C32
005FE
7FF18
008B0
7FA7C
00EE2
7ED5A
00250
005FE
7F2B0
000CC
0059A
0097A
7FA88
7FDA2
7FE60
00230
00200
7F10A
00A94
00996
7FEFC
7F968
7F8F8
7FE34
7FB2E
7F65E
7FEF0
7FEFC
00A66
00070
7FC1A
0030E
001FE
0012E
00816
7F83A
7EE46
00E88
7FFC6
00610
00950
007EA
7FF72
00AD4
004FC
00A0A
7FFD2
0040E
7FE00
7F9D8
7FDB0
00076
009AC
7F7E6
0061E
7F942
7F14A
00286
005CC
0032E
7FD54
0064E
7FB6A
0051E
7EC10
7FBA0
7F922
7F8AA
7F7B0
0001A
00504
7FA10
00490
7FCD4
7F2E8
000F2
0040A
7FF48
006D6
7F2A0
7FDFE
7F99E
00A3A
7FF3C
00B36
00250
7F0AE
7FC76
00AB0
7F5EE
0121E
7F950
00104
7F8D4
002BA
7F714
00000
0049C
006E6
0007E
7FB5E
00810
7FC34
00144
0076C
00708
7FD20
0104E
00590
7EF28
7F2FC
7F97C
7FA00
006AE
7FBA6
7F96E
7F496
00510
009B0
001A4
00056
7F78A
7FED2
7FBF0
0020C
7FA3C
005B2
7F96A
001F8
7FFB4
00780
7F83E
00FA2
7FEF6
7FCE0
00ED0
7EC6E
7F700
7F846
004B0
0170A
00AC0
7ECEE
7FCEC
7FA00
7F37C
7F46C
7F464
009BE
00418
00D1A
0011A
00BA4
004C2
0007E
00C18
7FEA0
7F46C
01368
00386
7FA06
7F724
00616
7F462
7F9F8
00756
7FA04
7FC24
7F7A6
00036
7FACA
7FD66
0001A
7F26E
7FC5A
7F3CE
7FE00
00B20
0014E
0011C
7F88E
00C88
7FCE8
7F8C4
7ECD4
00868
008BA
002C0
0004A
7F740
00A5A
7F782
7F808
00278
00410
7FAF8
7F5C4
7FDE4
0081A
0108A
00704
00AE8
7F548
7FF50
00D98
7F8C2
0024E
00212
009FE
008A4
7FC84
7FD3A
7F5BC
00F5C
7FE70
008C6
7FB22
00322
7FC82
7FC8C
7F876
7F2E4
7FCC2
7FE3E
007E6
0106C
7FE14
7FAE8
003CE
7F41C
00C88
0023A
7F8F2
00452
00592
001C4
001A6
00D4A
00670
7FF40
7F800
00A3A
7FAE0
7F71A
7FA02
7F55E
7FF8C
00478
7FC96
007EA
00532
7FAEA
00178
7F7A6
7FE02
006A6
7FA00
003C2
00982
00CAE
00278
00B5A
00836
7F99E
7FAEC
00820
0013C
00714
7FB9A
00236
7FF92
00338
007FE
7F122
007D4
7FB36
7EBDC
7FDAC
7F68A
006B2
7FF6A
00006
00554
00A9C
00302
00442
00438
00130
005FE
00B76
7F620
7FBF6
7FFAC
7FC8C
0040A
005D2
00910
000A6
001E6
7FD20
7F7EA
00B9A
00BD8
005A6
7F800
0033C
00262
7FF1A
001C8
7EF0C
7FD54
00954
001B2
7FC6C
00016
00510
7EEC4
00234
0093E
002C2
7F416
00190
7F90A
7ECF2
005E0
7FF76
7F7BC
7FAE0
7FC02
7FA1E
7FCFE
00404
7F730
0046A
7FB00
00360
7F7FE
7F86C
7FDE6
000E6
7FC96
7F712
7F864
00B68
7F65E
006E4
7FA20
7FDB8
7FFA6
012BE
00070
7FCAA
7FC04
7F99C
0090A
0005A
003B8
00444
7F9A2
7F8A4
7FBFC
00BB4
01664
7F540
0027C
7FCB4
0043E
00B76
00200
7F71E
7FCC0
7F386
7F09A
0077C
0073A
005F6
7F178
7F604
7F8BC
7FF2E
7F482
7FB34
00696
7FF02
00204
0030A
0020E
000DA
7FC1A
0060A
00042
7FF8E
7F468
7EF9A
7FEE2
00560
7FD5E
008D6
00082
7F78E
7FE00
00B4C
00000
0079E
7FB08
7F786
7F3C4
00CAC
0026E
00316
000DC
0092C
7F17A
006BC
007F4
0049A
00600
003B6
00C72
00376
0005E
7FA84
7F97C
7F6EA
7FFA4
002C8
7FC16
7FE0A
004BE
000EE
7FC40
7F07E
00600
0059E
7F640
7F71E
003DA
7FB6E
000FC
7F5F6
7F9F6
7F8A2
7FDC2
004B0
7F7C0
7F6B2
7FF66
0014A
005F6
7EAF6
0088E
7F9FE
7FEDE
0081A
000F0
7FD82
7EFEA
7F876
00A46
7FED4
7EDE6
0040A
7FF44
00758
009FC
002E0
7FFB6
7FB0C
006CE
0042A
7F6EE
7FD0E
7F9F2
7F26E
003A4
7F7C4
00670
7FDEA
7FE92
7F034
009E2
7FF12
00986
00BD4
00636
009FA
7F3F4
00758
00C20
00314
7FC70
7FCBA
7F418
7FBEC
005E4
7FF1E
7F800
7FEAE
7F3AC
7FC6A
7FA50
7FD08
7FBFA
0042C
7F8B0
0040A
7FCB4
00DA0
005CE
0093E
7FDBC
00F08
7FC00
00050
00B40
006A8
7ED14
7F2FC
7FE26
007B0
00C7A
00404
000CE
00BCA
00140
003CA
7F348
7FFD6
00C00
0043E
011B8
7F08C
007D2
7F716
7F5EE
00544
00F4E
7FFFE
00766
00494
7FB5C
7FFA4
7F812
00D42
00000
7FF5C
0104E
0008A
7F8CA
00BDC
00598
7FB54
7FB82
000AA
7FA1C
00280
00594
7F50C
00142
002B4
00200
7F7BC
0059A
0022A
007BA
7FE7C
002F4
7F64C
7FFFE
00520
0064A
00526
7F808
0017C
00210
00B22
011F0
7FD58
7FCB4
7FE10
0043C
0084A
0020E
7EEFA
00254
7FB80
7FD1C
0099C
007A4
005B4
7FF6A
7F92E
7F9FE
7FD5E
7FA0E
008F8
7F3CC
7FB00
002CA
7F446
7FFFE
00642
7FCD4
7FF0C
7F5E4
7FCE0
7FF52
00358
001F4
00BCC
005FA
0021C
0082E
7FB9E
01124
7F956
00DA0
00614
00D68
008AE
00270
7F33A
7F646
00398
7FE00
0015E
7EBDC
7FC06
7EC86
00980
00368
000DC
001FE
7FCD0
0065E
7FA1A
008CE
7FA08
0053C
7F3B2
00204
0041E
7FE6C
7FAF6
7FAA0
001A0
000B8
7FD9E
00A70
00376
7F44C
7FBDA
7F7BC
00B38
7F854
7F1D0
001FE
7FFF0
00396
00A16
008AC
00ABE
7FB22
00578
00204
007AA
7FB3C
00318
00D24
7FFBA
7F176
7FE7A
7F608
00594
7FC96
7F83A
00028
7F98A
7F676
005D2
7F980
7FCFE
7FFCE
7FDA4
00224
7FBA4
7FB64
0022A
7F600
002A6
0129C
7F16A
7FCF2
7FC06
001D6
009EC
0080A
7F51E
006F8
7FD24
7F77C
0067C
7F47C
7FB8C
005F2
7FBC4
7F460
00DE6
0009A
00A92
7FADA
7FFAA
006CC
7F7DA
0042A
7F774
7EA2A
7FA2A
7F552
006AA
7F1FE
01010
7F7CA
7F94C
7FF18
00448
00D8E
00C34
007F8
0007E
7FD34
00130
00228
7F9CE
7FC92
7FB76
7FA10
7FB34
0012A
00148
7FB6A
008C8
7F100
7F902
0012C
7F226
7F788
01078
0042E
0080A
7FE46
7F3B6
7FA00
7FFF0
00AD8
7FAA2
0080E
7F284
7E3EE
7F8CA
7FC96
7FBEE
7F3DA
7F59A
7FD24
001C2
7EBDA
7FAD6
7F800
00C58
00B3C
00516
00154
00852
7F720
0077C
00494
00328
7F132
7F3EA
7FBA0
7FE4E
0068C
7FEF2
00200
00504
00078
00628
00998
00646
7F7A4
7F33E
7FF6A
00A94
000D6
0018A
7FC84
7FDAE
003B0
0074C
00400
00202
00012
7ECF0
00504
7FB92
00200
00106
0076A
009A4
0037E
7FB82
7F2B6
7FEEE
7F53A
01104
00400
7F702
00018
7FCB0
005DC
7FF8C
7F538
7FC44
7F966
7FB0E
7F740
004F0
009FC
7F730
0011A
00434
001FE
7F902
7F3DE
7F78E
7F6F0
000C6
00B5C
00014
00834
00DD2
7F0E2
00C2A
00578
00306
00418
00C1E
7F7FE
7FCAE
7F7BE
00F02
000EE
0047C
7FA4E
7F5D6
7F69C
7FA56
001D8
7FF5C
7FCCA
00472
7F40C
7FEA8
7F9F8
00336
00FAA
7FDF2
00A3A
7FC7A
00064
7FDB6
7FFC0
00190
7FAC2
7F970
7FBAE
00B42
7EB74
7F5C0
00200
7F86E
0023E
7F04A
7FF06
7FEE4
00CE0
007FA
7FED0
0013C
00584
00160
0082C
7FDAC
00B16
7FDAC
7F9FE
004FE
7FF56
004B6
7FD48
00944
0099A
7FBF8
00254
7F260
00260
7EF6E
7FE3E
7F804
00A60
7FBDA
7F600
00BBE
7F888
7F8F6
00056
003C6
7FAB6
0035E
7F92E
00130
7F854
00A4C
7F97A
7F7C8
00058
00D46
005F2
7FCF2
005DA
7F6C4
7EB92
002B4
7F37A
7F40C
00DAA
004F8
7FFC0
7E990
7F826
003B6
0055C
7F496
7FC00
7FB82
7FB0C
003E4
7FC26
00900
004F0
7FCD2
7FC8E
00016
7FD0C
7FD76
0034E
000F2
7F62A
00082
7FE0C
7FB4A
00BF4
00AA0
00214
0060A
7F92A
7FF84
00B5E
005E0
00494
00576
7FD0C
7FF6E
7F260
0045A
7FFFE
002A0
002F8
001E6
00950
002AC
7FDF4
7FF06
7FF72
7FCF8
7FEA8
7F3B0
7FCB4
0056E
7FA04
00296
7F61C
01476
01144
7FD48
7F85C
004E0
7FF46
7FDF6
00892
7FF08
0043C
00B4E
002E8
7F362
00226
00F12
7F400
00E28
7F596
7FED8
0032E
00D3A
000F2
7FDA4
00DA6
0016C
00A50
7FA7E
0024E
7F856
7F98A
7F64E
7FC00
007A8
00B74
7FB80
7FCDA
009E6
000DC
7FCD8
001A8
7F540
7FB86
7FB48
7FC72
7FDDC
7FB7A
006FE
7FC00
00DD8
00586
7FF38
7EF2C
7FAAA
00B88
7FFD0
00258
0091A
0045C
01254
7F5B2
004AC
001FA
00A68
00BFE
009EE
00718
7F964
000CC
00896
00B9E
0084A
7F65A
7FDE4
7F824
7F9A4
7FB8E
7FF6C
00008
00102
7FC00
003E2
7FED0
7FD20
7F42E
7FAA6
7F3A8
7F080
7FC78
7F99A
00632
7F560
7F656
006E2
004F6
0095A
7F804
7FEA8
0135A
7F980
000C0
0007A
7F472
00110
006CC
7F78E
003BA
00496
7F87E
0106A
006F8
7FAF8
003FC
00244
7FBEC
7F8C0
7FFDA
00E10
00654
7F982
7EB98
005FA
00046
00242
7FDB2
000DC
7F736
7F866
007F6
0092A
7FC34
006EA
7F34C
7F6EC
7F0B0
0042E
00124
7FF7A
00B5E
008C8
7FB8A
002E2
7FDCE
7F8A0
00400
7F9EE
7FC4C
00344
0006E
7FE0C
7F53A
7FB60
7FA92
7F228
00A8C
0004E
002EE
7F600
7F90A
7FA68
001FE
7FBF8
7F564
00862
7FDD6
7FC7E
0060A
00DFE
7F3D0
00CDA
01184
7FAD8
7FCE4
0026C
7FC88
00674
007FE
002C0
7FBD8
7F7FE
00D98
7FBDE
7FCAE
7E548
7FD64
00DE6
7F4FE
0099E
7F7E8
00AA8
7FCCA
7FCF8
7FA04
005A2
00184
00522
7F420
006FA
7FDAA
0042C
7FC3C
0002A
7FFCE
7FDBC
7F854
7F42C
7F800
003E0
7F600
00160
7F1F0
7F788
00700
00878
00618
011D2
0069C
7FEF6
7FC62
7FDD8
00B76
00CC4
007BE
7FBF0
7F410
0071A
00750
0082A
7F624
003E4
00692
7FF46
00D5C
0063C
00B40
7FCDA
7FC4A
7FEE2
00440
0037E
001FE
7FC80
000CC
7FB58
7F354
7F93C
7FC0A
7F5CC
00958
0012C
00202
0072E
7FC8A
00502
00A74
007AC
7FC08
7FA7A
00048
7F030
00F56
0008E
001C6
7F3DA
00A94
7FF12
7FBD2
7F7E2
00B98
00460
7FF2C
7F9C8
7F800
005C2
004F2
00292
7FDC2
7FDEA
00CDA
7F8DC
7FDC2
7F444
00E9E
002D6
0008C
7FCB0
001D0
00B00
7FA00
00518
7F960
7F8C2
7F1CC
0068A
00D1C
00D96
00BE4
00328
7F800
7FD0A
7FFE6
00184
004F6
000CA
00400
7F576
00392
7EFD2
7F7E8
00FC6
7FBCC
0093C
0063E
7F8F6
00524
01440
7F9CA
002E6
7FE22
00806
00200
002BE
7F874
7FD3C
7F88E
7F326
7FFE0
01138
7F81A
00C8A
7F9E4
00CD6
005C0
7F782
0056E
001E0
7FC00
7F776
0040E
7F7C8
00548
000CA
7F82A
7FC52
7F9C6
004C4
7FF32
0081A
00F62
7FF42
00014
7F0EE
7FDFE
7F1F2
7F33A
7E902
005E6
7F3CA
7FA60
00674
00762
00C38
7F5D6
0083E
7F59E
00452
0030C
7F53C
003FE
00724
7F63E
7FBF8
7FA38
00AFA
7F9D0
7FC84
0023A
000E8
00B1C
7F034
7F912
00010
00810
00602
009F6
7FD9C
7F98E
005CC
00A7A
7FF20
7FAB2
7FC68
0048C
7FFDC
008C4
7FCF0
001EC
7FD96
7FDB8
7F830
7EE00
00734
000DE
7FCE6
7F5F0
7FB6E
007B0
003B8
7FC1A
7F120
7FA4E
7FFEA
7FEDC
7F89E
7FBC2
7FF9C
7FC04
00156
7F814
7F7FE
7F2F4
002E6
7FA7E
00994
7FEE2
00102
7FA86
7FA4A
7F396
011E0
7FC0C
7FBE2
00A00
7FFFA
001EE
0082C
004E8
00ADC
0069E
00DEE
00FD8
7FCA6
7EED6
7EA9A
00CE6
7F8F6
0027C
001FE
7F408
7FED6
7FAC0
0034E
0024C
7F3B2
00824
7FD8E
00D14
009EE
006A2
0044C
7F0C2
7FF78
7F4C6
0004A
00E00
7FACC
005B6
7FD7A
7FF26
01102
00696
7FF42
7FA4E
7FD7A
7FD5C
00A10
7FE94
7F7F0
00A9A
00382
7FDFC
7FF28
005AA
7FFFC
7F898
0009E
7F5C8
00056
002D0
7F642
7FC66
7F89E
013E0
7FC7A
0021A
00294
009FC
7FF24
00BDC
0031E
00DE6
7F6AC
7F72E
7FF68
005A4
00656
00062
00A76
007A2
7F99A
0070E
7F560
7FA10
7FDAE
00192
00A48
7F2A0
001DC
00398
001A2
7FD2A
7FF14
7FCFA
7F79A
7FDC6
7F854
00508
013A2
7FE00
7F718
0031A
7FFCC
0052A
7FB38
7FCFC
7FDE2
7FAEE
7FF40
7FFDE
00496
7F97E
0037C
7F480
7FC5A
7FFFE
003F8
7F958
7F82C
0025C
7FC9C
7F232
7F554
00512
000BE
00492
7FA06
7F8CE
7FDCA
00896
7F1E8
7FA00
00114
7F8C6
7FA46
01350
003DC
7F90E
7EB56
00912
008D6
0097A
01054
003AC
0016C
00AB0
7F214
00800
7FDBE
7FF78
7FA4A
00528
7F588
7FC74
00008
7F6EE
7FD4A
7FD64
7FB26
00A02
00C12
7F38C
00A7A
00000
7F92A
7FA52
0048A
7FE2A
00270
7FEFC
7F960
0008A
002C8
7F7F2
0047E
002BA
00BD4
001E8
007C8
00DEE
7F21C
0007A
000CA
00B32
00314
000CE
7F6C8
7FEEC
7F90E
008AE
00994
0069C
002B4
0058E
7FBD0
7F800
00B22
00288
00642
7FFB0
7FE98
00646
00008
00366
7FA50
00556
7F4AC
00664
00FBE
002F0
00868
7F9F6
7FF92
7F4FC
00622
00ED6
7F55E
00786
00E88
00D10
7FD46
7F7A0
7EB60
00824
7FEC2
7F7E6
7F540
00800
7F586
7FA34
00BF2
7F8F6
006BA
7F620
00BAC
009AA
00562
006FE
0011A
00A72
7FE48
003F2
00610
7FFFE
7FF44
000F8
7F9F4
00438
003A0
7F8C2
7FAF4
006C4
00554
7FAEC
00930
7FC2C
7FD4E
0023E
01334
7FC00
7FCFE
7F340
002BE
009C4
0031A
01338
004DC
7FE5A
7FCFA
7F9F8
00D24
7FDF2
000B2
00A42
7F650
7EC06
7F9DA
7FE48
7F2E6
7F8F2
7FE56
7FA88
00416
0012C
00178
00762
001AA
7FB52
00322
002CA
00C12
7FC00
00B9E
7FAE0
7FD68
7F87C
00798
00A4C
7FD50
00606
00332
7FB8A
7F408
00686
7F332
7F2B8
003E4
007F8
7F786
7FE98
00658
7FAA6
00794
00608
7F182
00D3E
0069A
00378
7FAF8
7F778
7FB26
00B14
7F46E
003FC
0018C
7F65C
00A26
000B8
7F6A8
00CDA
7FE72
005DC
0020A
7FF46
00D30
005DA
011EC
006E2
7F1AE
007E8
7F17E
00A82
7FCCE
0042E
000E2
003AA
00252
7F6B0
00DFA
00756
7FFC4
00406
00900
7FA62
7FF8E
00800
7FB00
000DC
7FFB2
7FDA6
7FECA
004B2
00882
7F65A
7F93E
0076E
00358
7F77A
7F984
001D2
0071E
7F802
00886
00318
00210
00122
7ECF6
0018E
0004C
00400
7FAFA
00902
7FF5A
7FF4A
0049C
7FB22
7F6B4
00000
7FB0C
003CE
7F6B0
000B4
7F862
7F4E8
7F6DC
001A8
005AC
7FEF6
00892
7FEDC
005E6
7F984
0043A
00000
7FC06
005E2
7FDD2
00884
006D0
0027E
7EF9C
003FE
006D0
7F2F0
7F9C6
0025A
7F5B8
7FBDE
7F358
00400
00A96
00A98
00386
0061C
001B4
0042E
7FCE6
00910
7FB3E
7F516
00278
00930
7FD64
7FAB4
7F7F0
7FDFC
7FC44
7FDAE
00866
0011A
7FA2C
00C10
7FBD0
00B5E
7F7C0
7FD32
0019A
7F42C
010CE
006FA
7FB86
00BFE
012B4
0045E
7F5A4
7FB0E
7FF9C
00550
00334
7FAEE
00834
7FE12
7F13E
7F8F4
0005A
00990
000E2
009F8
7FBCA
009F0
7F522
005AE
0018E
7FA5A
00C24
00892
7F3F4
7F906
7F8B6
7F1C4
00F94
004AA
7FEDC
00200
00298
7F9A6
01224
7FD90
00CB8
7F516
7FDEE
7F652
0088C
00166
7F95C
006E4
7FC2C
7F8B6
7F79C
7F210
008F6
7FD80
7FA7C
7F7C0
001A4
00A30
000DE
00ACE
002B8
00394
00380
7EF4E
002C4
7FD92
009FC
7F600
7F488
7FCBE
7F7C8
7FE72
7FC20
00974
7FD12
001A8
7FB08
00044
7FCD2
005FE
005B2
00500
7FADC
7FE0E
007E4
7F8D0
7F3AA
00454
7FD7E
7FA84
7FC2A
0052A
0019E
7FE0E
7FE4A
7FBD8
0034A
7F16A
7FBA4
7FE00
00AE6
0045A
7FF92
7FC38
7F788
007DE
7F7D4
00480
017AA
7F8CA
7F6E4
00328
7F7E8
00D34
0086C
009F0
7F90A
7FD04
7FFDE
00288
00424
7F2C6
002DC
00528
005D8
7EF7E
00B66
7F432
7F9EA
7FDCC
01794
005FC
00832
0092C
00354
7FF58
001C4
7F68E
7FD02
7F388
7FD38
005B2
7FAC6
00ECE
7FC5C
00078
00DCC
7FA10
002A8
7F8AE
7FBC6
009D0
0099E
7FB68
00240
00AD0
7FCC8
7FEE0
7FE1E
001AC
0040C
7F7E4
7FEA6
00600
00196
7FC72
002B4
0041A
7FECA
009E0
7F28C
7FA00
7FBCE
00536
0074C
7F2B2
00EC8
001D0
7F7DE
7FE00
007BE
002B2
00AE0
7FEA6
7F646
7F79C
7F07E
7FE00
7FF5C
7F728
7FFAA
7FB28
00B48
001EC
7F872
7F600
002DA
7F156
006F0
00334
0054A
007BA
007F0
7FA00
00C2E
7F8AE
7FBCA
003A4
7F9A4
0017A
0055C
00600
7EB16
7F9DC
003D6
7F20A
003E8
7FC72
0071A
7FE00
7F60E
0009C
006D2
0067E
7F956
7F520
7F64C
7FA00
0037C
00860
000AE
007B4
00AE8
7F87E
00F26
7E62C
00966
7F8DC
7FA8A
7F812
7EEB8
00A9A
00BFE
7F410
7FD9E
7F96E
00454
003C2
7F950
7FE0E
7FDFE
0028E
7F722
7FB28
7FD98
00B28
7FF10
001AE
003B8
005FE
7F61C
7F73C
005E4
7FDEC
001D8
00D52
0069A
7F9E8
7F65E
00648
7F7B8
7FCA4
7FBCE
7EB34
006D2
003FA
009EA
7F150
7F91E
7F696
0080E
001B4
0029C
00570
7F7F8
7FB58
00578
0001C
7F842
002DE
7F9A8
00000
7FF1C
0182C
00518
001E6
007F2
00E34
0039A
7EB94
0010A
00318
7F7F2
7F7D0
7F0BC
00008
7FD18
7FE00
7F900
00664
002BA
7FE3A
7F514
001C6
00782
7F4A6
00270
00410
001B4
00A2C
0122E
7F70A
7FD2E
7F800
0022A
00CB4
009E8
0028A
005B2
00120
002D8
01060
00312
00832
00394
003BA
006D2
7FCA0
00458
001F8
00806
7F7E2
00AA0
7F55C
00AEA
7FD80
7FA82
7F764
7FBD8
7FD4E
001AC
0023A
003D2
7EDBC
7FDA2
7F600
00388
002A4
7F63A
00F48
000C8
00658
006B6
007B0
7F06E
7F612
7F948
7FB7E
00794
00344
00046
7FA0E
00138
7FDE2
006FA
7FECE
7F926
009E6
7F888
7FE00
7F0D2
7FF60
0006E
00344
7FE38
7F804
00136
7F5FC
7FFC0
00560
003C2
007DE
7EA84
7FBA4
00010
7FC56
00F86
0090E
00638
002EC
7FEEE
00676
7FC82
7FA0E
7F4D8
7FFB6
7F9FC
001DE
001E8
7F9D8
7F174
7FE00
005FA
7FB9E
7F4E2
0064E
00516
7F8C6
00154
7FC00
006FE
007F6
7F1AC
0007C
7F8F2
00510
00318
7FDC2
00458
00B8C
0003E
00522
003DE
0003A
00AA4
7FE00
7F4EC
00FEA
00132
003F6
014A0
00434
7FD3E
7F9C2
0022E
7F190
009CA
00750
7F814
004EA
7FCAC
00BFE
7FCEC
7FAD6
7F6C0
00658
0109E
009BC
7F976
0063C
7EE5E
00598
00094
7FE62
0010C
7F4EE
7FED6
7FA00
00296
002EA
002AA
7FD34
006F4
7F2A6
7F0B2
0023E
00912
0079E
7F91A
00D2A
0047A
00044
7FF5A
00400
00586
006CC
7FE94
002D2
00BC8
00B8E
7EDF6
000CC
7F488
7F612
0049C
7FEA2
001D8
0081A
7FDFC
7FC00
7FF66
00810
00344
00796
7F548
7FFCE
00AA2
7FF2E
7F5D2
006E4
00228
7FC74
00456
7FDA0
0038C
003FC
00B7C
7F182
000C6
000A6
00B76
003BA
0024A
7FB32
008E6
01012
7F790
0082A
00418
7FBEA
7F0EC
7FC08
7F94A
00202
7F7F6
00CCC
7FE06
7F33C
7FED0
004D2
007B8
00088
0025A
004B4
00662
00BEC
7F888
7FC00
001E0
001D4
7FF90
7FE0A
013E6
00EA0
7F6BA
7FC94
015B2
7F918
00B48
7FBAC
000D2
00AD8
7F8A4
009F0
0008E
00162
7F2A0
7FBAE
7FE24
009F6
7F520
7FEF2
7F546
7F10A
7FDFC
7FE10
0035A
7FDCC
0034E
013FE
7EEF8
00F86
00744
004BC
00240
7FFE0
7F7DE
7FF64
00C4E
7FF06
7FE32
00182
7FF50
7FBD2
7F2F8
7FDF6
004B6
7FE2A
00250
0017C
7F28A
7FD34
005EC
00D12
00264
005E2
00322
004C4
005B8
005D0
000D4
00000
7FF4E
7FB68
7F6F0
001D2
00DBC
7FE18
7EFA0
00D22
00110
0108E
00DC8
00148
008D8
7F68C
004A6
005FE
7FCF0
7F3FA
7FD66
00B90
7FA5A
7F928
0026A
00906
7F85C
008F8
005FE
00196
00DB4
00622
00490
7FFFE
7FF82
7FBCA
005CC
7FF5A
018A8
7F0FC
7FC78
7FEFA
00600
7F262
00390
7FFC4
7F4B6
7F710
7FE5A
7FA0E
00BBE
7FBDA
000F8
7FB4E
001BC
00A24
7EE58
7FAEE
00222
7FD04
003C0
00534
0088C
009AA
0050C
00000
00BB8
7FBD8
00536
7FE12
7FF98
00198
7F9C2
7FF2A
7FE88
00B28
00610
000D2
7FFC0
7FBC8
003AE
00BFE
7E1DC
008F2
001EE
7F950
7F704
7FCBE
009C8
001FE
7FC04
7F5F8
7FDF4
7FB2C
00FE2
7FB40
7F72C
00400
7FC84
0097C
7FE6C
00B94
7FA82
00264
0072A
004D4
00B6E
7FDA0
0103A
000D4
7F7E8
00836
7FEEC
007FE
7FDC8
0050A
7FDA0
00506
00834
00740
7FBF4
001FE
7F6CE
7FDEE
003D8
7FB2C
7FA70
008C0
0043E
00200
7FCB2
7FC46
001AE
7F620
00584
00B38
7ED00
00B0E
7FA26
00BD8
000EE
00A10
7F5F4
00410
7EF4E
003F4
0073E
00CF2
7FFE8
0016A
00860
7F6BE
7FF1A
7FC3C
7FD60
0032A
00A38
7FA0C
7F880
009D8
00316
7FE00
009B8
7FC52
7FFFC
00436
0059C
7FC8E
005A0
7FCEC
7FB00
7FFDA
7FC5E
00130
7FD52
002D2
007BE
003F0
00A40
004D0
7F70A
00434
7FC7E
00086
00B24
7F3BC
7F590
006BE
7FFD0
7FAAE
00428
01010
008E2
00800
7FE6C
004FE
00352
001DA
7F990
7FAF8
003E0
7F33E
7F40E
7F85A
00A04
7F122
003B4
7F506
00036
001F4
008D0
00018
7EC7C
7FAF0
7FEFE
00314
7FC5C
7F968
009D6
005F6
7F9A2
7F728
7FE0C
00BC0
7EC2C
7FC00
00AF0
7F4C8
00222
7F900
7FAB6
7F906
00508
00CB0
00CEA
00648
7FCC2
7FC2A
004DC
7FB02
7FF02
7F9FE
00572
002D2
00A66
7FA4C
7FEE0
00104
7FD34
7F690
0042A
00EBA
7F32E
7FBBA
0005E
7FC32
00212
7F200
00C34
0106A
00202
7FAC2
00D3A
003C6
00A1A
7F80E
0036C
7FFB4
00056
00158
0017C
00976
7FCB6
00BEE
00402
7EC28
7FF2C
7F830
00BFE
7FBE4
7F2A2
00A32
7FA00
00366
002CE
00D8E
7FC18
00A0A
7FFF4
7FDFE
7FB12
7FCC6
7F3FA
0027A
0026E
00992
0098A
00BCE
0021A
7F66A
7F700
003B8
00A50
008B4
7FC62
003F4
7FD24
00696
7FD2A
00A8A
000C4
7FB46
7F76E
001C2
7FC9A
00648
7F82E
7FD44
7F6F4
7FF06
0048C
00200
0009C
01526
00336
7FBF2
002DA
7EF32
00800
00710
00274
005F6
00FBA
00A16
0075C
7F910
00D2A
00000
000C8
7F9FC
7FBBC
01252
7F730
001B2
00E6C
7F21C
7FE0E
00252
0016C
7F880
7FA7C
003FC
000E0
7FA00
01472
006A4
001DC
0053A
00A14
000F8
000CA
7F8EE
7FE6E
7FF2E
7F93A
7F264
7FDD8
7FB60
00F62
7FC00
00CB6
00586
7F63A
7F482
006E0
002D6
001C0
005E4
7F9CE
7FD36
7ECA8
7F304
7F9FE
012DC
7FB88
7FE00
7F9BA
001B0
00A04
001EE
7FE62
0002A
7FC50
01108
7FE9E
00060
7FFCE
00B72
0003E
7FBEE
00DCC
7FBFA
7FC4E
004FC
01284
008A2
004BA
004E2
7F9D6
00AAE
7F04C
7F800
0022A
7FF1A
7F6E4
00AAA
00640
7F5FC
7FCA6
7FF8E
00DB8
00066
7FC3A
00CA0
7FA7A
002E8
00364
7FDC6
00488
007C6
00AF6
00372
7F8A4
7FFFA
7F550
7F1C2
7F3D8
004F2
7F9FA
0062C
7FEA4
7F146
00A84
001D4
7F694
7FD92
7FFE0
00DD2
008A8
00000
7F8DE
00C86
7FAAA
0029C
000D8
006FC
7FC1C
7F964
0029C
004AE
00238
01128
00118
00B68
004A4
005FA
014D2
00280
00486
7FEC0
7F9D8
00D20
7FE20
7F69C
00B3C
7F602
7F1C2
00058
7FED4
7FF98
7FB92
00BFE
0015A
7FDE6
0010A
0042E
7FD54
0046E
000D8
7F6A8
00B3A
00AF2
7FCD8
00324
7EF14
002A8
00A26
00DEE
7F4FC
7F8B4
002DC
00272
7FFB0
7FD1A
7FD88
7F968
7F9BA
7F4BC
00C40
0032A
0029C
7FCAE
7FCE8
7FC00
00216
00590
7F456
7FDA4
004DC
0098E
7F55A
7FDFC
00E86
7FE0A
7FEB4
7F808
7F2FA
00628
7EDAC
7F804
00660
7FA26
00642
00C56
7FC9C
000D4
7F5C0
004C8
7FBB6
7FF7A
000F8
00E22
0002C
010E0
00504
7FFFE
7EE7E
7F8D6
7FCDC
0065E
7F832
006C6
0022A
7FE04
7FC80
002F0
009BC
7FB0C
00526
0034E
7FD20
7FC0A
7F9A4
7F9D0
008B8
7F7BE
0016C
7FC60
006CE
7FF2A
7F8A4
7FD40
7FD0C
006B8
7FCAC
7E824
7F5B6
00400
7FD30
7FDEE
00422
7FD70
0066E
7F292
00900
002D2
7F710
000BA
7FF66
010A6
7FD3A
01428
00B40
7F800
00C84
00F72
006BA
0023C
7EE04
001B2
7FD7A
002D2
00380
008E4
002BC
002BE
7FE4A
0043A
0011C
7FC00
7FF7A
00204
7F6E6
00C36
001E6
7EC90
7F80A
7FD2A
00056
007EE
7F7D8
00C50
00968
007DC
7F4C6
007FE
00288
7FAF2
7FA50
7FC1C
7FC22
002E4
00FD8
7FD2C
7F960
00418
7F352
7F848
00894
7FC06
00720
00200
00D20
7F86C
00554
7FD60
7F8BA
7F784
000F6
7FDC4
0025A
01008
7FB66
00354
7F0A6
00258
0107C
007F4
00348
00536
7F8B0
7F948
006D0
004A6
7FA92
00490
7F33C
0043E
00630
0038A
00204
005BC
7F9C8
7F5FE
00270
00238
7F104
7FFC8
00256
00388
0013E
0063A
7F720
7FB20
7FC82
001D0
7F372
00246
01410
7FFF8
7FAD8
7FCCE
7FA9E
00984
7EF24
0083A
005EC
00762
00C26
003E2
011B0
0073A
0024A
7FD9A
00576
7F800
7FC20
00804
7F53E
00364
01044
7FF42
7F8B4
004D4
7FD4A
7FD0A
7FF10
00F42
7F818
7F7A6
7F67A
00002
7FAA0
00710
00616
00090
00686
00694
004AC
015BE
7FFB4
00A1C
7FB44
00980
01086
7FE58
00C6C
7FFFE
7F7F0
00998
7FFB0
0036A
0049A
0078C
00482
7FF20
7F528
7F550
001D6
7F1DE
0006E
7F892
7FA4A
00FF2
7F666
7FA8A
00F6A
0008C
00598
005EC
7F9C8
7EE2C
7FB7E
00028
7F95A
7FD4A
0030E
00E1E
0071A
7FA00
7FF1E
7FD32
00514
7FC76
0025E
7F8CE
7FF72
7EDE8
7F624
005A8
00B64
00370
7F254
00340
001B2
001FE
00260
7FA7E
7FC84
7FA50
7F100
7FA3E
7FCB4
7F064
7F974
000CC
00650
7FE44
002AC
004DE
00B5C
7F9FE
0069A
7FE82
7F7AE
7FF88
7FE20
0017A
00350
7EDFC
7FE1A
004E4
0078E
0008C
00176
0025A
7FCDE
001F6
7FEA8
009CA
7F9D6
001AE
00058
0002E
010F4
7FBA4
7FB9A
7F4BC
0035E
0059E
007D0
000AA
7F56A
01000
000B2
7F6C4
004E8
7FC28
003AC
7FDC4
000CA
0021A
00B56
7FFB6
7FE20
0036E
7F9E8
00052
7FB72
7FA00
00364
7F7C8
00F46
7FEC4
00518
0031E
00176
7FE1A
7FE66
005FE
7F148
7F81A
00724
7F9B0
7FC64
7F800
7F9FE
7FA5A
7F868
7FFD8
7FDFE
7F902
7FE48
015E4
006BA
7FFC6
007CC
00638
0077A
7FDD6
00818
7F600
00442
003CA
00FD6
7FD3C
006E2
7FE18
007EC
011E4
7F1E0
7FDD4
007AC
0063E
00522
00026
7FC46
00200
7FAEC
7FB36
0094A
7FA6C
0073E
001B0
7FF04
7F560
7FD5E
000AE
0068C
00D56
7FE74
7FA44
0023C
00000
7F31A
00BC0
7F53A
7EF66
7FAA2
00C78
7FB58
0070A
7FB8E
7F7F2
0025E
0008E
7FF32
00D34
0071E
009FC
00554
7F488
0065A
7F12A
7F1B6
0009E
7FE10
7F2A2
001FA
001B6
7FAB2
0016A
00110
00F5E
7FEE0
00BF4
7FA3E
00480
00D8A
00D14
0001E
005D2
00B2C
7F8F6
0078C
005A4
7F9E8
00890
7FD9A
01450
00404
7FE00
7FC86
7F2E2
7FCE4
7FDFC
7FA2E
010EA
7F73A
001C6
00178
7FF3C
001D6
001D4
7FF26
7FF98
7F556
00BEC
01240
00442
7F4A8
007F0
7F5C2
7FC50
7ECF0
00504
007E2
7F8F2
7F91E
7F4CC
7FB5C
7FA0C
0095E
005FE
7FB7A
7FDC4
7F5C4
005F4
7FADE
7FC1E
7FECE
00A30
7FCF4
7FBC6
0089E
7FA2E
00616
7FDC4
00250
007F0
00112
7FB1C
00632
7FC02
009DE
0020C
7E98C
7F6EA
004E8
7FC02
7EF02
00736
7F41E
7FD3C
0128C
00000
00638
7FC9E
001C6
00B5C
7F9D6
00792
7F51A
7F3B0
7F6BC
7F7D6
7F16C
00A22
7FB34
7FF94
7EE54
005FA
006AA
00112
00050
7F874
7FE54
7FFBC
7FB0A
00292
7F85A
005AE
7F2BA
008B6
7FC88
7F8B8
0005E
7F400
7FCC2
7F826
0057C
00AAA
003A0
00116
00642
7FC38
7F83E
00266
00716
7F8AA
7F984
00452
00B70
7FE06
7FA98
00FD2
0039A
00156
002FE
7FD64
7F064
0056E
7F940
7FA4A
0050A
7F48A
00AE4
7FDBE
0040C
7FC00
7FE68
7FE5A
7F962
7FF8A
00C22
7FC14
7FCD8
7FF2C
005B2
007F8
00854
00328
0040E
7FEF8
7F64A
7FC00
004CE
7F41A
7F51C
00C28
0036A
0085C
0012E
000D2
7EDE2
00AD6
7F358
7F926
7FBC2
7F282
7F4DA
7FC00
7F4EC
7FE06
7F6CE
7FA52
7FD18
00408
00358
004D4
001F2
005D0
0057E
00552
7F9A8
7FB10
7FF60
7FC00
7FF02
000E4
00840
009FA
7FAFE
7FAD4
7FAF4
7FB2C
7ECB8
00600
00146
7FE5E
00582
00022
00926
00600
004F6
00536
7F95E
003BA
7FD42
7FB78
7F9D2
00238
00924
00432
0077A
7F580
00104
7F46C
00268
7FC02
7F414
0062A
7FA38
00A32
00B60
00C64
00504
7FDC0
0092E
00E10
00DD2
00DC0
00F24
7FE46
00174
7FA00
7FDA8
7FEB0
010CA
7F7CE
7FC5E
7FC22
7FB00
7F9C4
006C0
00476
00402
00DFE
7FBB0
7FBBC
7F62A
003F8
7FF6E
7F03A
7F8B0
00234
001AA
7FCF8
7F99C
00644
000AE
7EEDA
0100C
006A8
7FD5C
7F0A8
00BC0
7FE00
002AA
7FFA8
7FCB2
7FBBA
7FE96
7FD74
7FDE2
005A8
7FED4
7F96A
00694
7F806
006BE
7FBB0
7F694
009F2
7FF88
7F68C
0008C
7FE20
7F736
0109E
0017E
010DE
7FBA8
7F802
7FB80
00A6A
00926
7ED94
7F918
7EE00
7F7FC
005E6
7F94A
00312
0053E
7FB10
7F732
7FA4E
7FB72
00596
0041E
0012C
0084C
7FFD8
7FFAC
7FA00
00E0C
00186
0056C
7FB06
00AC0
7FFE2
7F308
7EEFE
7FAEE
7FB50
0046A
7F462
00884
7FDFE
0006A
00800
00B78
0051C
7F28C
7FDB8
0093A
00444
00CD4
00BB6
00BBC
7FDCA
01224
00164
0063C
7F954
0042E
7FBFC
7FBCE
7F5EC
7FEA6
00016
00B84
7F9D8
00342
005F4
0052C
7FE1C
7FC4A
7F790
7FFBA
00894
7F42E
007FC
007F8
7F60E
7F6FC
00502
00030
00716
00A50
0005C
006B4
7FCF4
7FE04
7F3EA
7FD58
7FCC4
00670
7EC36
7F920
00C8E
7FAAE
7FD26
7FE1E
00836
7F244
005FE
7FFBA
7F988
7FA12
0033A
009A0
00384
00AEE
00000
010B2
7F540
002F4
7F19E
7F39A
009D8
7FD92
7F600
7FEAC
00534
7EEE2
003A0
7F89A
7F74A
00108
00FFE
01252
7FEBC
7F978
7F978
00238
00256
000DA
7F858
007F4
7ECE6
004AE
7FED6
7F95A
001A2
7F592
00000
0037E
7FDCA
0023C
7F9E6
00882
00220
004F0
7F600
7F132
0062A
008EC
008DA
7F5F6
000AE
0036C
7F800
7FF5A
7FE3A
7FBAE
00306
7F956
7F1B0
0024E
003A8
0043E
7F7BC
7FDDA
7FCAC
7FE76
00662
00BA2
7F200
00200
7F9F4
7F8FE
7FA96
7EDEE
7FFEC
7FC16
7FF12
00834
7FFDE
7F28E
00A4C
7F760
0070C
7FDDA
003FC
7F0AE
00256
0000E
7F4FC
7FDE4
00A8C
0065E
00294
7F910
00B62
7FB64
7F582
00ED4
00A40
7FED8
005FC
7FB74
7FEF4
00E0C
008B2
7FA04
7F8F4
7F700
7F0FA
7FDDC
7FD64
004B0
7FB50
7FEC2
00948
00378
7FC04
7F8B8
00718
00038
7F7C4
7F406
7FEDA
00996
00572
7FA00
004FA
00600
004DA
00114
7F302
7FCBE
7FA00
002C6
00970
7FBEC
7FFEC
00242
7FC4E
7F9B2
7FA92
00392
7F8B6
7FD26
7F6DE
7FFC0
0128C
00312
00800
00B2A
7F798
01420
002FC
00420
7FBEC
00072
00434
7FB4E
7FD72
008EE
00AD0
7F148
00426
7FC3C
001FE
7FB26
7F07E
7FEC2
00796
006DE
00B8E
7FAAC
7FD70
7FC8A
01016
00300
000A2
7F0F0
7EE64
7FE38
00400
005BC
0056E
00992
01550
0031E
7FE6E
7FD40
7FBBE
00108
012B8
0008E
7FDA0
00248
0087A
7EE94
7F800
00A00
003CC
7F976
7FEA0
0049A
7FFFE
7F3EA
7F8CA
7FA10
003FE
7F8AA
005AC
7FF14
00044
7F3CA
007EE
0021C
7FB1C
00534
7F524
7F85C
7FC06
7F964
7EEC0
7F5B4
00A64
7F76C
00A98
002BE
7FA0E
0029E
003FE
001C4
00374
00180
7FD68
7FFCA
7FD04
000B6
7F326
002F4
00194
7FC14
00BC0
7FEE2
7FA2E
7F58A
00BDC
7FE3C
007E0
7FCEC
006D0
00A2A
7FC92
7FF4E
0054C
7F5EC
00594
0020C
7FBCE
003C4
7F5FC
7FB58
00C00
7FAC8
007A6
7FC82
7FC34
00A62
004AC
0043C
00096
7FFF2
7FDCA
7F746
00B30
7F47C
00054
7F95A
005FE
00908
01084
7F450
00214
008B2
00542
00220
7F76A
005D8
012B2
00334
7FCA2
7FD40
7F736
002E6
7F800
7F552
0031E
7F29C
00974
00526
7F61C
00896
0036A
7FF70
01008
7FE3C
0001C
7EF64
001D4
005C6
005FE
013F6
004B2
01596
7F844
7F5B0
7FFFA
006CC
7F498
0044E
7FF74
7F7A4
7F80C
7FA58
006A0
7FED8
00400
7F682
7F7EC
7FCC2
00AD2
0091C
00514
008CA
7FA98
00B30
0076C
0067C
7F048
7FBD0
00082
00282
7FDFC
7F9F8
0056A
7F894
002CE
003A2
7EC08
00A8E
7EE2A
00124
008E0
0019C
7EDD8
00912
7FFD6
001B2
7FFFE
00310
7F84A
7FE34
0118A
005D2
00880
00D86
7FD6C
007AE
7FF66
7FC84
00C32
7FB64
7EDD6
007C6
005F4
005C0
00708
0030C
008A4
7FB86
009AC
00118
001E2
0029E
0038E
7FE28
7FDBC
00190
7FE82
7F88A
7FC00
00B48
0066E
00144
003E8
7F62E
7F890
7FEBC
008D4
7FFDE
0037E
00E58
00D92
7F62C
7F896
0001E
003FA
00618
003C6
00444
004F4
7F100
0053E
7FA92
7F332
0025C
7FE46
008EA
000D0
7FAD6
7FDB2
00126
00BFE
003F4
7F6CC
00692
7FF9A
7FF8C
00E36
7F652
00324
00E84
7FA98
004C8
7FEE0
003F4
7F796
00B26
7FC00
0024C
006EE
7F8D8
00F52
7FA2E
0072C
7FDC6
7F8D0
7E966
00B90
7FA22
7FAB8
7F856
00EBC
00AAA
00800
0002E
7FC4A
7F99E
7FAD4
008AA
7EAB4
0032A
00806
7FAB4
7FFE8
7FD8E
00362
7F958
0060E
00504
7F804
00CCE
7FD1A
7F6F0
7F99C
003E6
7EE38
00114
7FD2A
00A66
7F5A6
005C6
0058C
006F6
7FD3A
7FE10
00400
00054
7F3B8
7F2F8
7FFFA
7F870
005FE
7FA36
007F2
00950
0041A
7FB22
7F9D4
000D8
7FB3E
7FD0E
7FC08
00076
002E8
00030
7FBC4
7FD7E
005AC
7F928
002CE
7FF40
7F672
002E6
7FD4C
00106
7FCC2
0036A
7FA00
7F444
00306
7FF10
7ECF8
0029C
7FE76
7FA0C
00368
7FDD6
006E2
0072C
003BA
7FFBE
7E75E
7FE58
7FC00
0042C
7FB00
7F7EE
00860
7FD9E
7F8A2
0068E
0023E
00004
00086
00924
0050A
7F4A2
01246
0084C
7F602
7FB24
008D0
7FEC4
7FE8C
7F2AA
7F8A2
00940
00094
005C8
7FD8A
7FE96
00318
7FB78
7F446
00A44
003FE
00CA8
0121A
7F0C2
7F41C
7F26A
7FDF0
00044
7F9C2
002B8
7F212
003F2
7FC1E
0043C
7F46E
00B92
01800
00366
7F55A
7F24C
7F9C2
7FEAC
00ADA
7F546
7FC42
00E88
7FAE6
0015E
7FAD8
00CB2
003B2
004AA
00206
7FC3E
7FB56
00264
00C2E
004DE
0077A
7FD98
00B06
008FE
007E2
008D0
002DA
0033E
7F56C
0076E
7FBFC
7FBF8
7F73E
00000
001C0
7F888
00CA0
7FC90
7F3D2
00C64
7F98A
7F7B2
000A8
7FC4C
00962
7FF64
00204
002BA
004CC
7EF4E
0003E
7F7F4
00444
7FEFC
7FCF4
0041E
006FA
7F374
00994
7F90C
00A2A
00CA0
00800
007DA
009DA
004AA
7ED66
002F8
7FF96
00406
0052A
7FB4E
7FB70
0030E
7F172
00366
003C0
7EF9E
7F012
0028C
00B84
00646
0072C
00F46
7FBE6
00704
7FFF4
7F9C4
002B4
7FD3E
00884
0030C
00CE2
7FBF2
003FE
003A0
00638
7F7FC
007CC
00532
00E28
00012
00AD2
7F7E8
00748
001DA
0062A
7FE30
7F2F6
00254
00400
7F73C
007AC
00154
7F3AE
006D2
7FE4C
7FF44
00000
7F722
0074A
7F97A
7FFE4
7F3A0
00440
0079E
00400
01464
7F70C
7FD2E
7F86C
006A6
7F8B6
7FFF6
7F88A
7F6A2
7FC8A
007E4
7FB86
7F9F2
00B44
7F7EC
001FA
7F740
00200
00B7A
00140
7F3B0
00858
7F182
00092
00730
00C1C
005E2
7F596
009EC
004EA
0049E
7FBFC
7F71E
007AE
7F428
7FEF8
003D8
0051E
002DA
7FB6E
01634
7F9F0
7F9FA
7FCFA
0013A
7F692
0106A
005EE
0033E
00192
7F9EC
00712
00724
0076C
00BCC
0036A
00104
00AF0
0060E
7F202
7FA1E
7FBA4
00DFC
7FC00
001B2
7FEB8
7FCF6
7FA40
7FA7C
003D0
00AB0
005A6
7FF46
00B8C
7FB36
7F042
00A8C
7F340
7FE5E
7F800
00080
001AE
7FC60
7F88C
7F9E2
7F2C0
0021A
00C7C
7FF16
7F338
00384
00F22
7F5E4
0030C
7FC88
00FFE
7F786
002D0
7FCEE
00144
002E2
7FE00
003E4
7FA58
009A6
7F824
7FC82
7FFF0
7F500
7F77E
0007E
00400
7E9D8
7FCCA
7F5F2
013F0
00C82
7FB70
7FBBE
7FB84
7F91C
00914
7FD3A
008A6
00218
00232
7F37A
00600
0052C
00452
7FADC
7F860
7FE3C
00698
7FFEA
007F4
0020E
7FF5A
7EEC2
01064
003CA
001D0
0001A
7F60C
0071A
001C6
7F86A
7F140
00666
7FE9A
0051C
7FBFE
7FD74
003A2
00186
7FDFE
7F94E
7FE0A
7EF06
00600
7FAB4
7FA22
7EC1E
7FE78
004A4
7F5BA
7F85A
007FA
7FB78
7FCF8
7FA12
001AC
00334
7FCA6
7FC1E
005F6
00918
7FFC0
00F5C
7FFF8
7F55A
00512
002B6
7FC06
00036
00000
7FBB6
7F7E2
7F5C0
0037C
7FFFE
00400
00550
0007C
7FE90
0030A
7FA40
7FC6A
006EC
00568
7F706
00066
7F636
7EB42
00020
7F8F0
7FC92
001F6
00248
7FA24
7F7A6
001C0
7FB44
004F2
7FBD6
0028C
7F38E
7FEE2
0064A
00154
0010E
00B04
7F4CA
00000
7F87E
7F936
7FE1A
7FA26
00050
7F0B8
00300
00298
00E6C
00E2C
7FC9E
7FC64
7FAF2
002EA
007F0
00A00
7F7FC
000D4
003B2
00108
001FA
002A6
7F25A
0056C
7FEEE
7FDD6
7FEE6
7F72C
7FBF2
00468
7FEA8
00200
00676
00066
7FF1E
005E2
7FAAE
000E4
7F82E
00184
009B0
00EF4
00CE8
7F408
7F156
7FAA0
0039C
009F4
00058
004A6
00314
0047C
7FA9C
7F9EA
00896
008C6
7F126
7F9C4
0021A
00DF0
7FCA6
000EE
003E6
00200
00BCA
000F6
00790
7FFA6
7FEBE
7FF72
00A4A
0124E
7F6A2
0022A
002E8
008BC
7F5C4
00BB4
00D50
001FA
0012A
7F6A6
7F9B0
7F5DE
00B9C
7FD94
7F28A
00328
0012A
00878
7FA5C
00548
7F5E6
7F0AC
7FDB2
7FC00
00818
003A2
7F674
007BC
7FF40
7FC36
0029C
0003E
7FC78
0022C
0004A
7F7C8
7FB16
7F91A
7FF7A
005FE
008F4
00B4C
7F26C
7F156
7FB6A
009DA
0005A
00168
7FD1E
7FE24
002FA
7F414
00956
7F896
7F43A
00FFE
7FB5C
7F4F2
0113E
0040C
7F248
7FD82
00222
7F7C2
0033A
7F594
00652
000B2
7FEC4
7FC48
003B4
00600
004F2
7F676
7FE06
7F2DE
7FFE4
7FD64
000F6
7FE94
7FD1E
00FC4
00990
7F370
004A6
7F112
7F738
00000
7F944
7FD4C
00D70
7FF54
005F0
00E40
002D6
0027E
7F584
00126
7F2EA
7F97C
001D6
005D2
7FD78
7FC04
007D6
00A64
00176
7FD9C
7FDB2
007C8
7FBB8
7FFA4
00AE2
002B6
7F60C
00148
009A4
001BC
008A2
7FBFC
7FA32
7FE8E
0055C
7FB04
0029C
00612
7FE86
7F190
7FC36
7F746
00D1C
000DE
0161E
0079E
001FE
00004
7F83C
00AA8
0012A
00802
7F6E2
7F978
7FF28
7F45E
00940
7F3E8
0046C
00454
007C6
7FB20
00B8C
7F800
7F816
00F8E
0018A
7FF60
00E32
7F8FE
7FFB6
003C0
0062A
7F032
0050A
7F78A
7FF5E
7FE88
7F148
7FDFA
00550
0027E
7F8B4
00AD4
0067C
00452
00484
7FFBC
00038
00A58
000D6
7FD52
00BE4
00BB0
7FE7E
00000
7FD02
7F5B4
00AE4
00C8C
7FF0E
00554
00708
00C2E
7F9C6
001EC
00088
006CE
0002E
00B1C
7FFB6
7F1FA
7FFF0
00032
7FA48
00108
7F200
7FA0E
7FDD2
0083C
7FA1E
00B6A
0056E
00C48
7FA24
7FDEA
7FC28
7FC00
00360
7F8C6
7F57E
0146C
0040E
7FBB4
7FFDE
01368
003DC
00936
011E6
7FF1E
01040
7F4B6
002E0
003F6
00376
0080E
00326
0059E
7FD18
7FA2E
004F2
7FA5C
7F7BA
7F72E
7F5E0
004CE
0041A
7FC8E
7FEF0
7FBFC
7FB5A
007CA
01554
7F526
008D8
009E4
7F65E
7FCB4
7F37E
7F93C
0090C
7FF26
00454
7F8A6
7FB14
003F2
0004E
7FCEC
7F83C
7F8D2
00170
00102
003C6
005A6
7FC3E
000CC
0040A
004CC
00D7E
7F554
0086C
7F800
7F542
0083C
7FD30
7F6CE
00598
0025E
7FB7A
001C4
0037C
00434
7F694
7FEC6
00924
00DC0
7F834
00DFE
7FC4E
7F464
7FD0E
009F2
00474
0047C
00260
00FE4
7EF12
7FF80
7F95C
7FC28
7FCF0
00946
003A4
7FC00
7F662
00946
00BDA
001E2
00890
7F498
006BC
00A3C
7F4D0
00B84
7FCEC
7FD3C
7FFF0
7F8D6
004F0
005FE
7FCA2
00218
7FEB2
0055C
7FA06
0013E
7FCBA
7FC1A
0121C
7F8C6
0030A
7FFDA
00F44
00370
00932
01000
004D4
005CE
7F85C
7F610
7FA74
000F0
00490
01610
7F602
003BA
007EA
004CA
00426
7FA88
7F6DA
007F8
00136
00828
7FA3A
00BB6
001C4
00244
7F800
7F406
00276
7FC0A
7F914
7FAD8
7FB5E
7F094
00170
00BFC
7FFA6
7FFEA
7FBE0
7F97E
003DE
007A6
7FAC6
7F9DE
0087A
7F1F2
7F932
7EAC4
7F5DE
7F708
7FD18
003F8
7F892
00B0A
00418
7F4C0
7FD44
0095C
7FA70
7F3FA
00C0C
00556
7FE84
0059E
001E8
7F9AC
7ED9A
00A00
00D1A
7FF46
006DC
0069C
7F4BC
7F504
7F8F8
00168
7F6F6
7F948
7F976
7FFEE
7FC1E
00CD2
00BCA
7FFFC
7FA62
00554
7F620
002B6
00064
00088
008EE
7FBBE
7F1B2
00084
00822
7FC74
7EA5E
7F8F6
7F822
009FE
7FF26
0020C
7FB38
00814
7F60E
003D2
7FA4C
7FE9A
7F268
00036
7F6CE
7F93E
006E2
7EF8A
7FA3C
7FBF6
000B8
7FF00
014D6
0065C
00076
7F0F4
00126
0043E
008CC
00056
005D4
00254
7FBE6
00066
7F91C
7F600
7FC26
00700
0077A
0070A
001AC
7FC6A
00916
005AE
00266
00216
00DCA
7FF60
0000C
005A0
7F6F2
7F606
00098
003EE
01056
7F3BE
7F8EA
7FE7A
000A4
7FBFE
7FCBA
009D0
7FF9A
00992
7F852
002D6
00A30
7FDFE
00214
00496
7FCCE
7FA1C
008D6
7F47A
00176
7FA54
0032C
00446
00BD4
009A8
0039C
7FBBE
0126A
7FE06
00122
00058
7ECC6
012D2
7FCAA
7F584
7FEA4
7FC02
7FDAA
7FFA8
0053C
00530
003E6
7F744
0027E
00200
7E87C
7FA06
00C92
00292
7FEAA
7FCB2
7F480
002D2
7FF10
7F200
0025C
7F08A
7FFFC
7F978
00112
7F600
7FB16
7FDFC
00342
7FAF4
7F2B6
7FDC2
00066
001A8
7FC10
00600
7FD64
7F5EC
01516
001D4
0046C
005FE
7F726
7FA06
7FD64
004BE
7FB62
00122
0071E
7FD2E
7EF64
7F200
0092A
005CE
00890
0014E
7FEFC
7FA00
00010
7FDFC
0006E
7F5BA
7FEA8
00468
00650
7F658
008C2
00600
004B8
00BBA
008E2
00362
7FDDC
7F800
00668
7FF2E
7FEDC
7F5B8
7FFE8
7F79C
0014E
7FBFE
7FD88
00232
0099E
009A0
7FCB4
7FEB8
7FF7C
7FBF8
7EED6
7FADA
00A5E
7FC74
0010E
7FC82
7FE46
0099A
7F96C
0032E
7FAE6
7FB8E
001D6
7FC3C
7FE1E
007FE
7FA60
003BC
7FFB4
0024C
7F700
7FBF6
7F76C
7FC02
00372
7FE8E
00D9C
7FE52
00188
7F8CC
7F7C8
003FE
00AA8
7EEE4
007FE
7FB90
00DAC
7ECA0
7F800
7FE50
7FFEC
7FF56
7FEBE
00C6C
00590
7FF9A
7F9AC
00C00
0006A
00778
7FFD6
01356
7FD92
7FA4A
00646
0003E
01042
008A6
7F03E
00426
7FD94
006C6
002F4
7FA0A
7FBC4
7FFB8
7EEB6
7FAA0
002A2
00636
7FC82
00162
7FB9A
0084C
00192
00AB6
7FC52
0043A
00494
00000
7FCFC
001DA
00728
7F778
7F57E
7F748
00700
7F7C0
0020A
0050C
7FFF6
0069C
7FB16
004DE
7F718
00204
0050E
7FDF4
0015E
00A74
007A2
7E3F2
00336
7FE92
7FF02
012E2
00BB4
7FA74
00238
00458
7FFB2
7FC00
7F8A4
7E9C6
7FBDE
0106C
7FE40
0028C
7FE8C
00848
7FA90
7FFB0
7FEB0
010CA
00278
7F190
7FF3A
7FE04
7F984
00442
7FD9A
00396
7F0F4
7FFBC
7F718
7FE96
0010C
004C8
7FBC4
00954
003FA
7FB7C
004C0
7F400
7FF14
008E0
7FE3A
7FD12
7F488
0071C
7FC32
7FFA2
7FE8E
7F802
0096A
7F720
001DE
7FFC6
0002A
009E2
7F7F4
7F030
7FE8E
7FEB4
003C6
7FF8C
7FD7C
00168
00160
00C44
00132
7FEA4
00B38
7FA4C
7F176
7FE00
000A4
00438
0000C
7F4B6
7FF5A
009A0
7FB48
7F03E
7F770
7FE6C
7F654
00F08
7FD4A
7FEB0
003D4
00400
00172
00458
7F352
7FE84
0032E
00112
0070C
00568
008E2
00DB8
7F756
01792
7F66E
7FB12
0039C
009FE
7FCB2
00170
00004
7FDA2
0022C
7F65E
00174
7E7C4
00436
7FBEA
7FB9C
7FB4C
7F700
0014E
00AA4
00400
7F9AE
00150
7F3A6
7FF26
007BC
7FEEC
0052E
00294
7E7AE
7EC9E
7FDC4
7FE12
00426
004EE
7F6E2
00400
00586
00494
7FAA8
009B6
7FEEC
7F24A
0041C
003B8
00748
001D4
7FE30
7F736
7FECA
7FAB0
7FF8E
7FC08
7FEEE
00338
00866
7FBD0
00474
002D8
006A0
008CC
7FD20
000B0
0047C
7FCD4
7FCF6
001D2
004FE
7E800
00378
003B6
7F37A
7F7F0
7EEF8
7F550
0068E
7F85C
7FA24
7F7BE
7FF98
7F72E
0099A
000D2
7FDD2
7F00C
00C6C
7FC70
7F880
7FA8E
001E8
0023E
7FFA0
0032C
7F84C
00DB8
7ECBC
7FCD8
7FB16
005EC
00E80
00200
0102A
7FA28
7FA1E
7FF24
7F9DA
7FD50
000A4
7FED2
003C6
001C6
7FBCC
7F58A
00CAA
7FEF2
7FB46
001F6
00EF4
004C8
00DAE
7F6B8
7F94A
00DC4
7F6FA
0019E
00B52
7F4E0
7FAEA
7F154
7FF90
7FB6C
00140
7FE00
00028
000CA
00FA8
00A7A
7FE88
7F942
7F928
7F92E
00116
7F9F6
7FA0C
7F8E2
7FB22
003C2
7F594
7FDFE
7F538
0093C
7FD82
0078A
7F92A
7F962
7FAA8
7F654
001D8
7F666
000D0
00854
00704
7F438
7FBDA
7FE00
003FE
00036
00572
00246
0028A
00038
00438
00298
010C0
00998
00778
000B2
7F378
002C8
7FB58
00000
00192
007DA
005E0
7F324
00420
7F122
00606
00A88
00010
7F104
00014
004A0
00016
0082A
7F33A
7FDFE
00112
00614
0052A
003C2
014B6
7F95A
003CA
0055E
7FE82
7FE84
0001E
00456
0070E
7F19C
7FC84
003F4
7F8B0
0085C
00B64
7F6E6
00154
00552
00356
00D66
00134
7F05C
00306
0061E
7F864
7F3C0
7FCD6
00800
00068
00D5C
7FEC8
7FC22
7EF82
7F382
00206
008D2
7F9AC
7FF88
007B2
7FF54
005AE
00BD2
0082C
00000
00478
7FEDA
0023E
7EEA8
001AE
0050A
7FFE0
00456
7FDB8
7F97A
00418
0080C
009E2
7F8D0
7FE86
7FC00
00104
00092
0070C
7FF30
0067C
7F41C
000C0
0032C
00FFC
0045E
00274
7FB02
7FE0A
007B6
0050C
7FC02
7EFAA
7FE82
00398
7F60A
00400
0080A
002E4
00FA6
0030E
7F750
0060E
7FD98
7F6B8
7FEF4
00EB4
7FA00
00914
00D12
00048
7F840
7FD68
7FCAC
7F064
00C86
7FA9E
7F6E2
0064C
00BFC
000DC
004A6
7FCBE
7FFF8
00668
7F4EE
00350
7F9C4
007E0
0029A
7F85E
7FD12
7FBE0
7FC64
00120
00774
7FF8E
00238
00714
7FDFE
0025E
00732
7FEB8
0003E
001F4
7FC4C
010EC
00F58
7F9A0
00206
7FE96
7FECA
7FBC2
7EDD0
00226
7F008
7FBA0
7F464
000B2
7EDD6
00466
0020A
7FEEA
7EEF8
00264
7FD08
7F6DC
7FDAC
7F818
7FDB0
00156
01400
008B8
0043E
00BFC
7F8C2
0028E
7F8D6
7F320
0043E
7F806
7FF44
002F6
7F562
0087A
009E8
0092E
009F8
0060E
7F9A2
00A48
7FA84
00386
0003C
7FFDE
0028E
007BE
7FC6A
7FC26
00A26
7FF1C
7FE70
7F890
7F400
007FA
7FBC0
7FCEA
00596
0014E
7FD20
7F89A
7FBC0
00E90
000B2
014DA
7E82E
00BFE
0133C
7FD3A
7F60C
00936
00660
7F96A
00F12
00746
7F342
7F8F4
0056A
7FCC8
00390
00142
00064
7F26C
7FB06
7FA74
00C00
00F44
7F468
00722
7FE54
7FDD8
7F9B6
7FE7C
7FBBA
7FF5C
7FD62
00A08
7FE7E
7FB18
7F91C
00240
009F0
7FB80
7F96A
006DE
7F644
00D68
7F980
7F8EC
00564
7FFA2
7F2E4
003B4
001BE
7FCA6
7FF88
003AE
003FC
0111A
003D4
7FD8A
7F42E
7FCEA
00904
00846
0044A
7F1D0
004C0
7FEB4
00980
008EA
00404
00684
7FE02
00052
7F8BA
012A0
0075A
7FD42
00928
7FDC6
00298
7F30C
0008C
00BBC
0063A
7F9BE
7FD8E
7FF94
7FC00
00ABC
7F81A
0098E
7F1F8
7F648
00462
004F4
006D4
7F9EC
00146
0033E
0146A
7FE2C
0029C
00254
7FC00
7FA88
00C04
7FEEA
0024E
7FA14
00652
00E72
003FE
7F994
7F7EE
003F2
7F8CE
008D4
7FCF0
7FCD2
007FE
7F786
004A2
7FE28
00B32
009A6
0043E
00B5A
0012C
7FCE6
7F870
7FA3E
00D08
008B2
00E4C
00CD8
00000
7F9E4
0028E
0000A
00084
7F932
00108
7F956
00400
7FD9C
0030A
7FC92
7F5BE
7F868
00222
7F734
7EE00
7FF38
7FBA6
004F8
7FECC
00ECE
7F9D4
00038
0034A
00414
00F70
00722
008DA
7F576
0070A
7FFC4
7FE00
7FBB0
7FB74
00022
7FD84
7FB3A
7F9D8
7F7FE
007F8
7FA86
002CE
00C42
005D6
7FA5E
7F96A
00062
7FE00
00094
7F708
7F8E2
00404
005FC
7ED5E
7FF76
7ECBA
7FBF8
7F3C4
00268
7FC46
7FF4E
7FBF8
7FC1C
005F6
0002E
7FE90
008F2
7FFA8
7FA64
7F066
7F2A4
007F8
009B4
7FD46
7F9C2
004F0
00660
00238
002D2
7FE00
00270
7FA9E
000BC
7F25A
7F4E8
00476
7FC5C
002D4
006BA
7E8A8
01168
00D64
00418
008C0
7FEEE
001FA
000A2
00E40
00E6A
7F3EA
7FA2A
00D2E
00988
7F932
7FF2C
004EC
004E8
7FD96
0018E
005D0
00400
005FE
000B2
00A00
0058A
002D8
7FFE4
7FE3E
00512
7FD24
00AB6
7ED8C
000F4
002FE
00966
7FA60
00478
001FA
7F8B2
0015A
7F97C
006F6
7F538
7F28E
7FC52
7FECE
7FE24
00098
005AC
001E8
00162
004AA
005FA
00C00
008F6
7FACE
7FD10
0024E
00FF0
7FF58
00228
7FCE6
005C6
7F3C4
00688
7F838
00730
0020E
002E8
001FE
000C4
7F952
00A86
7FD80
00778
00678
00200
7FE96
7F472
0013C
7F86A
00366
7F8BC
009BA
0045E
7F400
7FEE0
7FD90
7FBAC
001A8
7FFD2
7F5DA
00A82
00AFA
7FE00
7FC66
7F364
7FAE8
001F0
005C0
00B4E
005EC
003EA
0098C
7FABC
00666
7FB0C
7F914
7F48C
0016A
7FF9E
7F34A
0145C
0116A
0076C
7F9D4
0057C
00000
00100
7FF0C
7F62A
7F386
7E63E
009E4
00D02
7F546
7FAC8
00510
00500
7F47A
7F596
0067A
7F4DC
001FE
00044
7FABE
7F8DE
7FC04
7F7B4
7F89C
7FF4C
7F496
7F806
002F0
00682
00762
005A2
0079C
009CC
00000
7F90C
7FCD2
00206
001A8
00B9A
00C3E
7F514
00EBA
7FC20
0044A
00B68
7FD62
7FD5C
7FEB6
7ED54
7FE00
7FB56
7FE10
7F994
7FED0
000CC
0013C
01064
7F76A
006B8
7FF06
009BE
006C0
7F1C4
0032E
7F6EE
7FA00
7F370
0037C
7F8B4
7FB9A
00236
00488
00202
7F490
00038
7F4D4
00B34
00482
7F7BA
0017A
00038
7F808
00426
7FC14
000B0
7FDD0
01356
001DC
7F97E
7FAF0
001AE
7F6E0
005EE
006B0
7FBC6
7F854
0069A
7FA00
7FE7C
7F85E
01656
00112
7F6F6
7F3FC
7F5A2
7F76E
7FE0A
7F456
7F354
00914
7EF3A
00562
00A7A
003FE
00964
7FB64
00E68
01568
7FF10
7F258
7FE1E
00910
7FBE6
7FCB4
7F892
7FBA2
7F662
0041E
00410
00600
7FEC8
00766
7FEF0
0036C
0000E
013B6
0078C
7F766
000C2
009B8
002EE
00286
7FDD4
7F9DC
7F894
7FC06
00EAC
7FE82
7FDC6
7FE3E
00044
7F256
7F480
7F9C0
7F54E
00DD8
7FBF0
00DD4
002F4
7FF10
004B8
7FE00
0039E
00C08
7FCF4
00A30
7FC2C
7F97A
7FE92
7F49A
7F830
7F69C
7FAD2
7FFC2
7FDDC
008EC
0017A
7F80C
7FBFA
7FBAC
7FEFC
00412
7FAAE
7F2D6
7E85E
0023E
00FE0
7F424
7F8D0
7FFC2
7FEC0
7FBCC
7F302
00000
7FE8E
004D8
00224
00210
00760
008EA
0022A
7FDFC
7FE00
7F3E6
7FCF6
7FCC2
7FF28
00B20
7FACC
7F014
7F256
7FB0E
7F63A
00B6C
003C2
0000E
0065C
7FCD2
7F188
7FB9E
0088C
00552
7F9B8
0080C
006A0
003FC
7F9DC
00AFA
7FC18
00434
0047E
00098
00C84
7FDF4
7FB5A
00050
007FA
7EC08
00566
00A1A
7F610
7FC0A
7FCF4
00602
7FE00
00628
7F328
000E0
7F6B0
7F72C
7F6D4
7FEF4
00000
7FA04
7F5BA
7F84E
7FCDA
7F600
7FF9A
00E34
001EC
7FF48
7F8E4
7F94A
0066E
00294
00B86
008AA
005FC
002C4
7FEDC
7F634
01132
7F400
0099E
002FC
00EB4
00176
7FD58
7FEB0
00896
00712
005A4
7FAF0
0005E
00026
7FF42
0052E
7F318
00200
004C4
7F948
004EA
00A5E
00C94
010A6
00CF2
00568
00904
7FAE6
7F8B0
0013A
7F1D4
7F698
00118
7FC00
00552
008D4
7FB1C
7FCE0
7F9DC
7FAAE
000F0
7F8EE
7F91E
7FE2E
0004C
003DA
00CBA
7FAB6
7EDB8
7FC00
7FF8A
7F93E
0029E
7FE8C
0086C
00094
7F912
7F292
00F5A
7F800
7F5F8
7FFC0
008F4
0038C
7FF1E
7FDFE
7FA66
00AF2
7F9BA
003BA
006CA
7F8CA
00A88
00DDA
00460
005D0
7ED8A
7FA94
0001A
7FE1C
0051C
7FBFE
01146
7FEB4
0058A
7F7D4
00EE6
7FEB8
7F10C
7F56C
001A2
008A6
0071C
7F9EE
7F2F0
00476
7F73A
7FA06
7FB76
7F768
007EA
7FDE4
7FB9E
0023A
0020C
7FA1A
7F3D0
7FF24
7FB98
7F3D2
7FA24
7FF76
7FDCA
01200
7FC60
7FA06
00D40
0062C
003AE
7F450
7FFDE
01114
7FE6A
009EE
0058A
7FD36
00066
000A4
7FD76
7F406
7F90A
0010C
7FF4A
7EDBE
0057E
7FD2C
005BA
0008C
7FA88
7F5DC
7F882
0015A
00658
7F69E
7FAB6
7FE00
7F0A6
00648
7FA28
00590
0015C
00574
7F34A
002E2
7F2C4
7F2F0
00180
00D7E
7FB36
00714
003BE
00406
7FCD6
7FC3C
010AC
7F69A
7EE4A
7FB64
00022
00368
00614
7FFAA
7F450
003C6
7F0A0
7FF58
7FFAC
00E00
003E8
7F620
00122
7FE72
7FE98
004D0
00CE2
7F71E
00AF0
7F9D0
00054
7FDF0
7F548
00276
7FDDA
001FC
00400
7FED0
00106
7F62E
7FD98
7FED2
0118A
00276
7FEA6
7FC9E
7F9C2
7FE04
7F764
7FE3E
7FD0A
7F600
7F180
7F1EA
000FC
008DE
7ECE4
00448
7FD4A
7FCCC
7F474
7FF8A
00588
7FE10
7FBBE
00940
00542
001FA
00F62
7FDFE
007E6
7FA9A
7FDAE
7ECDA
006B8
7F186
00AFA
00554
7FA04
7FE00
7FEA0
0013E
7F8C2
00600
0044A
00FFC
0024C
002FC
00D74
00438
013B8
000D4
00880
7FC54
7F7E4
7F9E6
00166
000C6
7FFCA
011FE
7FC40
7EFD0
7FECA
00596
7F65C
7F77E
0004E
005FE
7FABE
7F8B2
00268
7F978
7FB7E
00C5A
00960
009FE
7FACC
7FC52
0002E
0097A
00236
7F33A
7FDD8
7FB2E
005D4
7FD3C
007BA
7F1A0
00BCE
000AE
7FFF4
00600
00CA6
7FBE2
006B8
7F5EA
001F8
7F26E
7F61E
005FE
7FEF0
005BC
005F6
00304
7FF4A
000CE
7FEE4
00800
7FFF0
7FF20
006DC
00456
00592
0083E
7FCF0
7EEB0
00038
7F694
7FA5C
7FACC
005A0
7FE8A
00824
003FE
7F6A6
003E0
7FA16
000DC
7F7F2
00F22
7FF00
000D2
7FA8C
7F990
00680
00226
008F8
000C0
7FB18
7FBFE
7F9A6
7FA48
004C8
00146
00634
7FF38
00484
0054C
0113A
7F642
7FB00
00536
0174C
7FA92
00506
00804
7FD38
0060C
7FC98
7F97E
00140
7FC9E
00D1E
7FB38
00B20
00652
0067A
7FDD8
7F04E
002D2
00550
7FE00
7FEFE
7FEA6
00D62
00730
7FEDA
0030C
000C4
7FE94
7F6FA
7FF94
009C2
7F90E
00F0E
00BF0
7F99C
7FBFA
7EF02
0048C
7F292
00E10
0046C
008F6
000E2
00B02
0003A
00C88
7EB88
00064
0014A
00192
7FE7A
7FA00
7FAD6
003B6
009BA
004C6
0077E
7F322
00A6C
0015E
7FFC6
00E12
7FBFC
000A0
7F644
7FD4E
00190
00402
7F60E
7FDC8
00934
7FDD8
00792
010EE
0046A
7FCEA
7FCF0
0010E
7FB72
7EE00
0143C
00522
7F5CE
00A00
0041E
0125E
7FD3E
7F730
7FC14
00B36
004F4
7F3AC
001BA
7F948
7FF60
7FB28
7F84E
7FE54
7F942
003F6
00936
7F136
7F06E
014DE
7F642
7F6F8
00866
0068E
00758
000EC
7F7F6
7FECC
7FEC4
0052E
0051A
7F5FE
0106C
7FB96
7FD0C
7F3D8
00320
7F746
00918
7FC3A
7F878
7FE0E
00770
0031C
0108C
00248
00344
7FC08
00132
7FB0A
0047E
7F80E
7F9BA
000F0
0086C
00962
00614
00D2E
00B62
00ABA
00290
7FFD2
005DE
00800
7FB6C
7F950
7FA08
7FF9E
7FBBC
7FF3A
7FD78
7FF2C
0095E
7FE8A
00568
00644
002F4
7F468
008C8
7FC00
00E12
00CF2
7FCFC
7FB7E
7F362
00428
7F7B4
7F586
0084E
7F830
00DF4
7ECC8
7FCA6
7FFBE
0004C
7F800
7FE80
7FEDC
004FC
7F3E6
004D8
7FA3E
7F9AC
004D4
0187A
7FB66
7FE9C
00BDC
7FBF2
00CE2
7FB52
003FE
7F978
00BD6
00124
008FE
00774
7FCB4
004AC
0067C
7FB00
7FCE4
0177E
00912
00268
0049E
00178
00000
7F928
7F99A
7FCC2
0023A
7FDD8
0021E
00110
7F7C0
7FEC0
00BE6
00892
00534
000A6
7FA68
7EDAC
00206
7FF1C
00428
7F9D0
00234
0109A
017D6
006A8
00F02
7F8D0
00C08
00520
007CE
00B48
000E6
7FDC6
00800
001F8
7FF90
7F352
7F424
00304
7FDFC
7FACE
00038
01270
7FB8E
005AA
006B6
7F3B2
7FBA6
00368
7FE02
00DB6
7FF66
7F950
7FF70
7F67C
7FB46
7FE10
000EE
7FDDE
7FFB4
7F976
00422
00852
005B4
0008E
7F800
7FC8C
00704
0075C
7FA40
007C0
0022C
7F9C4
7ED00
0062E
7F97E
001B0
7FAD0
00184
0057E
0001E
003FE
7FCA8
7FC36
001D4
7EE2E
009C6
7F89C
7FF46
00182
7F45C
006F6
7FBEE
00224
0148A
7F314
7FEA4
003FE
00B70
7F6BC
00260
0036A
006E8
00C38
00044
00EEC
7FB70
0050E
00512
0052A
7F556
7FA24
7FE64
7FFF8
00A72
7F2C2
7FED0
00436
00736
000FA
0026A
01282
0043E
7FDB4
7F2D4
7FDD8
00B6E
01530
00722
00800
0008E
009AE
7F79A
7FB66
7F4F8
7FF8E
7FD9A
7F7B6
00798
7FB7E
7FBBA
7F932
00B1C
00AA4
7FEB0
005F8
7F96A
00B2E
00830
006D2
7F5AE
001B0
00D1A
00BB2
00D64
7FBB8
004E8
7F3A8
0082C
7FBF0
7FD0E
7EFFE
7F708
7F524
7FCF2
0088A
00640
0091C
009F6
0003E
7F932
00622
7F44E
00878
006EE
00050
7F1CA
009E4
00BC8
7FE06
7F9E6
7FD2A
7FE28
008AA
7F39E
01438
00FEE
00A66
7F942
002A8
7FB16
7F5E8
0059A
7FE00
0032A
00C44
7FC80
7FA76
7FC82
0015C
004C4
7FFC2
00F64
00086
7F822
009C0
7FAFE
7FDBC
0096A
00000
0030C
00080
0031C
0024A
00AA6
7FAEE
00AA2
7FE96
0028C
001F4
7F722
0048C
7F3F2
7F5C2
7FA36
7FA00
00446
7FD28
7F814
0058A
0007C
7EFCE
00498
0083C
0006C
7F39A
00D90
003E4
0094E
7F918
7F646
00FFE
00BDE
00F0A
7F77A
7FDB2
7FC6C
7F63E
00B04
0016A
7FDE0
000F2
00D5C
7FDCA
7FD0E
00112
00DB0
00800
007B2
003F0
0043A
7FCEE
7F72C
00586
00A54
00CB6
7FE6A
7F654
0049A
0050C
00F10
7FD4A
7FE5A
001F4
7F854
7FD00
7FE1A
7F6A4
0038C
008AC
0048A
7FBCA
011B6
7EE30
7F83E
7FC9E
0004E
0087C
0061E
7FFFE
7FB9E
00BDC
00E36
7F71A
000DC
00174
7FF0E
7F34E
7FD9E
00E14
0008C
7F6F8
005F6
00C42
012D8
7F602
00EE4
7FC1E
7FF34
7FD64
7FF54
0029E
7F3F8
0043C
002E4
7F46A
7F770
7FF64
7F466
00B76
001F4
7FA00
7FAEE
0008A
00006
7F956
00550
7F4DC
001D4
7EFD2
00210
00704
005E0
002D8
7EDB8
7FD00
7ED3E
00DEA
7FC84
002D8
009CE
00B88
0054E
7FB38
7FEC2
00326
7FF2E
7F8F8
7FA22
00646
7FA48
00508
00294
7FA00
7F8FE
008BA
0089E
00500
7FF36
00124
00BEC
00C12
7F684
005CA
7EC6A
7FB7E
006D4
7FE2E
0000C
005F6
0059A
00F1E
7FAF4
7FE16
00638
00360
009A2
008D6
006D4
7FEF0
7FAC6
0034A
00C7E
00B00
00554
00000
002B8
00B78
00732
7FF4E
7F924
001A4
0008C
7FE56
7F924
7FB9E
7F8BE
004BC
7F7CA
7FDB0
7FFAE
7F810
00510
0006A
00814
7FF74
7F67A
007A0
7FB2C
007F6
00D78
01C78
7FBD0
7E640
00908
0054C
7FC46
7FFFE
7FA52
00158
7FC86
7FE78
008D4
00ABE
002D8
0099A
7F744
7FD98
002A2
7F67C
0015C
7FDD4
7EFBC
7FFFE
7F2D8
7F50E
0024C
7F30C
7F842
004D6
00280
007FE
7FD5A
7F7BE
7EAA8
7FE86
7FD0A
7F660
00324
00600
7FE46
7F53A
0058A
7FAD0
00718
7F9B4
7EC18
00000
0072C
7FBBC
006A8
7F1DE
7FF6A
00E8E
0010C
7FA00
006A8
007F4
7FA1A
007A2
0005A
7FFEC
00404
7FA58
0006C
7F9AA
00C22
00A74
00190
7F876
00276
7FE00
7FC2E
007CC
7FA6C
7F4B4
7F952
00682
7F7B4
00000
7F76E
7FF88
7FBE4
7F7FE
7EFA8
7FDDC
7FB14
00200
00954
7F658
00CEA
7F8DA
0038E
7F48E
0026A
005A6
7F684
7EFC4
000F2
7FBAE
00B0C
00670
0008C
00600
0033C
7FB0A
0015C
7F756
007B8
006CC
7FE7C
00826
7F9FA
7FCFC
0111E
7F8C4
7FE90
0074C
7F3E2
7F9FE
004E8
7FC9A
7F60C
013F4
0020C
0006E
003D4
001FA
7FD3A
7FF38
7FD6E
006A2
00DAC
00B7E
7FC72
001FE
001A8
00AC6
7FE76
000DE
7FA64
7F7DE
7FAAC
7EBEE
008AA
7FC40
001B6
00860
7FBF8
004CA
7FB66
005FE
7FE20
7FD88
00748
00BB2
003CA
00596
7FE88
00202
00812
0077E
7F91A
0002A
7FFB0
0039E
7F248
00C00
7FC4E
7F9A4
7F954
00524
006A6
7F7DA
7FB2E
0023C
7FD4E
7FE20
7F4EA
0030E
7F66C
7F6E2
7FCEC
7F9FE
00564
005F6
001F4
00518
00752
7F950
00A74
7FAF6
007CE
7FF84
006EE
00542
00160
7FE2E
7EC4A
7FC02
7FDA2
006A8
7FC94
00258
00DAA
0000A
00CA6
7F9C4
0053E
0076A
7F04C
7FC68
7F818
00714
00936
00DF2
7FFFE
001B2
003AE
01328
0012E
7FB84
7F72A
00914
00658
002F2
7F1A8
00B1C
00328
00726
00AA2
00800
7FC9C
7F7AA
002BA
7FB24
00712
7F858
7FE5A
0012A
00682
7FAF2
7FBBC
008D8
004FE
00BE2
7F920
7F802
00340
7FE3E
7FCD6
008C4
7FB44
0063A
003D2
7F930
00414
0043C
0029C
7F138
7FEC0
7FF5C
0079A
00FFA
7F6CA
7F766
7F816
7F732
7F9CA
00878
005D4
006CC
7EB98
009BE
7FA4C
00804
7E90C
7FF8C
7F69A
7FFFE
7FC3E
7FF7C
0005E
7F4F4
01586
000B8
7F04C
7FED0
7F084
7FA56
7FF58
7FDD6
007A8
7FD40
000AE
01000
7F61C
00132
005A6
7FD30
7F44E
7FD7E
00A28
0076A
003CA
7F4EA
7FD50
00554
7FBF6
002F6
00078
7F600
7FC18
7FD86
7F3E4
7F8D6
7F7B6
00658
7EE4A
0023C
7FA9E
7FDF8
7F2E6
00408
009DA
00736
7F1C6
7FC00
00608
7FE62
7F992
7F52A
7FD26
00584
00710
00496
7F5B0
7EDFC
7FAD2
7F504
7F91C
002A4
010FC
005FE
01122
003DC
0069C
004D0
7FBAA
000FC
00134
7F9C2
7FDD8
7FE28
7FFEC
0019C
000EC
008D6
7F75E
00600
7FEB0
7F5D6
00152
0012E
7FED8
00074
002F8
00C34
00274
00944
7FB0C
7F4E8
7FA44
7FEA2
7FF82
7FE0C
7F984
012AE
7EFAE
0027C
7F586
7FA3A
7FBD6
7FA04
7FA7C
7FD60
0057C
7EDF6
7FD00
001AC
003E0
011FA
7FDF6
00CAC
7FA5C
7FBFA
7F8B8
7FE7C
002CC
7EFEA
7F9D6
7FDA6
7F7EA
7F852
7FDEC
7FBF6
00818
7FA06
7FE28
005FE
7FEDE
00050
7F886
7FB86
00DEC
7FA06
7F4E4
0005E
006A8
004EC
0053C
00F00
7FB6E
00200
00540
7EEF6
7FF6A
7F880
7F56A
00088
0008E
7FB2A
00752
7FAEC
00988
7F03E
7EE4C
00134
7FA46
7FA0E
7F962
00A66
00414
00244
003D2
006F2
009AE
7FB2E
00620
7FADA
001DA
7FB48
00716
00B0A
7FB30
00200
7F43C
00030
7FA5C
00F76
7FE40
7FC24
00710
000D0
7F892
7F7B8
00CE6
7FFD2
7FD5C
7F2C2
7F88E
7FA04
7FDAA
0040E
00100
005A4
00398
7FA02
00CC2
000D2
7F958
004D2
7F8C2
7F4CA
0020C
7F35E
003B4
7F200
01418
00224
7F6CA
006EE
7F93C
001BA
00140
7F778
7F9E8
7F86C
014A6
00534
7F386
00402
7F78A
7FDFE
7F814
7FB62
7FC34
7F032
7FBFC
7FF9E
0103A
00128
7FDC6
7FE66
0017C
7FF56
00B62
00BC8
0058A
011FE
7FF98
0001E
00288
01328
7FFE8
7FE22
003C4
00866
7FCE8
7F4F0
7FB68
0097A
7F92C
001F6
00176
005EE
01046
0059A
0080A
00D8A
7F5E8
7FD0C
7F730
006D4
7F588
000D4
000A8
009BA
7F658
00186
00514
7EA00
0040E
0010C
7F5F0
7FC14
7FEC4
006F8
7FACE
003C2
7FFB0
004CC
7F9F4
7F5CA
7FEAE
0048A
00620
7FC00
00154
7FA4A
00696
00F6E
00F6A
0001C
7FCB8
7F8EE
7F84A
7FE24
0096C
001C2
00812
005B6
7F508
7F600
7FAEC
7FCCA
00576
00642
002EA
010B2
00204
00C3C
7F870
0006C
7E73E
7FC8C
008E8
7FCF8
7F122
7F402
7FED6
007E0
7F25A
7FE38
7FE8C
7F834
000E6
00710
7F9D4
7FCA2
0010C
7FBE4
7F750
008C6
7F940
7FE00
00196
7FD56
00B40
0034A
7F41C
7FDE6
7E952
7FF2C
7F994
7FD5A
7FEDE
7F39C
00B72
7F9B8
7F3EE
01200
7FC42
7FB32
7FD94
0098E
0062E
00702
7FC08
00E6C
7FFF8
7FD8A
7F3F0
7FF82
7F632
7FF18
7F476
005FC
0068A
7F84E
7FC5C
7FB0C
007B2
7FB5E
7FF7E
004CA
00950
7F5AC
0047A
7FD24
7F26C
7FB30
7FABC
7FA00
7FEA4
004DA
7FD7A
0000A
00550
00556
002F8
7FD96
7FA02
7F9D0
7FCA6
007C4
00494
00658
7FE94
01400
005F6
7F354
000EE
7FF5C
7FEC8
7FD28
00886
00094
7F49A
004CE
7FDCE
7FAB0
01330
7F73E
00C82
7FDFC
0007E
7FBBA
7F4A0
0033E
005AE
00970
7FC4E
00E2E
7FFE2
7FDF6
7FFE4
00264
7FC8A
00BB6
7F0D8
00400
002E2
7FE56
0033C
7FDD0
00202
7FA9A
7F986
0036A
7FE52
00A7A
7FEA8
01010
00E4C
0015A
7FA48
001FC
7F5B8
001AA
7FE62
7FF8C
7F28A
00476
00EA8
005C4
7EC38
003C0
00120
002B4
00AC0
7F602
0066E
7FA00
7FE8C
7FA3E
7FC0C
7EA4C
00158
7FA54
003FA
00112
00714
00676
7FEB6
0016E
7FE3E
7F3A2
009E2
7FC06
00878
7FC5E
003A4
00942
7FA2E
7F950
7FC20
00090
005D2
00124
7F682
00892
7FDD4
0014C
0092E
00DFC
7F302
00834
004DE
7F858
7EC20
00100
0053C
7F306
0057C
7FA04
01010
00D58
0020E
7FF74
005CE
7F422
00696
00922
0071E
00BDA
008AE
00326
00034
00368
00346
00680
00EE8
00092
7FACE
00382
0018A
00200
0030E
7FF1A
00020
00472
00604
00292
7F922
0012A
0075A
7FFAC
7F4D2
00072
005F0
00CF4
7F8BC
005FE
7FF88
7F60A
7FDCA
7FAAA
7FFA6
7FA30
7FC7C
7F786
7FBA2
00186
7F88E
0042C
7FBC0
0004E
7FE4C
00200
00326
001C2
7F1EC
7F8BA
00584
7F910
7F12C
006D2
00204
001A0
7FE58
7F4BC
7F9EE
7F990
009BE
7FE00
7ED38
0036E
008E2
0082A
7FD88
00484
7FC2E
0087A
7FCBA
002D2
006E2
7F6A6
006F8
7FED4
7F0F8
7FA00
00174
000C0
7FC8A
7ED8E
7F47C
7F26C
003B6
003E0
0013A
000AE
005DC
7FA06
7F972
7FE6C
00786
7FFFA
007C0
7F97E
7F610
7F266
7FF22
0061E
007D0
7FC98
7FDEC
004DA
005B0
00402
7FF56
0013E
7FFF0
001FC
00226
7F37C
005B4
004D2
00242
7FCFA
7FF9E
7F026
00EA0
0062A
7FD3A
005F0
00348
7FCAC
7F512
00400
7FFEA
7FF00
7ED92
00B44
7FECA
00276
7FA06
7FF76
7FD78
7F790
7FAA2
7FC00
7F8A6
7FB9E
014C4
00400
7FCF4
00970
000F6
7FA7E
7F790
7FC38
7F9D0
0016A
7FA8E
00F8E
7FB4C
7F922
7FE68
0037A
7F6DE
7FA06
7FDC8
0007E
7FDDE
0085E
005D4
7FE2A
7F84A
00F04
0027E
7F95E
005B8
001CC
7F8CE
0063E
7F72A
00BFE
006A8
7FBAC
7FA34
7FE34
0089E
00C46
7F674
7FE9C
00560
7EF0C
00F86
7F79E
00510
00664
7FE70
005F6
7FCF0
01358
00618
006CC
7F754
7FB90
007B4
000EA
00AAC
7FF20
01252
00578
7FB00
7FD90
0013C
00200
7F98C
008F4
013AC
00108
7F710
7F7A6
7FFC4
0016C
00104
00428
7FA20
7FC96
000A4
0075E
7F866
7EC1C
00324
003F4
7FE18
7F7B4
000CC
00338
7FBCE
014A4
7F790
7FEC0
7FEB2
0025A
7F75A
7FDB2
7FBEC
00200
0054A
0021E
7FBF4
7FC0E
00086
7F4EE
7FDCE
7FE94
00DBA
7FDE0
7FF42
7FB02
7EC82
0077E
7FCD2
7FFFE
001E0
00424
7FE9A
00AEA
0089C
7FD00
7FF00
7FB40
7F114
7FBEA
7F6CA
00608
7FF5A
7F6D6
7FB38
7F600
00030
7F696
7FECC
00160
7FFE8
7FF5A
00BF2
00D12
00FE0
00264
7FB10
00B24
7FFA2
00814
000D0
00BFE
00852
7FB08
7F218
01094
00778
7F8BA
7F0DA
7EEEE
0066C
00070
7FFFA
7F722
7FD24
0092E
7F2C0
7FA00
00168
7ED9E
0059E
00572
00584
00174
011DC
7FEEC
00620
7F878
7FD5E
00154
7F7E4
00942
006E0
7FC00
7F89E
00576
00826
7F09A
00E00
00B22
00172
7FD12
00C54
00004
7FD9A
00462
0051A
000C4
000C2
00000
00C80
7FD7E
000A8
0026E
7F050
7F5F4
01232
0091E
7FD64
7F746
7F86A
0061C
7F4FC
008EC
7FE4A
007F2
01054
000F6
01288
00846
7F8D8
00646
00024
7F930
7F566
00C48
7FA60
7FD36
7FEA2
7F55A
012A2
7F7FE
7F554
002C2
0066A
0018C
00372
00894
0054E
00EC2
01202
002F0
000DE
7FDDC
00394
001C6
006AA
7FFFE
7F882
00116
00390
7FBB4
7FD0C
008CE
00076
7FED2
7F70E
0071C
7E874
006BE
7F88C
0024A
7F6DC
00600
7F58A
7FC6A
7FE0C
00BDE
00102
00B7C
7EE4A
008D8
005C2
7F836
7FC6A
008E8
7FCA0
001AA
7FC44
001FA
002EE
0012A
00A26
7F6A0
00604
000EA
7FD5E
010C4
00AB0
004D2
00242
7FD34
00924
7F940
7FE3C
005FE
7FC1E
7FD22
7FC62
7F5CC
7F696
7F632
00310
00326
008CE
00778
7FBD0
00BEE
7FBD8
7F4AC
7FB56
009F0
00A4E
00D42
7F924
7FFB2
00AD2
000CA
003A8
00B2E
0032E
00378
00326
7F5DC
7FAA2
7FD20
7FC92
00000
7FAA6
005FC
0054A
7FD8A
7FE12
005E2
7F744
00DF6
00D56
7FE64
7FD60
7FB64
7FCC8
7F922
7F124
009F0
7FB0A
7F514
00198
7FB9C
7FC9E
7FA66
7FC40
00436
00ABA
7FDBA
7F508
00206
002E4
7F2AA
00D42
7F800
7E998
7F702
00C50
00DC6
7FAE6
0072E
7FD98
7FA14
7FDA2
7F16E
7FE4C
7FEF4
002EE
7F752
7FEA0
7F61C
00898
00396
7F410
7F92E
7FAB0
7F978
011C0
7FBC0
0022A
7FCB0
00800
0038E
00D42
7FC0A
7FFF4
7F400
00308
008AE
7FAC2
7F9A0
01208
00722
00682
7FE96
7F654
7F514
001BC
003BC
00C0A
00264
7F08C
00600
004C2
00578
00226
00720
7F664
0075E
7FA5E
000EC
7FC9E
0077E
7FF44
7FA92
7FEB8
0074A
001D0
00BFE
005B6
7FC4E
7F5B8
004B8
001EE
7F678
7FF80
0016A
00944
002E0
7FF14
00DEA
7FCF8
7FCF2
7F684
00A00
001E0
7FB32
00250
00286
7FA94
000AE
7FF00
00F10
00462
7FAE8
7FAFA
00BC4
00354
7F3B8
007B8
00400
7FB1E
7FF7E
00C88
0031C
00466
7F3BE
00762
7FC94
011CE
7FFE6
002AE
00630
002CA
7FE1C
009F0
009FA
7FD2A
7F3B2
7FDBC
00B1E
7FC9A
00BBC
001B2
7FA44
7F9B6
00E40
7F954
7F3C8
7F99A
7F980
7F8AE
7FC00
7FE8E
7F59C
7FE20
7FC60
00ADE
7FF40
008E2
7FF66
002E2
00842
7FA0E
7FA48
00888
00B78
7FEDE
00DEC
0041A
7FE4E
7F6DE
0054A
004C4
00382
002EC
7F1C0
7FB46
7F27A
00F56
7FBC8
0059C
00A86
004BA
00000
00584
7FE18
00EA0
001E2
7F3A2
00A6A
7FCFA
00750
0034C
00110
7FA94
011A4
0027C
7FD86
0051E
007FE
0024E
7FA80
004BA
00AF8
7F3BC
009DA
7FBBA
7FECC
7FBCE
7F9C0
7F49C
7FC16
7F8C6
7F3A0
7F41A
7FC00
000D4
00642
0099C
7F9A8
7FB1A
00914
7F46E
7F0BC
7F62A
7FFD6
009CC
7FABA
7F272
7FE92
0102C
7FC06
7FFAE
006C6
0007A
0016A
7F97C
7F396
7FD1A
7F926
00440
7FFBA
7F4DA
7FF7C
7F456
7FF50
0010C
7F200
7F592
7F60E
7F7C6
7FEF8
7F9E2
7FDA8
000D6
7FA4E
7FBE8
00320
7FCC8
7F6F4
7F63C
007BE
7FFAC
7FE04
7FC98
00472
0058A
7FE56
7FB04
7FF58
7FE9E
007F6
7FDA2
7FBE0
7FC20
7FBE4
7F8B4
7F70C
002FC
7F9FE
0020C
00DC6
00138
7FBEE
7F9AC
0088C
7F9E8
00596
003DA
00E22
00744
7FE52
00D12
7FB94
7EEE6
005F0
003D6
7FC5C
004BA
7F71A
00912
005A4
7F386
00802
7FA98
00E02
00324
7FEF2
7FC18
7FA62
7FB44
00A00
00B8E
7FCAE
7FD40
7FA48
7FA20
00354
7FC48
000D4
7EE1C
00312
7F88E
7FAAA
7F650
7EDAC
7FE06
7F600
0003C
00238
00892
003DA
7FB00
005C4
7F7F2
7FE00
00CE2
001A0
00092
7FC6E
7F59E
0000E
7F3B0
00600
00634
7F83C
003BA
006E4
7F704
7FBDA
7F920
7FB2C
00168
00184
7F870
7F42C
003CA
000FA
0193E
001FE
7FDA4
008DC
00706
002F8
7FE18
7F65C
7FF8A
7FE02
00A92
7F9C8
7FDDE
7ECC0
00F68
7F5FA
00826
01200
00CAE
00F2C
7F19C
003EA
7FE22
7F4CC
7F930
0043A
002E6
7F4AA
00266
000C2
7FD8A
007DA
00532
7FC04
7F754
00470
7F662
7EDD2
001A6
7F2B4
012CA
7FF14
7FC06
7F064
00094
7FE24
011B0
001D8
7FA88
7FDFE
7F6D8
7FF0A
7FC62
00AA2
0035C
7FB00
00CBE
7FBC2
7F95C
000C8
00466
7FF3C
7F994
00C06
006CC
7F408
013D8
7F09A
7F028
7F3AA
7F6B4
7FEEC
0066A
7F100
7F8F0
006EA
7F6D6
001D6
7FD3A
7F8D8
00764
01200
7FCD4
7FEF4
00C86
7F772
000AC
7FF3E
00044
00914
0011E
0017E
7FBF4
00074
00262
00CAE
00C90
7FFF4
0058A
7FA6A
7F482
7F6A8
002C4
002CA
7F87C
00638
000EE
7FE98
7FF8E
00228
0045A
00160
00A1E
7FDFE
7F480
7EF1A
0029E
0035C
7EFEC
00F32
7FCD6
7FAEC
00E2A
7FB5C
00290
7FCC2
0087E
7FA04
00454
7F800
00934
7F6A4
007B8
7FE94
0034A
0044C
001DE
7FDBE
00AE2
0058E
7FB18
000A6
7FEBE
00236
008A0
00800
00A18
00252
7FAA8
7FB80
001BE
7F6A6
004F8
00110
7FEA4
00AE2
00676
000FE
001C8
7F7BC
7F9B8
7FE00
7F8B4
002AC
00094
7F92A
000E8
7F898
7FA68
00A2E
008FA
7F95E
7F972
7FC6A
7FEBA
7F8C8
002C0
7FC00
7EE5A
7F79A
00CE8
7F14C
0014A
7F76E
0158E
7F31A
008D0
7F64C
7F5C6
00494
7FB18
01348
7F114
7EE30
7FFCE
7FB7C
00074
00A18
0022E
005F2
7FFFA
001BE
7FE6A
7FD70
001A0
7FDF0
7FE2C
7FF50
7FD78
00000
7F060
00400
00504
7F968
7F8F8
7FD58
7FBC0
00200
00322
00C84
00314
004B0
7FE4A
00110
7FB76
00000
00662
006C6
010A6
018B2
7F2FC
009A0
7FEB8
0054E
00150
0082A
0079E
7F574
7F824
00AC8
00E38
007FE
7FF78
7F5A6
7FB06
7FE1C
7F47A
7FCBE
0036E
00200
00B60
00AB8
00672
003CA
7F96A
0052C
00358
00000
00AE2
7FE98
7FA5C
7EFCC
7F53C
006A0
002B4
7EEB2
00C4C
00190
7F3C8
00210
7FD3C
004A4
00256
7FE00
00738
008CC
0062C
7FA86
0092A
7FACC
0061E
008D6
7FD14
00102
00084
7F4B4
0081E
7F818
7FCC8
7FE04
0000A
7F7C6
005E2
7FB9E
0042E
001E2
7FA9C
008CA
00168
7F73C
0059C
7F400
0018C
7FDDA
7FEA4
7F5FE
7FCAA
0058C
00940
0071A
00986
7F278
7FF78
0032A
0117C
0074A
00954
00CEE
00480
7FDC8
00698
005F8
7F994
001C4
0024E
7FABE
7ECC6
008E0
006E6
0032A
00260
00862
7FF70
0025E
7FE20
00444
7F046
7F600
0003A
003B0
7FB32
7F9E0
7FAC8
0075C
7F55E
7FED4
7F9D0
002FA
005B4
7FA00
7F0DE
7F452
00726
7F606
00C0E
7F98C
7F828
0074A
7FC6E
7FDA4
7F858
7FA5C
7F7C8
7FEE0
007A8
006EA
7F76C
00774
00690
7FA00
7F8A8
0070E
00674
7F6DA
7FD48
7FD5C
00A82
7F928
7FC94
7F2F2
7F54C
0045A
7FFD0
7FAA4
01046
001FC
00D96
7F3A6
7F9AE
7FFEE
00666
000D2
00F56
005AA
7FA7A
0033A
00E6A
002A4
001A2
7F64E
7F5C0
7FC00
7FE54
008BA
7FB6C
7FC26
7F662
7E9A0
7F510
00C0E
7FEB8
0015A
00A6A
7F426
7F92E
7FA00
001AE
7F80E
00180
7FCF8
7F520
008BC
7FCFE
7FA28
00330
7FA5A
00FEA
7E8EA
7EE64
00A2C
0017E
7FE08
0082C
00BFC
0042E
0027A
7FAC8
007D6
7FE24
00A66
0018C
00BEA
7F320
00372
7F5AE
7F71A
7F95E
00264
0007E
007E6
003FE
00656
01160
7FB54
00500
7FE52
7FF70
005A2
7F1A8
7F3EC
7F942
002C4
7F9CA
008BE
7F7C2
7F200
7FE24
7FB46
7FBB4
002AC
7FD2E
7FDA6
7FABC
00494
7FF9A
008E6
00ED4
007C8
7FDA0
7F484
7F838
00000
000E4
7F8EE
00126
7FA6A
7F7D4
0048C
7EE18
7F896
005A4
7F618
0003A
7F194
004EC
0052E
0091E
7EA02
004A4
7FCAC
7FFD4
7FEFA
7FDD0
7FD9C
7FDCC
0076A
00A0C
7F7C2
0027A
00784
010EE
7FD2A
000E2
003FE
7F6CE
00974
7FAE6
7FBF0
00972
0012C
7F88A
7FB6A
00636
00EE2
7FD80
0071C
0003C
7E82E
7F7F8
00600
00322
0066C
7F9FC
0027E
0000E
7FF56
00024
7FE96
7F63C
00848
7F4B0
00040
00058
7F906
7F9B4
7F40A
00122
00AFA
00724
0019C
7FE1E
7F6B8
7F4F8
7FD6C
7FD32
7F9D8
7FBB6
7EF56
7F23A
7FC3A
7FDFE
009FC
7FF90
00238
7F932
0031E
7FB1C
7F95A
00BC4
00166
000FC
00210
7F430
00306
7F996
7F6F6
003B2
013E8
7F270
001FC
003B0
7F8BC
7FC22
0064A
00A3A
7FA9E
010A4
0061E
0021E
7FD6A
00328
7FE28
7F4C6
00800
7F9D6
0066C
7FB36
7F6C6
7FB2A
00D6C
7F8D2
7F8D2
7F60E
0057A
7F3E6
7FD32
7FDBC
7FB90
7F8CE
7F800
7F664
7FCE6
007A8
00624
7F9DA
004E8
004B2
000D8
7FEF0
7F8B6
00988
0153A
7FEAC
7F99C
7FF06
00FFE
00056
009EA
00096
00266
0079A
7FD26
7F50A
7F338
7E716
7FEBC
00132
0064E
00682
7FA1E
00FAC
7F804
7FE96
005FE
7F81C
7F8AC
0030E
7F3C0
002DC
7FB2A
7FE42
7FFCA
005C6
7FF26
7F416
7FD68
002F2
00600
00836
00B0E
00E4A
00686
7F776
7F5C6
7FB68
00808
7FDB4
7F606
7FD50
00262
7FF8C
00540
0017A
7FDF8
7F57E
7FF30
01420
7FEEE
7F9CC
00AA0
7F5D2
7F38E
7FF7E
00C46
008A6
00CA0
00464
7FAE4
00442
7F200
7F974
002CC
00D8E
008A8
004C2
7FCFC
7FCA0
007E4
004E0
7F73C
0036E
7FBFE
004CA
7F502
7FD9C
011CC
00B8A
7F2F6
005B8
7F9D8
7FAC4
7F28E
00868
0047C
7EF90
0065A
002F6
7FD04
011BA
7FAE2
00440
7F800
004EC
7FA38
00182
7FEB8
01C46
7FBF4
00E46
7F9C2
005F0
7FCE2
00C30
7F20E
0025E
00BEE
7F7CC
005FE
7FDB2
7F26A
7EF58
7F60C
7FBDA
7FE5A
7F656
7F9C2
00A8E
00636
7F690
7FAB8
7FF2E
7F030
0008E
00800
7FE54
7FA28
001EA
00DC0
0062C
7EDCC
00544
0023C
7F6D4
008E4
7F592
00176
7FBDE
7F8CE
7FA24
00200
7F8B8
7FA94
7F974
00578
00440
7F494
0028E
0023C
003AC
002A0
00024
009C2
7FB58
7FE62
7FC62
00000
00782
00B34
7FA6A
00B28
7F938
00192
003B4
006CA
007B6
00782
009A0
7F65C
005F0
7FB4C
7FFF0
7FFF6
7F8AE
0007E
00162
01014
7F750
7FC6C
002FC
7FED4
7FFA2
00186
7FC7C
00474
7FFCE
7F668
00256
7FFFE
00260
003B2
00060
7FCCC
00FA0
7FB32
00716
00128
0011A
00536
7F94A
001A8
017CA
003A0
7F9B4
7FFF6
7FF40
7F53C
005AE
7F7DC
7F908
0021E
008EA
7F926
0059C
00CF6
00EB0
7F390
7F91E
7EF70
7FD44
7FE00
006A6
7FFB0
7FD62
0079C
7E8AE
7FA88
7F71C
00494
00508
00264
00228
7FC4C
000A2
0069A
00006
7FFF8
00912
7FB1A
7FF4A
002A4
0061C
00684
7FB48
00360
00DFA
7FD30
00170
006DE
7F242
002F4
7FC1C
00200
7FDD8
005B8
7F7CC
018BA
7FA86
7FC90
001D6
0075A
7FD48
7FEA0
7F6AC
000D8
7FF14
7FA0A
7FFB2
7FFFC
0079A
7F424
00CD4
00CBE
7FB1C
0026E
7FB9E
00092
7FC6E
00D10
00FBE
7FBDE
0078A
7FC68
008DA
7FC00
00266
7FBF6
0021E
7FA9A
7FEFC
7FDD8
000B8
002D4
00172
00EEE
7FC94
012D8
001EC
00A3E
7FF6C
007FC
7FEB4
7FA7A
00060
00502
002D2
7F218
0096E
7F2E2
7FD9C
007B4
7EFE0
00364
00680
000E2
00926
7EC02
7FD4E
0065A
0081A
00958
0068A
0017C
003BC
7FD28
7F7C2
7F600
00788
00436
7FE0A
7FDD2
00E46
00FD0
7FDB4
7FD78
00BC4
7FEEE
7FFFE
008C2
00BCC
7ED2E
7F688
7F8FC
7FED6
7FD4C
007E4
7FCB2
005A2
7F000
7FF6E
7F37E
001D2
7E80A
7FE04
00B60
7FF70
7FED2
006D0
7FAF4
7EC5A
008C0
7FC84
00498
00002
00BFE
7FF4C
005BE
00078
00616
7F204
001AA
004D6
00C7A
7F520
7FB76
00098
7FC24
7EE2A
7FD82
7F8A6
00800
00606
006A0
00A86
008A6
00438
7FE60
7FC82
7F92C
0004C
0007A
7F876
7FB3E
7F57A
004C4
016AE
7FC00
7F9A2
7FA7C
00428
0013C
7F7D4
0058C
004EC
7FB84
7FC02
00EBE
7F2FE
007DC
7FD24
7E82A
00190
7FC00
7FAC8
7F61A
00F08
00074
00AD0
0092E
7F998
004CE
7F2E6
7F6F6
00A92
7FCD4
7FCDA
7F2AE
7FF1E
7FC0C
00AB2
7EAC6
006D8
7FE50
7F664
0038E
002E8
003A4
7FC22
7FDF6
7FAE0
7F732
00B24
00338
008D8
007FE
7F9B0
7F204
7FD64
00380
00684
7FB72
7FCB4
7FF2C
00414
005EC
7FC10
7FCD6
7FF90
0093A
7F896
7F008
7F26E
7F8FA
7FF52
005A8
7FC2C
00566
7FE7C
7F85E
004A0
00964
00264
7F734
00B0C
00328
7F11A
7FE00
009BA
7F926
7F9B6
002CE
0055E
7FCB6
7F5F2
00254
7FF46
00444
000CC
7F3BA
7FC60
005B8
7F3E6
7FE0A
00684
7FE32
7FA3C
7FD2E
7F946
0014E
00404
0051C
7FF9C
7FE08
7FD4E
7FE90
7FA64
00138
7F4B6
00200
7F42A
01014
7FEF0
002D0
00D00
7FD1E
7FEDE
00D9E
7FF4C
001DA
7FEE4
7F6C4
7F55E
7F110
7F47C
001F6
7F86C
00098
002B2
7FD36
0037E
7FCD0
7F192
00ADA
01012
003C8
7F8AE
7F72A
7F942
7FFFE
00D2C
00600
7F29A
009DC
00016
7FEB6
7F9D6
0036C
000A4
00296
00476
7FA56
7FA0A
7FDCE
007D0
7FFC0
008D8
00002
7FAF0
00970
7FEDC
006F0
005EE
7F6D2
7F934
7F4F8
7F6EE
000F4
7F0F4
7F74A
7FC76
00C5C
0091E
7FE00
7FDC2
00016
00356
7F188
7F6E6
00076
7F00A
0056E
0141A
000E2
003D8
7FB64
00844
7FD38
0052A
7FC08
7FF5E
7FD82
7FEE2
01096
7F5A6
7FF84
7F800
0030E
7F5F8
7F2EA
00038
00782
7F6F4
7FC58
7F72E
7FA00
7FEDC
00828
7F8A6
7F41C
7FEC0
0078C
00CF8
7F5C2
00324
00244
7FE8E
0010C
7FF6A
00792
00C9A
00000
00486
00B1C
7FA8E
7ECF8
7F494
7FB80
7F7CA
7F6EE
00E2A
7FD94
001BE
7FF1A
7F4C2
002C2
7FF28
7F602
7FF56
7FC4A
7FAB6
0085E
00826
7F77C
7FDF0
7FE3E
0036E
00538
00CA0
7F822
7F3B6
7FE04
7FEF0
00000
00288
00964
0050E
7FE8C
00110
7F7D0
7FFE8
00510
007F2
7F1F4
7F4D0
7FFBA
7F9A0
7F552
7FE04
00800
0061C
7ED50
7FA4C
7FDD0
00866
008F6
7F776
7F6C0
7FEB6
00154
0041A
001FA
00126
7F8D0
7EE14
00FF0
00E88
7FB2C
00C54
00982
003DC
7FA90
004CA
7F466
006F6
7FE32
00D9E
7F25A
0022C
7FE52
00A1A
7F7FC
00AE6
006F0
00366
00752
003AC
0009E
004A6
00D46
005F0
000D4
7FA5A
00424
7FA8E
7FE80
7F776
7F806
00926
00AEA
7FE28
00140
00064
00184
7FB12
7FFA0
00212
0053C
0023A
7F790
7FB14
004B4
7FDB2
00400
7F86A
00116
0046A
7EC5C
00DCC
7EA42
7FFF2
001E6
7F7A8
00172
000AE
7F6BE
7F6F4
00CC0
007CC
00DF4
7FB0C
7FD1A
7FF76
00A38
7F2BE
00152
7FE8E
00436
009F6
7FE66
002B4
00120
7FBF2
7F82C
0002E
00400
008A4
7FCF6
7F818
7FEC6
00198
004F2
00298
7EE2C
00424
00E02
7FAE2
7FF9E
00170
00544
7FFB8
009EE
01046
7FF24
00956
002A2
011EA
7FE56
00520
7FBBE
00934
7F7CC
00108
00080
7FC3C
006B8
00D32
7FA00
00360
7F5D6
7FD58
7FA6E
7FBF0
7FD76
01120
7FD7E
7FEDA
00792
00AA0
00002
00204
7FE84
00060
001FC
00A8E
00956
00362
004A0
00DA8
00C02
7FDBC
003A2
7FA1A
010FA
0095E
7ED82
7FA5A
7F6C6
7FA3E
7F5FE
00292
00E78
00204
7FEC4
7FC30
009F6
014E2
00E66
00278
00E3E
7F9A4
7F6E4
7FD0E
7FE92
7F9FA
005EE
00596
7F3AE
00BE0
7FA40
00766
7EFEA
7FC5A
7F856
7F9AC
007C0
7F856
003A4
7EDC2
7F8DC
01650
00000
000EA
7FF46
7F9CE
7FF26
001CA
7FE70
7FCCC
7F384
7F384
002BC
7F590
7F8C0
7FF2E
00004
00598
7FC00
003EC
7FECC
7F7B2
00926
7FC1E
00848
7FDBC
00BFE
00292
00B16
00292
006AA
7FB14
00224
00E30
7F400
7FCA4
7FAA2
7FF78
0045E
008E0
008B0
00852
0047C
7FC90
7F9CE
00AB4
0086C
7F55C
0039E
00E24
7FFFE
7FDE8
00CF2
00002
00B52
7EE22
0063E
002F2
00BFC
7FDF4
7F2B6
0058C
0002A
00B70
0048C
7FEE6
7FE00
7F24E
7FB54
7FF9A
00798
0085C
7F81C
007EC
0076E
0062E
7F558
7FC44
00898
0046E
00D5E
00264
00000
00B7A
0061A
7F494
00918
7F4A0
7F998
00A92
7F9C2
00516
7F87C
00138
7F8C4
008D8
001A0
00232
7FE00
00662
7E14A
0017C
7FEB4
7F7B6
7F92C
7FEE8
00492
005E2
0030A
004E4
00C46
7FABE
7FED8
00460
7FC06
00352
7FA0E
00C9A
00876
7FEE8
0067C
7FC34
00240
0028C
00274
7FFEE
7FA4C
00918
010B8
00496
7F600
7FE6C
7EDD0
7FF4E
003D2
005C6
7FE56
7F592
7F4AC
7FF3A
7FC32
00E10
008A6
0118C
7F6C0
011DE
7FDFE
00480
00A68
00162
006D8
7FF10
7FDD8
00880
00D9A
7FD60
00544
009F6
00298
0023A
7FE1E
00B7C
7F600
00198
004B4
7F6AE
002F6
004C2
00720
7F462
00B4A
00480
00366
7FEBA
0006C
7FAA8
7EA36
7F956
005FA
7FB34
008B4
7FA74
7FA4E
010FC
008EC
00C3E
00258
7F87C
7F574
00764
00C26
7FD68
7F4B4
7FA74
7FC00
002CC
005F4
7FF6E
0057E
00DBE
7FA9C
7FDC4
7FFBE
0044E
004AC
7FEA8
013FC
00D32
01772
7ED94
00DE8
0042C
7FD2A
7F47C
7F954
7FBBC
7FE72
004AC
00C2E
7FB9A
7FD8A
00262
006AC
006F6
004CE
7F550
7F800
007BE
7FF64
002FC
7F556
7FBD4
00180
0019E
00824
7F59E
7F8D4
7F986
7FEA4
7F834
7FDF6
00C7E
7F61A
0009E
00B28
7FDE8
7FBDE
7FFE6
7FC60
7FB4C
003C0
00AEC
00754
00078
00664
7FEBA
7FEB0
00140
00C00
7F8D6
0023C
00204
7F942
002C2
7F8CE
7FFD8
000D4
7EE96
7FD04
7F5F0
00FDC
7FD3E
00804
7F3C0
00400
0007E
7F4A2
7F2DE
00844
7FCA4
7F7C2
7FFD4
7F508
00764
7F38C
7F7BE
008BC
7FA32
7F8BC
00178
00FFE
7FCF4
7FAC2
0016C
7FB6C
7F776
7F82A
00604
7FB2C
7FAE2
7F2EE
7F91C
7F024
00186
012BC
00572
7F7FE
0091C
00408
00216
0030A
7FE14
7FB02
00B22
016F6
7FFBE
006D8
7FA30
7F744
00218
008CA
7FB20
00600
7F8DA
0031A
01518
00574
0015C
00074
00812
7F988
00AC2
7F9B6
001F8
005F4
7FB64
00496
002AE
7FA02
00592
7F5B6
7FA3E
0045C
7FBF4
0025E
7FA3E
00E6C
00AD8
7FD74
7FD44
008C6
00C32
7F65E
7F356
005FC
7F216
7FD72
7FFD4
7F8E2
7EFFE
000AE
7FF0A
00A70
7FF66
0020E
7FCB8
01140
00D62
0023A
7F23C
009F2
7FD34
7FC14
7F7C0
00540
7FD0A
7FECE
00AC6
7FD7A
0087A
0046C
00864
7F7E4
7F550
01070
0003A
00600
7F7CC
00510
7F89C
000BC
00BCA
7ED14
00550
7F180
00D4E
7FA9A
7FB5C
00A84
00616
7FBF4
008B4
011FC
7F63A
7FED0
00058
00158
00124
7F8CE
7FCBE
7FE08
001DA
7FB10
7F28A
7F748
7F75A
7F4C0
7F158
7F202
007E4
002C2
7FA62
0094C
7FF9A
7FA40
7F4B6
00276
0057A
005C8
002DA
00782
7FCDA
7F01E
7FC96
005FC
00AAC
00A46
007BC
7EC98
7FE80
7FA52
7F9C6
7FE00
7FAAC
7F38E
00454
7FEA2
00AA8
004CA
0089E
00400
7F554
7F784
00882
7FFDA
7FC8A
00144
0009C
7FCA8
009AE
7FC60
7FB66
7FC64
00790
7EF0A
00350
00004
7FD4C
7FCE4
0056C
7FAD8
7FCB0
004F2
00240
7FF84
000BE
7FDE0
00AE2
0061A
0008E
7FB84
0042A
7FFFE
7FCB8
7F5B4
0089E
002E6
00590
7FA0C
00DAA
01336
7F2D4
01302
7EB94
7EDB0
00124
7F1C0
00516
00BDE
00AE2
00AA6
002A4
00232
00676
00658
00B36
01076
7FD14
7FDF6
009CC
7FFFE
7FC64
7FD2E
002F0
7EE00
7F6BA
0027E
7FE0E
7F234
000B8
00294
000AA
009A6
7FB4C
001D0
7F97A
7F642
7FA96
7F9EE
00EA2
00600
7F9AC
7F4E8
7F252
7FCE0
00032
7FA06
003C4
7FD2C
7F3A6
7FBE0
001FC
7FD72
001DE
7FB52
00282
00200
00C24
0018E
7F898
7FA7E
7FC4A
00178
00376
7FE58
00A1A
7F982
0048E
7F416
001D6
7FD12
7F88E
01200
7F51A
004B2
00452
0066E
006B8
7FF92
0005C
002D4
7FEB0
7FB22
7FC0E
7F838
01468
00004
004AE
7F400
7FCAE
7FD08
00F14
00028
00590
7FB2E
7FCBE
003FE
7F932
00182
0082C
001A6
00046
00BC6
7FF18
00BE4
0055C
0075C
7FAD8
00860
00662
002CE
7FFC8
7F92C
7F864
7FF9A
00F5C
00600
7FA76
7FE32
7FD36
007FC
007E6
7F740
7F7C0
0069E
00AFC
7FDD8
7FD00
003FC
7FF06
000A8
003F4
7FF80
7FFE2
7FEA0
7FDA8
7E81A
005DC
7FEB0
0003C
7F8C6
00258
009CA
7FB4A
7FECA
00432
003D4
7FDC4
000C8
0073C
7F1C0
015CE
00000
7FBBC
7ED50
00AEA
00DE8
0083E
7FEAE
00004
7FD66
00AA8
00378
7F9B6
7FE80
7FBCC
7E78E
7FFAC
005F4
00B28
0034E
005C2
00190
7F5EA
00954
7F278
7FC40
00C6A
7F60C
00022
00462
7FD88
00186
00700
003FE
000B6
004E6
002DA
0041E
00972
7FC9A
00608
7FA96
00868
7FB38
7FE0C
7FCF8
7F6E8
7F932
7F9B8
7FE00
0050C
7FA88
7FC94
7F466
7F1F2
001F4
7FD90
7F3BE
7F5D2
7FB42
0034E
0080C
7F464
7F72C
7FE52
00800
7F492
0088C
00CD8
7FDD6
00908
002CA
7FE00
7F082
004B4
0011E
0007A
00276
00CCA
7F940
7FB7E
7F610
00E6A
7F1E0
0038E
7FF8C
007DE
7FF2E
7FE8E
00234
7FC90
01094
00892
7FB04
7FA5A
7FFD0
7EF3A
00000
002D8
7FEFC
00402
7FF42
00570
7F73E
7FB0E
7F380
00768
7FAA4
7F4B8
00612
7F9A8
7F792
7F96E
001F8
00870
7FB42
7FD70
0034E
0006A
0020E
7FB36
7F9C2
7F912
7FEC6
7F6FA
7FC8A
7F884
7F422
00266
7F600
7F5C2
0087E
001FA
7F37A
7F9FE
7FC40
7F6D6
7F92C
7F3CA
7F9F4
7FE7C
7FEAA
7FD64
7F788
0076A
00200
7F4AC
00586
00BBA
7FE5C
00EAA
0030A
7F9EC
7FC00
002AC
005A4
00FF4
7F5F4
7F826
7FD96
00104
00200
0062C
7F570
0059A
7FADE
7FDD2
00868
00676
7FED4
00014
7F29A
00902
002FC
7FCE2
00468
7FB5C
7F600
00078
7FA34
7F9EE
7FB4E
00902
005F4
7F24C
7FC00
7FD16
00026
00D3A
00068
7F966
008CE
000C0
7F400
01184
7FE88
7FECE
7FCD8
0096A
00410
7EB68
00362
004AA
00576
00276
7F19C
7FCC0
7F2B4
0052A
001F2
7FD7E
7FAEE
0065E
7F92E
7F340
7FC16
7FF5E
7FC9A
7F5F8
7FED8
7FE84
00246
7F942
7F85A
7FC2C
007FE
7FBB8
7F2BE
7FEBE
008C6
003D4
00CAC
0057A
00092
00A60
0009E
7FE70
7FE70
7F2D6
7EE52
00ED0
001FC
00AE6
013D6
7F7B4
0012C
7F888
7F9B8
0054C
7FF68
7FBD4
7FB06
004E0
7EDBC
00792
00010
7FA3A
00C00
7FC18
7FEC4
7F6E6
00CEC
001EC
7FCD0
002A0
7FCD2
7F702
7FA60
012D2
7F140
005A8
007B2
7F376
7FFFA
7F6AA
00106
0034C
7FFF8
7FD8C
0019A
00F16
7FC5C
00972
012A8
7FBBE
7F2E4
7FAE6
00784
0101C
00000
001C4
003A0
7F840
0089A
00BF2
7FCF6
0044C
7F738
7F54E
7FAAE
7FF60
0012C
7FEC6
7FC08
00968
00BF6
7F0D2
7FEDE
7F868
00A54
7FB16
006E0
7FE88
007A8
7FE5E
005EC
0008C
00AC0
000E0
00258
00512
7FA00
7FF54
7FDC4
00272
00588
7FFB6
7FDD8
7FA34
00168
7FF14
7FF50
010AA
00986
7F802
7F888
7F948
7FC0A
7F640
7F14C
7F582
7EF9C
7FF0E
7FFD8
7FBD0
7FE98
0034C
7F902
004AA
000A6
7FEDE
7EE1A
001DA
7FDFE
00A18
7FD54
002E6
005C2
7FD6E
7F5C2
7FB86
7FE96
7FA50
00C7A
004CA
7E804
00206
00484
00708
7FC0C
7F874
7F4FC
0098C
00518
7FBB8
7FFC8
004FA
00168
7FB6A
009FC
007BC
01DB8
7FF06
7F1D4
00094
7FA00
004C8
7F70C
0003E
7EC58
001FE
00004
7FBD6
001FE
00388
00F86
0037A
006BC
7F97A
7FCCC
7FEE8
00600
00154
7E4C6
7F7D8
003A2
7FA00
00146
006B8
00200
00210
7F668
00440
7FCF6
00426
0009C
7FAC0
00200
000FC
00026
7F1B6
00058
00A72
004F8
7FC5E
00200
7F9BC
7EF74
7FC12
00494
7FFA8
0059A
000BA
005FE
7FF2A
7F312
7F6B8
7FFAC
7FEF4
7FF62
7FFFC
00200
015B4
7FB98
00062
7F7BC
00200
7F754
00200
01000
00990
7F000
7FA42
7F6B6
00156
0086E
000F0
7FA0A
00126
7F6FC
00420
0056E
7EE8C
0056C
7F902
003F8
00BCA
00048
7F9FE
00D44
7FBD8
7FE54
005E8
008CA
00AA4
7FFD2
00168
0080E
0117A
001BC
7FAD6
7FC00
007F0
7FACC
006A6
7F6BA
00432
7FD78
012B8
7F9FE
00398
7FF82
7FF8A
0042A
00E20
7F05C
7FC86
00000
0007A
7FF52
7FA9C
00D3E
7F642
0016C
00C8A
0032A
0148C
7FF52
7FA14
7F646
7F834
002CE
7F4B4
00000
7FF88
008D6
010A8
00124
7FBC4
001E4
7F6CC
007A6
00180
7FF04
00F92
7F2B4
007F2
7FC2E
7F380
7FC02
7EF36
000FC
01324
006C8
7FE34
7FC34
7F94A
000CA
00ADE
00072
004D0
00018
7FE08
7FB78
00E38
00400
7FD80
00BA0
00472
0012C
00422
7FF56
7F954
7FC5C
00A52
7FBCE
7FB0C
7FA18
7FDDC
7FDA2
7FD9E
7FFFC
00B98
0090E
00144
006CA
00B0C
7FA84
7FA7C
7FB2A
7F5FE
7F614
7F8D0
0032A
00E08
002B0
00AC8
7FA00
00324
00E84
009E0
7F920
7F77E
7F11E
00016
0016C
7FE1A
7FABE
7F656
7F260
7F464
00A70
7F5D0
7FFF6
00004
0004A
7FBD8
009C0
7FCC8
7F6E8
001B2
0030E
7FA46
7FF58
000C4
7FCF0
7FAEC
00412
7FFD0
001FE
7FE64
004EA
7F1F8
7FCA4
7FD0A
007F8
00036
7FE96
7FEC6
000D8
003B4
7F6D0
7FAA6
7FB64
7FD58
00BDC
7F9A8
00778
00238
00820
7F374
00FD2
00CA8
7F4EA
00428
009AE
00B16
7F1F8
7FAD6
7F636
7FE58
00200
7FB62
00310
0052E
7F1D8
7FF7E
7F1A4
0063C
00096
00052
001BE
7F35C
009F0
7E692
7FFFE
7FBAC
7FC00
7FE24
00A84
7FCA4
7FB36
00A2E
00F84
006AE
0023E
7F8F4
7FC46
7FD4A
004F4
7F158
7FE26
7FC1E
001FE
00AE4
011B4
7ED72
00228
7FDC2
00094
0001C
00368
00A00
00352
0089A
7F468
7F930
7F848
7F82E
00FFE
003BE
7F9AE
005AC
7F8C8
005DE
7FBEC
7F25E
7F9C2
7FB2E
7F5B2
001D0
004B2
7FAFC
7FBEA
000A2
00000
009DC
7FAA0
00A3C
00810
7FF24
0046E
7F772
7F936
00218
7F810
7FB54
00DBA
7FBE8
00D4A
7FF46
00FE8
7F646
7F7E0
013B0
0056E
00064
7F81E
7FB2A
7FD2A
7FE7A
0091C
7F370
7F19A
7FCEE
7F21E
7F4F6
00FFC
00292
00402
002C0
7F64C
006BA
7F72C
7F9FC
7FED6
7F2F6
00324
002B2
7F190
7F062
00A2A
7F3EA
7F802
0054E
7FE24
0016E
0042A
7F066
000FA
7FC4A
002E0
7FFA8
006F0
7FE54
7F72C
004E2
001C0
7FD16
7FE00
7FA08
7FB3E
008E0
000D4
00D18
0029E
7F896
0032A
7F4DC
00254
000AA
7FBBC
002BC
00E0C
7EC5C
7FA02
7FCDE
00B72
7F9A8
7F340
000C8
01202
002AC
7FF32
7F274
0057C
000FE
00AB0
7FB1C
007A6
7F818
7EE02
0031C
7FD66
00216
004C6
005B0
00CDC
00F84
008D0
7F90A
000B8
7F884
000F2
7FC34
00B0C
7FDB6
7FA04
010E4
7FBE8
0053E
00710
00532
009C6
7FA16
004D2
00964
7F76C
00728
0088A
7F87C
7F3EA
00DBA
7F800
7FF14
004F6
004C6
00D64
010E0
7FF78
7FDFC
0016A
7FDE6
7FDB2
00452
7F540
00C62
0040A
00AA4
7FE04
7F7D6
7F8FE
7FD28
7F630
00334
0067C
7FA96
7FFC0
00656
7FB5E
7F626
00F02
00242
7FDB8
7F986
007FC
009E8
7F60E
0080C
00796
00B1A
00624
7FD40
7FE96
002A2
001B6
7FF10
0003A
00966
7F666
009FA
7FA10
003D6
7FBF8
7FC40
7FCF6
7FC50
7FF12
7FB5C
0083A
7FDC0
7F546
0003C
01374
0030A
7FCAE
0008E
00000
7FA64
7F7F8
00536
00188
7F5F8
7F548
7F760
00296
7FCB2
7F740
7F9BC
7FE58
005DC
7FD1C
7F158
7FE00
00182
0013C
00862
7F608
7FA54
7F9DE
0059E
0056A
0040E
7FC44
7FBC8
7FBF6
7F2B8
001EA
001C4
003FE
0063E
7FEF4
7F3D2
7FFA2
7F48E
00032
7FF46
0056A
01188
00A26
7F746
7F87C
0015E
00030
7F4C4
7FE00
7F3A8
7FEDC
0024C
010CA
7FC1C
00300
0093E
00296
7FE8A
01B4C
7FF7C
7F536
7FE74
7FE72
0029E
7F200
7FA86
00B8C
0003A
7F852
7FE28
7FD70
7FD64
00166
00460
7F0CC
002F2
00170
00E80
7F974
00902
7F80A
00A78
7F52A
7FF46
7FB8C
001B8
7FCCA
7F87C
00DD8
7F828
7FABE
0029E
00216
002BE
7FEFC
7F5BA
00DFE
0043E
7F0EA
7FFB0
7F3C0
7F516
003C2
7F1C8
7FE94
7FF88
00364
7FA1C
0082A
0063A
0005C
004DA
00000
001BE
011BE
00490
7F084
003C6
7F9FA
7FBFE
7FA1A
7FD8C
7FDC0
7F7D6
7FC40
00AF4
7FF2C
7FD7C
00400
00628
00A42
7F7B0
7FC8A
00438
012B8
005AE
00DAA
7F73A
00058
004A2
7FDCE
7F572
014E8
7F202
003FE
0024C
7F79C
0059C
00BB2
7FCBE
7FED0
7FD0A
7FFFA
7F7AE
005B6
00CF2
00BB4
010B4
00126
00220
00400
00EA2
7F768
7F980
7FDD4
7FACC
7F7E4
7FA60
00254
002C2
00232
00C10
7FC94
7FDBA
7F4CC
004EC
003FA
7FBF8
7FB56
7FB50
7F9EA
7F3B6
011E8
7F5C4
7FFFC
7FB2E
002F6
006D2
7F9EA
00C90
7F9D2
7FD92
7F600
7FDA4
7EC04
00016
0014C
7EC32
00528
00CD0
7F832
00970
7F7E6
008C4
7FE90
00072
7FBE8
7FA56
7FFFA
7FC6C
7FD22
0043E
7FF2E
0008E
7F94E
7FA42
0003C
7FE06
00834
00054
7F274
008EE
00848
7FE7E
7FDFE
7EF7A
7FC32
00288
00712
00174
7FFA2
000A4
7EFD8
7FD22
0003E
006CE
7FC38
00542
00162
000AA
7FC08
00292
7F42E
006A6
7F87A
000B6
00678
7FAC2
7F7C2
7F3D6
0061C
7FD72
002B8
7FD92
01552
008BE
7F600
7FEF2
007D2
7EEDA
7FFB6
00146
7ED56
7F90A
7FA58
7FB06
00234
0092A
001E2
7F456
7FF62
7F6E0
7FE00
7F3AA
002BE
004AE
0021C
7F514
0071E
7F9F0
00400
00090
7FA42
7FDCC
00448
7FDC8
00330
7ED4A
7FE00
00222
00584
00DDA
0071C
000FA
7F8B0
0059A
005A6
00712
7FA9C
00504
004F2
00C1E
7FFD8
7F976
7F602
7F47A
00336
7FBCC
7FF0E
006CC
7FF88
002E0
003FE
0041E
0059C
7FD72
7FCE4
7F3A2
000E4
00048
00200
7FE56
7FEFE
7FB66
010A0
001DC
7EFE8
0106C
000DA
00692
7F5E0
7FE98
0014E
00090
007FC
011F4
005FC
00500
7FC2E
0085C
00214
001C8
7FA0A
7FA12
0079C
7FABC
001EC
00616
00262
0032A
00C40
7F96E
005FE
005DC
0068E
007CE
7FBCC
00176
00524
0019A
7FB30
7FD8C
00924
001F2
01312
7F864
7F8CA
005A2
7F204
009DE
7FBE0
001C6
7F972
000E8
7F7FC
00228
7FC60
7F950
7F162
00098
0011E
7F280
7FBDE
00BE8
00600
7FF5A
7FA48
005CE
7F3A2
0092C
7F1D8
7F5C6
7F580
00A80
00704
00776
7FBE4
00536
7FDB0
7F850
009F4
00202
00896
0018A
004FE
003C4
7F69A
00200
7FD7E
7FAE6
7FA48
7F3D6
7FFD0
7FFFC
7FB4C
006CC
7FE00
7FE7E
01040
00636
00E0A
00BD4
7F900
00272
00676
7FAD0
00404
00420
00DAC
00648
006D2
006D0
009FE
0107E
00020
7F802
7F170
00B9E
7EFF0
0000E
00E7C
003F0
7F776
00630
7FE8A
7FB5E
7FEDA
7F492
00400
009A2
0099C
7F432
7F222
7FB0E
7FD58
00EE2
00EE6
7FD40
7FBF6
7FD26
007BA
7F726
7F4DA
00442
00BEE
7F30A
00878
7FC3C
0075A
0052E
00976
7FAC8
7F538
7FF04
7F738
013BE
7FB96
7ED78
7F1FA
00868
7FC00
7F86E
7FD96
7F390
00842
7FD30
7FC48
00A72
008F6
7F946
7FD50
000FA
0135E
7F95C
00668
00438
00BDE
00730
0092E
00154
7FE4A
00680
7FA9C
00604
7FAD2
00950
0067E
7F6E8
00904
00284
004FA
006A6
00A00
7F98C
002C0
7FD38
008F8
00B6E
7FC96
007F4
7FF2C
007D4
7FB2A
7F4D8
7FBB8
007AE
7F70A
7FCC4
00200
00906
01200
004C8
003F2
0002A
7FE3E
00734
7F984
004B6
7F6B4
00084
7F094
7F798
7F782
00E5A
7FA00
7FF22
7FFF0
00296
000AC
008B2
7F232
7FE1A
004D4
008DA
7FE6C
009C0
00DEE
7EB76
7FF22
7F6D6
001FE
7FDA2
009EA
00368
7FA64
00898
7FAFC
7FABA
00A7C
7FB46
00116
008E2
00DC4
00858
7FA52
0060A
7F600
00934
006D4
7FCEC
7FA34
7F2F4
7FF1C
0071E
7FD7E
00272
002CC
7FBE0
7F9C6
7F412
00644
010AC
00206
00010
004FA
003E2
004D4
00150
004C0
005F0
0027A
00AA0
7FA6A
00540
0068C
7F48A
008FA
7FD52
7F5FE
7F8CA
009CE
0082C
00276
0015C
7FB36
7F6B0
00E6A
7FFAC
006E2
007A4
013CE
7FBA0
7FF60
7F816
011F2
7FCE2
00594
7F478
00E5E
0017A
7F594
0087E
7F184
7FAE2
00092
0099C
7FBC4
7FE0E
7FCA0
7FD8A
00800
00AD4
0040E
00124
7FC3A
000F0
7F492
7F8CC
7FED0
0094E
7FFF2
7FBFE
00AFE
0012E
7FD5A
7F862
7FC04
0155E
7FDF6
7FE78
7F9A2
7FCB6
00654
008D6
7F8B0
7FEC8
7FB44
000BC
7FE16
002E8
00074
00208
003FE
7FE32
00AEC
004DE
0177A
001E0
7FBEE
7FE96
7F92E
00282
7FF72
003D6
7EFD4
00346
7FD92
00508
007F4
003AA
7FAEA
00372
7F2B4
7F71A
7F5C4
007AE
00F56
7F9C2
00D54
00770
7F71A
7FB74
007E0
00876
00A00
7FAA2
7F6B4
001A2
002B8
00800
00A2E
7FCC4
00CE2
00522
0104A
7F0E6
00566
010B2
002A0
003EE
7FA08
7FE88
7FF10
0002A
7FC56
00C30
00916
0013E
7FCD4
00058
7FF12
005A6
7FC1E
7FE82
00520
7FB06
009FC
7EF0E
001CA
006A0
00AF4
7FFC0
7FE7A
7FAA2
00720
7FD5C
004D0
00BD0
00028
0051A
7FD5C
7F924
7FA0E
7F4F8
7F794
00494
005C6
7FBD8
003B8
004C4
7F728
7FDEE
7FCC8
7FBEE
7FE46
7FDD6
0051C
7FF2E
00600
7FB3A
7FCF4
7F6CC
00CC8
0046A
7F6FE
00418
7F000
013F6
7FFA0
002DA
00508
7F648
7FFB8
007E0
005FE
7FCDC
7FBD6
002E8
00786
003FC
7EF0C
00272
00000
004F8
0099C
00024
0011A
00A4C
7FE70
7F866
7FE00
7FAB2
00240
7FC80
7FA0C
00594
7FE10
7FBE2
7F002
7F74E
00B52
7FAE2
00420
00E40
0010E
7FAEE
7F600
005B6
7FBFA
00B88
7F9A4
00662
002F0
0064A
7FFFE
00BEE
00466
7F512
00DB8
00816
009BC
00760
00200
7E8FE
7F6D0
7F2A6
00604
7F530
7FA92
7F4DA
7FF30
7FBEA
007A4
003C0
7FFD0
0007E
7FC58
7F510
001F8
0072C
7FBC6
7F784
7EF48
0038A
7E9FA
00714
00CC8
7F648
0089A
007EC
00AE2
7F38A
7F3CC
7F746
001FC
7FB9A
7FD1A
010B0
006E8
7F4D4
7F974
0063A
004D0
00276
7FDA4
7FB9C
7F342
00116
7F7AC
006D0
00200
7F448
00D00
00048
7FBD6
003C8
00A14
7FC76
00724
00030
00554
008C6
009FE
004E6
0003E
002E6
7FE00
00930
00D44
7F64A
7FE82
7FE48
003A4
00312
00714
00406
7FBEE
00F6A
7FE14
00062
7F378
0019C
00400
00990
7FB34
7FE9C
0080A
003F0
00466
00546
7F3CE
7ECEE
00464
008E2
7F9BA
7FA6E
7FFAA
7FFF0
7FE00
0028E
00968
009C0
7FCFA
00200
7F55E
7F908
7F8F8
7F05A
00AA2
7FF04
00302
00BE0
7FEEA
006B4
7FFF4
007DA
7F072
001E4
0045C
00A28
00058
00388
7FC3A
7FAA8
002A8
7F7DC
00D0E
01180
00032
002BC
00E00
00532
7F672
00052
0005C
00C18
002EE
7FFAC
005AC
7FD40
004A0
003CE
0049A
001EA
7F9B2
7F8CA
009F8
7F3A0
0089C
7F4D6
00128
7FB42
7FD50
005B2
00F3E
009EE
7FEDE
00340
0026A
00752
003EC
7F138
005FE
7FB6A
7F588
7FE5A
0027A
0132E
0033A
7F0F0
7FA6A
008D4
0040C
7FFFC
00DF0
7F7AA
7FE82
003A6
7FA12
7FDEE
7FDCA
01220
7FC08
00AF8
00A18
7F830
7F8AE
00282
7F640
004C8
00AA2
7F4D2
0060E
7F222
7F400
00340
7F71A
7FE70
7FE86
7ED02
7FFF6
7FEF8
7FA5A
00166
7F312
00292
7FF64
7F92E
004BC
0074A
00BFE
7F956
005C4
00A78
7FFA0
7F1FE
7EFB8
7F7CA
7FC00
7FA30
000BA
7F8B6
00314
7EED0
00782
00C3C
7FC00
7FC94
006BE
001A2
00B22
7F916
7F6E6
7FB10
005A8
005BE
01226
005E0
0049C
007FA
00BCA
7FC6C
7FC00
001AC
7FC66
00138
7FEBA
7F82A
002CC
7F9BE
7FC00
005C2
7FA0E
7FE5C
000EC
7FDD8
7FE92
7F92C
7F800
7F52A
00BB0
00386
00A86
7FE90
7F66C
00404
7FB70
7FDA2
00930
00436
00B04
7FEAA
7FC30
7F93A
7F602
7FDEE
7FF16
001D2
7F162
7FAE8
006F0
7FFC0
00112
7F312
00494
0061C
7FEF0
7FADA
7FD58
7FDF6
7FFFE
00654
7F8AE
7FDCE
7F5F4
00308
008AA
0006E
7F89C
003D2
7F7B2
00846
0030C
00742
7FF70
7F440
7F9FC
00840
0022E
7FF68
7FE34
00610
7FF8C
7FD84
7F2F4
7FE58
7F4E6
7F60C
7F2FC
007DE
00162
0077C
7F600
005EE
002B6
014B2
00DB8
7F47A
008D0
7F1C8
0063E
7F848
7F1F4
00E0A
002C2
00AD2
00648
00076
7EC18
7FD76
7F9B8
7FFBA
7FD7C
0026C
7F138
7F5DC
00906
006E6
7F696
0042E
005A0
7FF18
7FAFA
7FC14
001FE
7FD54
7F698
00462
002A8
7FD96
7F4E4
00308
7FDBE
00C2A
7FF6E
00752
00000
7F75A
7F768
0079A
003FA
7FD82
0029E
7FB28
00208
008D2
7F032
7FD02
7FAE8
001B0
0024A
7F42A
7F78E
7F5EA
0083E
7F242
7F200
00136
005AC
7F97E
7FA7C
00AE2
7F4AE
7FB42
7F5F2
0025C
7FA14
7FD9E
00662
00834
000F8
00248
009F4
7F5CE
0000E
007BC
007F0
7FCF6
005CA
01216
7FB32
7F914
7FE14
7FAE6
7FE24
0005C
00088
005DC
00DFC
00662
7F45A
7FCE0
0085A
001D0
004BC
00648
7F622
7F7AE
002A0
00068
7F6DC
7FD42
00042
0029E
00DD4
7F454
00BA2
00DBA
7F562
7FA40
7FB10
00A98
000CE
0046E
7FFBE
0046E
004A0
00CC2
003BE
00D68
00000
0087C
00DBE
7FB82
00D9A
7FE9A
0021E
002A0
7FF14
009BC
7FCB0
7F982
00318
00402
7FF5A
00070
7F202
007DE
7FD1A
7FC36
0077E
000D4
7FCEA
00154
00296
0047C
00ADA
00A4C
7FC20
00696
7FF4E
7F930
7FC00
007F0
7ED3C
7F86C
7F5E8
01074
003BC
7F9AA
7F0EE
7F32C
0000A
0109C
003BA
7FAFA
00764
00096
7FA00
7FDD2
7FC9C
7FAF6
00CFC
00EE0
7FD3A
00B04
00568
00878
003B8
00078
0050A
7FBA4
7F9F2
7FD20
01600
7F652
7F988
001DE
0047C
00164
00B0C
7FD00
7FF9E
00B46
7FDC8
7FC38
000AC
7EC4A
7FD3C
00092
001FC
7FB4E
7FFF6
7FAF2
7FDF8
00308
7FF94
7FFB0
7FB2C
7EE84
7FBB8
7FA44
00798
005EE
00780
7F168
7F9FC
00A98
006D8
7F1F6
00254
7F778
7FD88
005C6
7F468
7FD64
7FF18
002C8
002D2
7FAE2
7EEB2
001DA
7FDFC
00476
7FD52
7F61A
0032E
7FDDC
7F56E
006E0
000CA
0035C
7F9C6
00692
00CCC
7FDDA
7FEE0
7FE20
7FC00
008A4
001D2
7F972
007EE
0048A
001A8
005D0
7FA90
7FE5E
005B4
7F288
002B4
0046C
7FD96
7F3B4
7FE00
00700
7FCBE
7FDFA
7F7E8
7F354
7FE78
7FCA6
00836
00968
7EDEA
7FD3C
0002C
00D98
7E23A
00D76
7FC00
7FF08
000EC
006BA
00744
00774
00458
7FB16
7FD72
00734
00782
7F056
00136
7FE08
7F638
0005C
7FA08
7F640
7FE1E
00AA4
000BA
00136
7F474
00030
7FFC0
7FBFE
7F754
7F05C
003D2
7FF2C
0010C
00752
00000
7EFD0
0015C
7F1D6
00D0C
005DA
00612
7FBD8
7FA4C
00C24
005D4
002FC
7FC82
002C6
00846
7FE8C
7F800
7F13A
7FC7A
00680
7FD64
7FA7C
00E08
7F850
007F6
7F53A
7FEE4
008D2
001B4
7FFA8
00AE2
7F17C
007FC
7FD5A
7FFAC
7F9CE
7F6F0
00880
00380
7FC10
005A0
01050
7EE30
0084E
7FF9E
0005C
0030C
00CE2
00FD0
7FB88
0002C
00BF6
00684
00192
00612
006F0
007FE
00900
7FF82
7F8E6
7FA58
7FE10
7FC30
0007E
00600
7FF20
009AC
7F6D4
003AC
006E0
00046
7FCA8
003A6
00232
7FC8A
005E2
7FAE4
00C42
0036A
0017A
00200
7FB5E
00034
0022A
7FFFE
00616
013C0
7FD28
7FB2A
00660
0065A
7F24E
7FFE2
00A20
7F5B6
00982
00200
7F72C
000AC
007A6
01274
00470
00882
00F60
7F856
7F66E
7F038
0003E
00248
00010
7F692
7FA8A
7EE00
7FD82
7FE6A
0192C
7F9DE
7F62E
7FC6C
7FD86
000D4
00B30
7F3EC
7FDB8
002F2
0088E
00754
003BC
00000
009FE
7F842
7F8BE
7F058
00432
00476
00826
00B96
004A0
7FF2A
7FD32
7FD32
00378
7FD70
009D0
7FFFC
0012E
00F9C
7F44E
00180
7FE52
7FDDE
0099C
0126C
7FA8A
7FD4C
7F844
00EC6
7F65A
7FBE8
007A4
7FC00
7F48E
7FCB8
7F70C
00BA6
0077A
0024C
7FD9A
0005A
7FC50
000B6
00BE0
00126
00752
003B8
7F838
00402
7FDA2
008FA
7FD6C
7FA82
002F6
008F0
00D2E
00180
7FBD8
00524
7FB30
7FAD4
7FD22
00542
7FB72
00400
7EFD6
7F622
0003A
7FD12
00158
003DE
7FB40
7F892
7FA36
0033C
7FD18
7F8A0
001B0
00662
00044
7F600
7F748
0086E
7F440
00356
00224
0066E
006D0
0075E
7F366
00A5C
7FF24
7F3F6
00140
7FAE6
000C6
00FFE
7F568
0050E
7F10C
002E2
7FA56
0091E
7FB06
7FB6C
7FCC4
7F2B2
7FC18
001C6
005BE
7F700
00270
7F60A
005B2
007A6
002E6
7FC9E
00130
7F7C6
7FBCA
00498
00CB6
7F43E
7F8BE
011A6
7FF08
7FC70
00A24
7F600
7FA9C
00C46
7F1B8
00FE8
00100
000D0
7FE1E
00442
7F518
7ED9C
7FDC0
7FA3C
002A2
00404
7FC40
003FC
00452
00A14
0071E
7FF38
7FDF4
00026
00424
0016C
009DC
7FF1A
0093C
00246
7F38A
7FD58
00248
001FE
7FC30
0079C
7EB02
000F6
7F546
7FF32
00186
7FBBE
7FA64
7F236
005A6
00B66
7F6FE
7FC02
7FB7E
003F4
00058
7F892
7FC34
7F010
7F0CE
7FFCA
00FF4
7FE94
0021C
00A6C
7FCF4
7F824
7F796
002AE
00868
00000
0051A
0172A
00DE2
007BE
00A26
7FBB0
002A2
00E7A
0038E
7EF3A
7FFF8
000B0
7FAEA
7F612
00BDA
7FFFE
7FE72
7F764
006A8
005C8
0013C
7FFBE
01310
7FDFE
00622
0015A
00EBC
003F4
007D4
7F85A
00128
7FC00
7F7BC
00352
7FDD4
009E8
7FD44
7FA96
00F08
7FD84
7FFD0
7FD24
7FE06
008F8
7F8A6
7F938
7FD90
7FC00
00BB0
7EE1E
001F2
0008E
7F67E
0054A
7F5B6
7FE00
0061E
01246
7FEF0
7FA64
7EED8
7FD0C
7FAF6
7FE00
7F8E6
7FF80
7F3F0
7F8CA
001D8
7FE26
001EA
000CC
7FB30
01040
00954
7F29C
7F672
01786
0025C
005F6
7F374
00152
7FD02
7FBD8
0076C
004E6
0068A
7F736
0043E
7FE96
7FBEE
003E6
7F7D2
00130
00252
7F5FE
0080E
7FE3C
0023E
00336
0012C
7FDD2
00FAC
7FB2A
00668
00D92
00458
00BBE
7E6D6
7F172
7F69A
7F604
7FBAC
00344
7F9B0
00028
7FC20
00176
7F934
7FCE2
7F568
7F130
7FE38
005B4
7F906
00372
7FE9E
7FC00
7FEE0
004EA
7FB6C
000FE
7FE28
7F914
7EF20
003C0
7FA58
00662
7F8A8
7FCBA
7F5D6
00AC6
7FF60
001F6
7FF62
7FC82
7FCEE
7F5F6
0045C
7FA8E
7FCEC
7F7CC
7FD6C
7FE50
7F21A
0022E
0019A
002C6
7F234
00BFE
00096
00666
005E0
00896
7FEFC
7F410
00544
00C38
004F8
00A98
00776
00F26
000C0
7F504
7FD1A
7EE0C
0073E
7F822
7FD1A
0085E
00D1A
7FD20
7F378
0003A
7FD12
7F0BC
00936
009C2
7F90A
7F8B2
7F5E8
7F400
7F956
00466
00A2A
0025E
7FBB6
7FB5C
008E2
0099A
7F53C
7FCAC
7FCD2
7FF2C
7FF6E
00BFE
00B90
7FA0E
7FF3E
7FA02
01046
006FC
7F614
00176
7F556
7FDC4
7FDBA
0040C
7F2D0
006CC
00BEA
7F95C
7FA82
007FE
7FCFC
7FB10
00866
003E8
00B8A
7F99E
7FE58
7EAA4
7FDCC
7F858
7FD9C
7F73E
7FCBC
7F37A
7FF66
001F8
008F2
7F6A0
001FE
00A86
7FD98
7F988
7F0FC
0063A
00548
7F702
7F8D4
7FAE0
007EC
7F76C
001CA
7FC00
7FD16
7EDD0
00518
7F886
00CBA
00922
002D6
00DA8
0025A
000DA
00442
00162
01236
7EE76
0095E
7F400
7FC0A
7FE5C
7F9EA
7F99E
001D6
00154
004D4
0074E
000F6
00A66
7FC2C
00514
003DE
7F9CC
7FBF6
00400
0137C
00650
7FE88
00522
00636
7FB58
002A4
00258
002DC
00EB0
7F60E
0069C
7FF2E
0050C
7F8D6
003FE
0051E
0048A
00886
7F8BA
7FDD0
00328
008DC
7F0B2
7FCC6
7FF02
7F824
002EA
00372
7F9B6
7F9F6
00000
00C56
00322
00244
7F642
7FA8A
000FE
0075C
00058
7F946
7FD4A
0012E
0063E
7FAF2
7F662
0092E
7FBFA
00D1E
7F76E
00B08
7FC8C
008D8
002B8
7F64C
005FA
00630
7FD36
0072C
006E6
0058C
003F0
7F8A4
007FE
7F8D8
7F5C6
00936
7F94C
006C2
007B0
7FA52
00B9A
7F332
7FC02
7F760
7FEE2
7FC4E
00D80
0069E
003F0
7F8B8
7FA12
00A3A
003EC
0052E
7FA3C
7F904
005F0
0123E
7FF2A
00600
003DE
003CA
7F284
7FFE6
01400
007D2
00410
7F95E
00790
7FEF8
00946
7FE66
000D4
7FFD0
7F7CE
7FC74
00CB6
7FBA4
7F8D4
001B2
7FC0A
7F044
005FC
7FA1A
7EEA6
0018A
002F6
7F63E
000D0
000B2
0084E
7F9DA
7FC78
0092E
7FD16
00376
7FC00
002DA
7F70A
7FA32
00034
7F63A
7FA5A
7FFB4
7FB2C
7FE96
00B82
7F87C
00558
7F6E0
7F654
7EB1C
00BF2
004F6
006E4
7F710
7F1B4
00942
00826
00700
7FB26
000F0
7FC44
7F5DC
7F96C
00430
7F52E
00AD2
7FA00
00A62
7F7A8
7F4CC
7F7D4
7FA1C
001CA
0014E
0025A
7FEB4
7FAE0
00292
7FC22
00E32
00404
0004E
001FA
00C2A
7FE46
00642
7FB8A
002F6
0104C
000F0
003FC
7F834
005BE
7FB2C
7F9C0
00332
008C0
7FEEC
7F200
00778
006D2
7FEE8
00572
00104
00774
00844
00DA6
00586
7F89C
7F29A
7F902
00C5C
004CA
00678
009E6
0078E
7F8E2
7FD40
0071C
7F44A
7FC0C
0028C
003FE
00922
7F0F0
00D40
00116
00472
7F8C4
7F8B2
7FE00
7FF5E
00986
00004
004F0
00000
7F72C
00518
003FE
7F950
00842
00C9E
7FF36
7F73C
7FFE0
7FE16
7F600
7F88A
7F8C6
001D2
00448
00EE8
7FBA2
7FDBC
7FA58
7F736
7FF54
002D2
7F02C
0066E
0055E
7F4E4
7EE00
003FC
006C6
7F998
001E2
7F962
7F46C
00182
003FE
7FCD8
7F550
7F8A8
00AEC
00834
003A4
7FE72
7F600
7F8CC
7F6EC
7FE72
7FCE2
00304
7FD7A
00A6E
005A8
00750
00318
7FE04
7FDB0
0056C
7F26E
7FFCC
00600
7F4B6
7FA38
7F858
7FB66
7F7B6
0042E
0013E
00438
7F27A
7FA4E
7FD74
00920
7FBEE
0009E
7F280
00BEC
7F344
7FF8C
7FAF8
7F2FA
0052A
7FCB0
005BC
0070A
7EC90
7F8DE
7FF84
7F6B2
7F986
00912
001F6
009FC
7FEEA
0004A
00F72
7F89E
7F340
7EF58
00B7E
7FBC6
7F2E8
00944
7FDEC
00E12
00446
003D8
001A6
003F4
7FF98
0039C
7F47C
00110
00DC0
7F6D6
7FA94
7F8E6
005D2
7F5EA
00284
009FE
00A3C
7FB54
0081A
7F400
00306
00250
7FE10
0099C
7F80C
00AB8
7FC34
00512
7EAE0
006C0
00184
7F2FA
00590
00354
7FC14
001F2
7FB4A
008C2
7FB06
006C6
00876
0034C
7F552
00910
00BDA
7F1A8
7FBE6
00B00
00190
00160
0069A
003FE
0052E
7FD84
7F594
7FB90
7F826
00054
7EFA8
7F6F6
7F388
7FA56
0017A
7FEF2
00230
00142
00140
7F606
7FDA2
002BC
00658
00404
7FEEA
7F1A2
7FC42
7FAEA
7F97C
001FE
0076E
00308
7FA7C
7FA0C
0034A
00200
7FF24
7FEA6
7FCE4
00546
008B8
00288
7F326
7EBFE
7FB9E
00448
00B94
7FD1A
7FCAA
7FFD2
7F174
003F4
00CA2
7F82C
0082C
7F728
00518
7FDB6
7F1E0
7FC96
003E2
00878
004C4
00226
7FA24
003EA
7FAF8
7F600
004A8
00054
7F50C
7F71C
7FE1A
0012E
7FA24
7FFDA
0018C
00C78
0044C
001BC
000FE
001AE
7FDB6
7FC08
7F7D0
7FD94
005EC
7F47A
7FC32
7FEB2
7FC2A
7FF64
006F4
7F20A
008AC
7F71E
0100C
7FAA0
7FD6C
7FE00
004E6
00446
7FB42
7FF30
004FA
7F1EE
00186
7F8D2
7FF0C
7FFAE
7FD96
7FF62
008E2
7F480
7FF94
00DFE
00646
7FB7C
7FA4C
00204
7FFE8
7EFAE
7F9F2
0067A
00552
001D6
0131C
00314
00318
0029C
7FE9E
7FE00
7FCCA
00D8E
00176
01020
7FE78
00046
7F168
7F32C
7F9C0
00196
00208
0049C
7FCE0
7FB18
000E0
7FE00
004D2
7F2AE
7ED6A
7F6AC
00EA0
7E780
003AE
7F586
7F9C4
7FCE2
00428
000EA
00076
0046A
7F50E
7F600
008B8
004F6
00320
00494
00A30
00388
00430
7F41A
000B2
013D8
001E8
006A2
00266
7F962
001CC
00BF2
00596
00358
7FB2C
00D00
00188
00296
7F71E
7FDC4
7F59E
7FC6E
7FB58
7FFEE
00082
7F572
7F1D8
7F600
008E4
7FFDC
7F8EE
0075A
7FC40
7F992
013B4
007DC
0057E
0055A
001E0
002F6
7FBE6
7F710
7F79C
007F8
003DA
00A20
7F1F4
7FEEC
0060E
00942
004C2
00634
0044A
007F4
7FC60
7FE68
7F7D0
00132
7FC40
7FA00
7F700
00216
7FDFE
001C2
00842
00A58
00098
7F522
7FBBC
7F18E
7FA98
00D02
7F92C
000D2
0021C
001F6
004EA
00250
00D64
7F382
00B9A
7FC4A
003E4
7F932
006A0
7FEBC
7FC16
00D06
7FFF6
001AA
004B0
7FA00
7FC32
000A2
7FDEA
002AC
00520
7FFC6
00DB4
7FADC
7FC12
7F418
7FB8A
7FC18
00DBC
7F862
7F9A2
7F210
7F85C
00990
7FE84
00006
7FCBA
7F198
009A8
7FED2
7FAA6
7FD0A
7EF4C
001BE
7FA02
7FD24
7FA54
00200
7F44E
7FD88
008AA
000F4
7F57E
7F8B4
007AE
006DA
7FC8A
7F396
008A2
7F502
000FE
0058C
006B8
7F610
7F4C0
0032C
7FF28
007EE
7F8C0
00AFC
002E2
7FE58
0086A
7FFF6
008AC
7F45A
7FC54
7EC38
7F80C
7FE00
00C48
7FC56
00994
00C96
7FC5E
00126
005D6
00138
00F96
7FD92
004F4
7FD8E
00D6C
00926
7FB26
7FA0E
00480
002EC
7F866
7FA76
006A0
7FB3A
00E3E
009A6
7F18C
00EC4
7FFC6
00936
00414
0051E
00708
7FC00
7EE50
7FDCA
00112
7F4A2
003BA
00C80
008EC
7FB6A
0086C
7F4EE
7FEF8
007A8
7FEA0
00536
0089C
7FE00
7F3E4
0061C
00F52
7FF88
7FC90
009F0
004E6
7F9C2
0018E
7FCF4
00B18
00204
006CC
7FFC0
7F95E
7FC00
00636
7FF82
7FDC2
7F93A
7FAA0
00E42
00470
7F896
7F206
0008C
001F4
7F984
00AFA
0018E
007AE
7FA00
0046A
7FA3C
0046C
00A9C
7FF06
00F8E
7FF72
0023C
00BD8
7FFEA
00CAE
004D0
000F4
7F530
7F948
7F800
0042C
7FFC6
7F50A
7FB3E
7F6DE
000E4
004D2
00732
7FB5C
7FFDC
7FBA8
7F560
7F550
00598
7FEEC
7F400
7FE0A
7F570
0092E
0122C
7F97C
00E34
7FA3C
001FC
7FD30
00A9E
7FDAE
7F7F2
7FE66
7FF22
00AE2
7F3FE
003EC
00428
7FCE8
7F976
7FEEC
7FF76
0005E
00CC6
004BA
7F4E0
00582
015E0
7EF94
003E2
002B4
007FC
7F836
7F0FC
7F222
7F90E
7FCD2
00700
008CA
001FC
7FAF6
7F64A
7FD34
7FCC8
7FA1C
001AC
001CE
7FC00
7FA9A
7FAEE
7FB18
7FC64
003FC
7FFEA
0144C
00096
00A52
7F766
7FAF4
7FDA0
7FD5A
000BA
00442
001F8
008C4
0039A
00570
7FAE2
00536
7F624
00916
7FB70
00C2C
002A4
7FB88
00A76
007A0
7FD84
7FD5E
00000
00206
00962
004BA
00544
7F682
00012
001F0
0036C
007A0
7FE1E
001EC
7F8BE
7F4AC
7FF42
007E4
019E0
003FA
7F812
0101A
7FB82
00CF2
009DA
7FEE6
7F892
7F3C8
007C2
7F6CC
7F730
7FE24
00272
7F3A0
00C00
000B8
002C2
005D0
0058E
00424
7FBE0
007F2
00572
00B64
7FB90
7F824
00224
7FF20
0023A
7F686
7FE02
00E2C
00DC8
00E1A
00102
0053C
7FA90
00676
7FA22
0094C
005D6
7F7F0
7FF64
00522
0019A
7F6F2
003FE
7FB20
00782
7F554
0041E
7FCD8
00144
7F76A
0028C
7FBD6
7F524
7FAE4
7F432
7F93A
00096
00F06
001FC
7F346
008C0
000B0
7FD4A
7FF9E
0029A
7F10E
00DE4
018BC
0085A
7FB4E
00234
7F616
0012C
7FCBE
7FA00
004B0
001A8
0028A
7F402
00674
7F49C
002D4
00200
001C6
7F4AE
00746
01374
00206
000F2
00382
001FE
7F2B6
7FE2C
00B8C
00A70
00328
7FD36
7F134
008D2
0024A
7FF3C
00950
7FE64
0100A
7FACE
00008
7FE00
00C88
010BE
7FA60
005DA
7FB5A
7FD26
7F80C
001FE
7F9F6
7F76A
00834
00058
00BAE
00BCC
005AE
00600
7FD14
7FE0E
00684
00BB2
003E4
7FDB8
00626
0032C
7FA54
7F60A
7FED6
7EDD2
00002
7FBC6
7FDE6
7F600
7FB84
0167E
0016C
00452
7FE30
7F7D0
7F7FA
7F7F8
7FE70
7FC04
00D9E
7FA40
7FBAA
7FE2A
00BC4
7FE08
002F2
004DA
00964
003AE
7F9E2
7FB02
001A2
7F390
000FE
7FD56
00834
7FD7A
7FCE0
7F75C
00A8E
001FE
7FF70
7F676
00180
7F062
7F798
0052C
0057C
7F806
7FC94
003E4
7FFF8
0080E
00002
7FC3C
00156
011EE
00AC8
003C8
7FCAE
00798
01204
7FDAA
004A8
00474
0068C
00D0E
7F5B6
01024
7FA62
7F8A0
00FBC
00600
7FEF8
009B8
7F80A
00644
7FB2A
7FE36
7FDF4
7F892
0076E
00A6E
7FC56
01086
00650
7FCB0
7FE44
007F4
00016
0017E
7EC5A
0097A
7F058
7F59A
7FC9A
7F6F0
00138
7FC64
0023C
7F5F4
7F2CE
7FE96
0008E
7F600
7FDF0
00212
00494
001A2
00580
7FDC8
00C00
7FB6C
7F238
00AF0
7F1BC
7F510
009AE
7FF48
7FD82
7FC06
7FF66
7EF52
00804
7FE7C
7FC8E
00666
0074C
00510
7F8DC
00184
7F80C
00464
7FF9E
7FD60
7FC76
00800
00392
0040E
7FD36
003FC
000A8
7FC50
00A88
7FBF8
7FCF2
7FE1A
7F466
00702
7F7D4
003FA
7FDBA
7F408
7FBA8
00356
7FB54
7F980
7F110
0051A
00594
002CE
00F88
003B6
00026
7ECE8
7FF8E
7FDC4
000DA
003FE
7ED86
0079A
00372
0061C
00A46
0021C
00148
7FC1A
7F63A
00848
7F5E8
0031C
7FBA2
7FFC0
7F3DA
7F816
7EEEA
000F0
015C2
7F488
7FFB8
7FC48
00EF0
7FD2A
7F676
005C2
7F8BA
000E8
7FC8A
7FE88
7F856
7FE00
00310
7FDFA
004E0
00CAC
7FFD6
7F924
00E78
7F72C
00220
00254
00BE0
00320
7F75A
7F580
7FC12
009FE
7FD1E
00332
7F9AA
7FA6A
7F404
7F522
7FB66
7F3DE
0081A
0047E
7F7FE
7FFA4
00818
00336
00414
00DFE
005F8
7FDFA
7F5CA
000F8
002AE
7F48C
0081E
7FCD4
7FE84
00254
7FD4A
00A84
003DC
00C34
7F610
7F200
00470
00332
00080
007EC
0046C
7F438
0075E
01022
007F2
0047E
00EAE
002B2
0066C
7F40C
00BB6
00200
7F928
7F822
004D8
7FF5C
00096
00F8A
007E6
0009A
008EA
7FE04
013BA
0058A
7F9AA
000AE
00128
013EA
0056E
00CDE
01104
7F0DC
0057A
007BC
7F37C
7FC96
7FF96
7F8EE
0034E
7F162
7F8AE
7F8E6
00B62
7FA00
008C6
7F528
7F992
003F0
00408
7FD2A
7FC08
00362
7FF56
00412
00628
00014
00418
7F646
0073E
7FFFE
7F454
7FDDE
00776
7FBE6
00054
7FED2
002E8
7FF66
7FC66
7FCF6
00258
008FC
7FF2A
00CD2
7FB4A
00400
000B4
00790
7FDC6
00098
7F598
7FEB0
00546
00256
0057C
7F774
7FCD6
7FD62
00AAE
7EF5E
00C0C
7F7FC
7F97C
7FCC4
00C52
0116C
00418
00BEC
7FE50
7FB84
7FA3A
00554
00086
7FF86
7FD9A
00760
00872
007FE
7F0B8
7FE58
01128
7F54C
7FCD4
00026
7FDCA
00D92
7F9A8
00864
7F4C2
7F3E0
00A52
7F8DA
0052A
7F3FC
7FF5C
01092
00530
0009C
0105C
7F88A
7FB92
00C7E
005C8
7F776
00D4E
7F74C
7FCF0
7FD0E
0094A
00000
00C64
007A0
0005A
7F5D2
7FB7A
7FE24
7FAB2
00094
7FAEC
7F1F6
7FDC2
00520
7FD1A
7FED8
007FE
015DC
7E9F4
7FE32
7F74E
003EA
0092A
00342
7F770
7F5CC
0009E
00664
7F67C
003AA
7F9F8
0064A
003C2
003FC
001BA
7FE76
7F01A
7F892
7FB0C
7FEB6
7F960
00366
7F98A
00CD4
003E8
00472
0101C
7F096
00014
7FE04
7F478
0039E
00796
7F5F2
0038A
7F7F0
7F7BC
7FE3A
7F796
002C0
00864
7FAC4
7FC10
00250
000F2
01000
00358
01202
7F67C
7FFFC
7F7D2
0027E
012BC
00BE6
7F22A
7FF1A
7FBC6
7FF76
7FDAA
000E2
00D80
005FE
7FF00
00524
7F0F6
009FC
7F3B0
7FB5A
0019E
7FF6A
7FE74
006D4
00172
7FD48
00368
7F35E
7FDA2
7FC00
0034C
004C4
006C6
00802
005BE
0001A
7FF0A
7F81A
003C8
002C6
7F582
7FAE0
008FC
000D8
7F88C
7FDFE
008A6
7F414
7FAB0
7FE02
7F430
00D5C
00C5A
7FC96
00898
00748
0026A
00860
0052C
7FF96
7FE84
00000
0030E
7FC90
7FCCE
0089E
7F4FC
00992
005B0
7F29E
7FCE0
008E0
7F61E
00BFE
7FA68
004C2
003BA
7FDFC
7F78A
7EC0E
014A2
004B6
006FA
7F1B0
007BA
7FF10
7F7FE
002D0
00BB6
004A8
7F972
0044A
00DDE
003FE
006C4
00C86
006CA
00A1E
002C4
009B2
7FFF4
7F572
00BC4
001F0
7F8B0
7F382
7F0F6
00342
7F540
015F0
7FAFC
00528
00722
00864
00562
0055A
7F3AE
7F0FA
7FE34
7F7FA
00146
00BC2
7FBB0
00942
7FCBA
7FE00
7FC2E
005FE
00902
7FC8A
7FCD2
0042E
00E78
7F7FC
7F8CA
0001C
0014A
7FDF0
7EE3E
7FB34
007F4
001FE
00078
008FA
7F888
7FDA0
7FF16
7F690
006E2
7EF8C
7F7C2
007CC
7FE74
7FF00
7FA6A
7F3BE
00232
7FA00
7FC18
7FC34
00260
00914
016AA
7F898
7FEFA
7F80C
7F8DA
7FAA2
7F8A8
00466
7F5A8
003B6
7F7A2
7F5FC
7FB6A
7F4D6
008E0
7FCC8
00436
00800
7F508
0007C
00712
7FD66
7FF64
00E94
0062A
7F20C
00FF0
00600
00714
7FDEA
7FF92
01050
0016E
7F842
7FFEC
7FD7E
7FE9E
7FC62
004B2
7F54C
7F788
7FD06
00320
001F4
007A2
010E0
7FD3E
7FAE0
00AA8
0036E
00BD2
004CC
7EEBC
7FCE4
7FF12
7ECB6
7FAC2
00FEC
006A4
005FE
7F80C
7F730
7FD2A
000A4
00046
003D6
7F064
00E60
7F6D4
7FAF8
7EF68
00612
7FB20
0074A
7FEA2
001FA
0006C
7FD60
7F88E
7F470
7FA3C
7FD36
00162
7FF2C
7F94A
7F896
7FF36
7F814
00782
7FEDE
7F584
7F600
7FB10
7EBCE
00000
0051C
7FFB4
7FCF8
00698
0032A
7F9EA
7FBBC
7F0AC
7FFC0
00C12
00E32
7F916
7FA00
00496
7FC42
0088C
7FD0E
7F9F0
7F6E0
7FB92
7FA02
002F0
7FB88
00CB2
0083C
7FB8C
7F78C
7FF26
7FA00
0014E
7F7F4
00320
7FDBA
7F07A
00564
00488
008D2
00462
006F2
7FED2
7FFC2
7FAC2
00370
7F870
7E600
00906
7F95A
7FE4A
0001E
005C6
7FB70
7FE16
7FA00
00016
0086A
00522
0083E
0026C
00222
7FF36
00C00
7F716
01162
0052E
7F93E
7FF10
7F2CA
7E50C
7FBF8
001A4
7FF84
7FED4
7FBD8
7F5E6
00A74
7F920
7FBFE
7FC98
7FDAC
7FDCE
00220
00BE6
00550
007A6
7FA5E
7F53E
00962
7F78C
006E6
7EBF2
7FCCC
0056E
00C00
005A8
7F7BC
005BC
002C0
7FC4E
00480
7F746
7FC00
7FD00
00004
7FE42
7EF48
0027C
00290
001EC
003FE
7FF1E
7EDE6
7FAFC
7F9E0
0051C
7F812
7FF92
005B2
7F84E
00258
002EE
00602
00A90
00176
00090
00400
7F16A
00726
7FD2C
7FC22
7F5BE
002BA
7FF12
00330
7F0A0
7F4CC
7FC98
0005A
7EC08
7FC9A
7FE92
003F4
0037A
0046C
7FA1C
00118
00BF0
0026C
7FE3C
008CA
7FE68
7F852
7FA2E
7F924
7FFC4
7F8D2
00280
7F400
00144
00334
7F7A2
7F910
7EE72
008F6
00198
008CE
004EC
7FE92
7FE36
7F736
00776
7FFF0
7FD2C
7FBFA
00A8E
00D66
00AB0
7F9BC
0097A
7F764
001AE
0032C
006B0
7F806
7F5E6
00F42
7F7BC
004F6
7FC70
00600
7FF50
00674
01076
7F4D0
00884
7F3BE
009A0
004D8
7F984
7FE78
7FE62
7F5BA
0066C
7F448
00A52
00DE6
00F78
7FFA4
003D8
7FC2E
7FD44
7FBC6
7F8F4
7F85E
00294
0011E
0012E
7F60C
7FAA4
7F60A
7F2E6
001FC
00246
007FC
7F144
00472
000AE
00B10
001D2
7FF32
001C4
00522
7FFD0
0037C
0012A
7FEE0
009A4
7FA0C
7F8B2
00774
013B6
002A4
00404
00628
00B48
003A8
7FD26
0058A
002A8
008BA
00E50
7F5EA
7EDFE
00200
00312
7FF6A
01334
00718
001FC
7FAD2
7FE58
007E6
0002C
7FD20
7F484
00558
7FECE
7FD38
00BC6
00FFE
7FC64
005C6
7FA2C
0090A
7F91A
00012
002BE
00D10
7F1BC
7F910
00B98
00590
00FAA
006DA
7F3F6
005FE
7F930
007C6
7FF6C
007BA
7F5BA
7F780
7FEA4
7F41A
7F576
000E8
0007A
003D2
7FBCA
7FC72
7FBB8
7F000
7FE06
7FE5A
00B4A
00020
00262
0024A
7FE48
7FEEE
006A6
7FD94
0029C
00942
7FDDC
00AC6
00B32
00200
7F6CA
7FDE8
7FE36
7FE26
00292
7F79E
00D42
7F21A
00468
00038
00842
0110A
7FF74
00336
7FDF2
7FC06
7FFF8
008C6
01192
000C0
7FF4C
7FE68
7EFF8
7F69C
7FD06
00EE6
0043E
0039E
00448
00480
008A2
7FE00
7FB94
7FF7A
7F3B8
001D8
7FEDA
00D5A
0064E
005E2
7FD28
01564
7F9C8
00C7E
00358
7FF2C
00868
00BF0
7F8A6
7F8E0
001DE
7FF3A
7FFF6
0023E
002BA
7F962
7FB1A
7FC56
7F8F0
00EA8
7F372
7F372
00602
00800
01222
7F758
009F6
00964
7FC94
0035C
7FF42
01042
7FC4E
008AE
0048A
00F60
0032A
7F4C4
7FCC6
7F600
008AE
7FCFC
7FECE
00042
006E0
00662
006DA
7F8F0
00332
00276
000B2
7F720
011B6
7F910
7FE1C
007FE
7FA6E
7FBB4
004DE
7F844
00CD2
7F5F8
7F72C
007B0
00254
0000E
7FCD6
007C8
7F7B2
7F324
7FACC
7F20C
002C8
004B6
00434
7F624
7F65A
7FB94
00F5A
00716
0016A
0001E
0075C
00986
7F150
003B6
0022E
7FC00
7F8CA
7F5EC
003B0
7EE9C
7FCC0
00062
7FE62
7F632
7FB38
7FFC8
0087A
0067A
000D2
005C0
013EA
001FA
7FAC8
7FB70
00246
7F7BE
7FAC6
00156
7FEB8
001C0
00A3A
00116
00968
7FBC0
7FE12
7FBCC
00816
7F7FE
7FD38
00204
00642
7FFE6
7F954
001FC
7FE4A
7EDD2
7FB2E
000C8
7F7A0
000C6
7FF3C
7FAF8
7F0FA
7FA0E
7F56C
006E8
7FA66
001E6
00584
7F6B2
7FAC6
00A3C
0092E
003D0
7FF9A
7F508
7FB24
0090C
00C90
00400
00310
00596
7F2FC
7FD24
00976
004CE
00320
00C7A
0086A
00C74
7FD82
00582
0075E
7FCDC
00420
00400
7FEC4
7F504
7FDDE
7FB30
7F70C
7FBEE
7F5B8
009A8
7F79E
7FD22
002CA
7FEC6
002B0
00710
7FA5A
00000
00110
7F51C
0014E
7EE5E
002A4
0031C
7F5FE
7FB84
7FDF4
7F610
001B0
7F3AC
0066A
0041C
7FF2A
007FE
7F464
002A2
7F0CA
0014C
7FB1C
7FE7C
003C2
7FE58
7FF6E
7FE00
7EFC0
0000C
7FC90
005A0
7FB16
01200
7FD56
7F9B6
00522
7F788
7F730
7EFE6
7FC6E
006D6
7EDFC
002FC
000DC
7FE78
0043E
7F484
000C6
001FA
00608
003EA
008DA
00874
001C4
7FC62
7FE24
0059E
00780
004FA
7F77A
003AC
009D6
018A2
7F18C
005FC
7F684
00604
7F872
7F788
7F6F6
00018
7FF0E
0012A
00426
7F2D2
0009A
00184
7FEC4
002D6
7F926
7FE00
7FF66
001F4
7F9C6
00870
7F648
7E762
7FA70
7FA52
7FD20
7FF8C
00D6A
7FC4E
7FCF8
7FC36
7F9EA
00200
00BB8
0010E
7F668
7FE4A
0077E
7F87E
7FFAC
00168
7F906
0024E
008F6
7F84A
7FAA0
7F450
7FC88
7F408
00572
7F2EC
7FDD0
00184
00A72
0041E
009D4
7F108
7FBBA
7EF16
7F778
00268
7F65A
00018
7FE88
7FE00
7F418
00206
002D8
7F9C0
00114
0001C
7ED62
7FE90
008B4
00516
006C2
7F488
0038A
0089C
0076E
7FC10
000C4
009FA
7FA14
7F682
7FBC2
0033C
002DC
7FF10
7FC76
00994
007A2
000E4
7FCBE
002F6
0038C
7F200
001BE
7FE6C
7F788
00BF4
7FFA4
000A2
7F330
00298
7F7E0
7F290
00542
7F30E
00DA2
7FF84
0099A
7FFFA
7F9B4
0036A
015FC
009EE
7FA80
00F46
00722
7F572
7F874
003DC
005FC
7FB68
7F9C0
0022E
7FD52
7FDFE
7F9FC
0067E
7FDF8
00000
7F818
00F4E
7F720
0056A
7ECE2
0053A
00196
000F6
7FBD6
0037A
7FFDE
7FFFE
00548
7FD40
7F7A8
001F4
7FFF6
7F656
00702
7F296
7F160
7FE80
7EFB8
7F8A8
0012E
00504
00092
7F800
00390
004BC
7FA18
7F638
7F4F8
7FA6C
7FFF6
7ED46
7F026
00CAC
00884
7F8B6
00DA2
0087A
7FDFA
00200
0056C
00232
00052
7F414
7FF96
00BE0
7F79A
00910
7F91A
009FE
7F1EA
00324
7F032
7F8EE
000BA
7FC00
7FB7C
7F736
0000C
0076E
00388
7FE78
7F384
006BA
7FDE8
7F7FE
008C0
001A2
7FF82
007E6
00272
00200
7FF3A
00432
7FC42
7FE44
7F266
7FD92
7FB12
7FAEE
00522
7FEFE
7F614
00282
0082E
00458
008B0
00800
7F9E0
7FC02
7F6A0
7FC04
00A78
7FD5C
7FC12
7FD2C
7FDAA
7FF8E
7F958
009AC
7F0E8
7FADA
00344
003FA
00594
7F8F2
7FF46
0066C
7FEC4
00704
00088
7F804
7F696
7F3B0
00294
00104
000BA
00AAA
001CC
7FBFE
00246
01632
00F12
7F9DC
004C6
7FBB0
7E9D6
002D2
7F73E
00530
003A0
7FD1A
7FAD0
009E6
7FA14
7F802
7F9D2
005B6
00008
00BA2
005C0
7EEF8
00EEE
7F802
7FDB4
7F6A4
7F6B2
00022
7FB06
0017A
7F030
00600
00702
7FE08
00AF8
7F846
004AA
00B6C
0009A
7F24E
007A8
7F7BC
00536
00814
7FBBA
7F45A
00670
7FA04
002D0
7F214
00934
009CC
00FC0
7F7E0
7F750
7FFFE
7F474
00000
7F41A
7EF9C
7FC8E
7F334
7F088
7FE00
001B8
00A94
002D6
000EC
001BE
7FC4E
0016A
7FDA6
0090C
7F818
7FA36
001FA
006AC
00430
7F0B2
001F6
00AA2
7F7B2
00262
7F502
7EDEA
7FE10
7FC9E
7FFFC
00AF6
00DD6
7F99E
7FE52
7F63E
0069A
7FBB6
7FC00
00390
7FA84
00070
7F702
7F1E6
00564
0056E
7FD26
7FF82
7FD3E
7F87C
7FE12
00852
0065A
7F86C
00000
7FE80
7F6D2
00B1E
7F5FA
7FB70
7FA24
7F5AE
00472
7FD0E
01326
7F74E
009F8
007CC
005BE
7FA02
7FC00
0025C
00AE6
0002A
0069E
002C8
7FEDC
7EC04
002D0
7FCBE
7FF3C
7FA6C
001E2
7FD76
7F924
00A38
7FFFE
7FF2C
00600
008BE
7FC5E
7FA8A
00410
00B3C
7F380
7F2FE
7FDFC
7F178
7F610
7F7F2
00840
000EA
00600
7FD46
001BA
00182
7FFD2
00040
7FDD0
7FB5A
00B66
7FB84
009AC
004BA
7FFE0
001F0
7F8B8
003CC
7FC00
009CE
00380
7FF78
0053C
7FB04
00AA2
7F8EC
00510
00A16
7F908
7F070
7FC9C
7F9F8
00BAA
7FBCE
7FE00
7FF34
7EDA8
002A0
7F82C
7FC8C
7FE5E
00CF2
00896
7EADC
7F338
7F35E
01114
00482
00BB4
00872
00000
0007C
0051C
7FDFC
7F2C4
7FA12
7F5DE
7F96C
7F6EE
7F8C0
00212
7EF44
7F26C
7FDB4
00334
003EC
00200
001B2
00960
7F1EE
7F4CA
7F808
00AA2
00326
7FBE4
7F828
7FEE8
00548
00250
7F97A
00C4A
7FE76
003FC
00976
7F8A2
7F032
001D0
7F0F0
00154
7F510
00638
01084
7F7EC
7F4A0
003A0
00108
006D8
7F9BA
7F200
00346
004DA
005F4
00732
00754
00074
006C4
7E832
7F7A0
7F692
7F914
7F660
006E0
00C42
7FC7A
00000
005E6
7FC64
00240
7FA30
003E6
00B86
7F6BA
7FDD4
7F68A
7FF56
7F762
00B9E
7FF12
7F888
000FC
7FC00
0073A
7F7C4
7FF96
00438
00664
00A44
00578
7FE56
005D2
7FBD4
00356
00374
7F5B6
7FA48
7FFC8
003F4
7FE2E
7F84C
7F8D8
7FBC2
00812
01262
7F66C
7FD34
7F9B4
7FDC2
7FA8A
7FCCA
7F950
7FE24
0105C
00000
7FC14
7FBE2
7FF9E
0043A
7FCD4
00284
01D56
0099A
007CA
7FB3E
00BF6
7F1C0
002BE
003AA
7F892
007E2
00AB6
7FE68
00716
7FBC6
008DA
001C0
7FBD4
002D2
00760
000C4
7FB7C
7FE0E
7FECE
002E4
7FD90
00400
000F2
7FC76
00470
00A90
7FA86
7F8EE
7FA50
0036E
0017E
7F3F4
0076C
00344
006CE
009D2
7FCF4
00208
006A8
01138
00230
7FADA
004F2
7F402
002DC
00506
7F248
0004C
0077E
7FC86
00AC2
003A6
008CC
7F400
7FB26
7F518
00798
7F83A
00E26
7FA3E
7FC42
00096
0003A
00B4C
00AC2
7F456
7FF08
00526
7FCEA
005EC
7F9FC
013DA
00512
00268
0057A
00230
00328
7F6EC
008A6
7E9B6
7F984
00BD6
002D2
003D2
7FA1C
00800
00022
003AC
00220
00358
7FD8E
7F7DC
7FE9A
00494
7FF9C
7F8F0
7F6CA
7F3D2
7EEB4
0001A
00682
00600
005EC
00122
7FB42
00742
006B6
7FA76
014E4
00096
7F332
7F3AE
0036A
00148
003A4
000F0
000B2
00000
00BF2
00EE6
7F8E6
001D2
00234
00F38
7F892
0076A
7F9A6
00608
0065E
0095A
00708
0007E
7FA12
011FE
00736
7FF98
002BE
00392
7F7BC
7F676
009B4
00368
7FA4E
00A08
7EFC8
0018A
0086A
7F678
7FF92
00600
7EEFE
00382
0117A
7FFC4
7F46A
00B28
00048
00DA2
7FD68
0124A
007F8
7FB0E
7F918
7FA38
7FAC8
7FA02
001F8
7F926
00F68
00564
004DC
009CE
7FD9A
003FA
00748
00486
001F6
7F722
7FCAE
002DC
005BE
005FE
7FE58
004DC
7FAC2
010A4
0035A
7F548
0095A
00250
7FC52
7FEC8
00690
7FA28
7FB8C
7F156
7F130
001F6
00156
7FD6E
0096C
7FA18
7FE60
006A6
7F436
00408
7FE4A
00B46
7F0E6
003B6
0039E
000A6
00C28
00000
7F098
0100E
003BE
7FD70
00306
7FE6E
7FEFE
00E7E
7F8BC
7FA64
007F8
7FDDA
7F99A
7F9C4
00A04
007FE
00BE0
008A0
00CD6
004FA
006EA
0061E
00586
7FDFA
7FBB8
001A2
003A6
006C2
7FC12
003AE
00808
7F400
7FDAA
002C8
001F6
7FB4E
7FC16
00508
7F424
7FD86
7F94E
00A16
7F506
00618
7FE1C
7FB4C
00260
00BF2
7F3F4
7FFC4
7FA42
00A36
00208
001BE
0108C
7FE00
008E4
7FE88
7F736
7FD3A
7FF6E
7FBD2
7FD74
7FC00
7FD1C
00CF8
7F7C4
0064E
7FDE4
7FB7C
7F2D0
000D4
00C6A
7FC2C
7F404
0019A
0071E
7FC8A
7F53E
007EE
004E2
7FA44
00F34
7ED1C
7F85E
7FBA0
009AE
7FD88
003C2
7FFDC
7FA48
7FCDE
7FCD2
00596
7FD74
003FE
7F85A
0031E
7F9D0
7FFF4
7EEFC
7F3E6
7F4BC
7FB2C
7F1FC
00A28
0040A
006BE
00FE2
7F78E
7EFFA
7FFFC
7F6D6
7FFD2
7FC38
7FCC6
00A0E
7FF78
7FC2E
00E76
0017C
00F80
7FBE4
7FAB6
007EE
7FC0C
004A6
7FE00
002A4
7EA82
7F99E
006FA
7FD06
008A2
001CE
7F9C4
7FB30
0035C
0059A
014C8
7F914
7F52A
00FD0
7FFFE
7FF76
00688
7FF7C
7F7F6
7FBAA
7F70C
00A3E
7F9C2
7FDB6
7F516
7FE4C
7F3F4
7FD3A
00226
7FA5C
7FE00
7F318
0011C
00664
7F6AC
7F54E
7FDAE
7FF96
0023E
00476
7FFC0
0018A
7FC30
00026
7FD20
7F644
7FBFE
7FA16
7F832
00420
7FA64
00846
01398
013DA
0023E
7F80C
7FD76
7FBA2
7FB14
00E94
7FA96
7FB5A
00400
7FF80
7FC80
00BFE
7FFB6
0096C
7F40C
00D56
00B64
0049C
00A2E
01216
00944
7FAA4
00D3A
7F5E2
7FA0A
7F2AA
7FF68
7EE86
7EA14
7FD3C
0030A
006EE
01100
7F65C
008AA
7FBA0
7F860
0073A
0017A
7FE22
003FE
0008E
00580
7F85E
00A66
7FB46
7F6FC
00860
0088E
7F99E
7FDEC
000E0
7FB2C
7FF70
0015E
008CC
005FE
7F9FA
7FB3A
7F4F8
003D8
00158
00EA4
7FF3E
002EA
7F81C
0027C
002EE
7FB2A
001FC
0032E
00DBC
00200
7FEF6
0004C
7FFBC
7F902
007DE
003A6
7FE5C
7FF10
00C28
00C26
00BDE
7FF3C
00E0A
7F90A
7FAF6
003FC
0001A
00634
7FEAA
7F5FE
0056A
7FDA2
7F80C
00290
00A58
00F42
00016
001CA
7F870
7F2F0
7FCE6
00600
0010A
00A08
010BC
7FCA2
00444
00460
008EC
7F0FC
0098E
000D0
005C6
000BC
7FA6A
001E8
00204
7FBF8
7F1AA
7F9BA
7F250
7F480
7FF9E
7FFF2
7FEA0
0056C
7FE04
7F956
01376
7FE22
7FDDC
00C5E
0018C
01200
7F8A0
7F3E8
000A0
7FCFC
00434
00EB4
7FD56
00202
00A9A
7F792
00ED8
7F522
0070A
7FE2A
7FEDA
7FA18
00548
7FC08
7FC76
7FF90
7FE68
7E6A4
7FBEE
7FF2A
7F82C
0055E
0064A
7FD54
7F99E
7EF7A
00456
005FE
00584
005EC
7F8E0
00366
003E2
007CA
00BEE
001F6
0020A
7FE70
7FD08
00A50
0013C
0007A
7F952
005EC
00650
7FC84
005E6
7F030
0041A
0006A
7FE72
004D2
7F608
00256
00D4E
012FC
00EEC
0043E
00478
7FE00
00378
0038E
0088E
7FA0A
7EED4
7FD86
7F7DA
7FDC2
7FFD4
00506
7F598
7F6CA
7FBB0
00044
012E0
7FC00
00480
00626
0019C
7F7A8
00392
00EF0
7F75A
7FEEE
00C26
7F986
007E0
7F5AE
7FCFC
00820
0022C
7F202
007CA
003A0
0083C
000CC
7FC5C
7FE10
00CDE
0063E
7FC8E
7F902
00D4E
0040A
006F2
0133E
01006
00400
7FB8C
7FDFC
009D4
7FD84
005F0
7FA2A
7F65C
00D10
002C6
7FD1E
7F8F8
7FF7E
7F514
7FFAC
00878
00600
0065C
7F5B2
7F610
7FBF0
7FC5E
7F61E
7FF1C
001A0
7F646
7F7A6
00010
7FB38
7FA74
00336
7EE4E
7FA02
7FBF8
0080E
7FF8E
7FA3C
7FCB6
00770
7F956
00000
7FF2C
7F18C
001A4
7FA56
00680
00522
00338
005FC
7FBA0
7F43C
00A04
00888
7FD0C
7FB52
00100
7F65C
00DD6
7FD8E
008D4
7F602
7F8F4
00314
7E9CC
001F8
001FE
7FE0C
00576
7F952
009D6
7FBC8
009F8
7FFFA
7FCA4
00948
006D2
7FC80
0061A
7FFD2
00AA0
00400
004B0
7FD52
7F7B6
0009A
00AB0
7F7FC
7FC34
7FD6A
00480
7F258
7FCBA
7FB2A
00218
0126C
7FB12
009FA
7F8F8
7FA36
7FF52
7FD20
7F50E
00D48
7F1E0
0056A
002AE
7F3AC
7F5B6
003C6
011D2
7F7C0
7FCC4
00400
0035C
00602
00302
7EF7E
7FAF2
002CC
7F716
7FAA4
00210
006AA
7F64E
7F99C
0035E
007B6
0029A
00DF4
7FE70
7FA66
001AC
7F2FA
7F0E6
7FFC6
7F666
00298
00274
00B68
006D4
00778
7F1C0
7F628
7FEB8
7F800
7FA08
7FC80
7FD9A
7F45E
00EB8
00878
00422
00ADE
00AA8
00508
7F30E
00194
00480
7F93E
015BA
7FC00
0074E
7FAE2
005FC
7F5E6
00CAC
7FF0E
7F444
001A2
00594
004C8
005F8
7F0E2
7FAAA
00952
7FE96
7FBFE
7F984
7F8FE
7F854
004E8
0071E
00AEE
005D0
00526
7FE0C
003F8
0028C
002DC
00CFC
7F7DC
00EAA
7F814
7F364
00C54
006FE
008D0
7F724
000C4
0063A
7F658
7FD14
00576
7FB32
002A4
00112
001F8
7FEEE
7EA00
7FCB4
7FE08
7F0F6
7F918
7FEBC
00358
00626
7F800
7FDCE
0046C
7FDB8
00D00
006D0
00508
00168
001FE
00082
7FFC4
0007C
7F95E
000D0
7FE62
00842
0012C
7FCC6
7FB38
00056
00794
008AC
00F5E
7FA6A
7FE00
00060
7FE4C
0091A
00EE4
00FDC
00474
7F910
7F800
000A8
00868
7FFAE
7FD54
7FC84
001E6
001A2
00E00
7F55E
0098E
7EDF4
00EA2
7F94E
7F8D8
7FF72
006D4
0067E
7F248
00E70
00E10
7F696
00AAA
006F0
00400
00F1A
004B8
7F692
000C4
0091E
00918
00130
7F782
7FD80
7FDF2
7F45A
7F302
0009E
7FABA
0051C
7F800
00FFC
0019E
7FFA4
00776
7F6B8
0091A
7F89A
7F8B4
00316
7F9CA
015EE
7FEE8
00434
7E646
0010C
00000
00B74
7FA66
7FB60
00208
002FE
00066
00FC6
00870
0043C
000BE
7F4FE
007D4
006B6
00232
0012C
00BE8
7FCC2
004E2
0015A
7F5B2
008C2
00990
7F902
00F54
7FF0A
001D0
00262
7F648
7FD70
0009C
0015C
7F400
00048
0020C
7FDCE
7FF6A
0095C
00490
00760
7F9BE
0074C
007B2
0011A
00BAE
009C2
00F38
0014C
7F9FE
7FFB4
001E6
00016
010F8
7FBDE
7ECD6
010CC
00BDA
7F73E
7F5F0
7F58A
7FA8A
00A08
7FBE4
7FD9E
007FE
0007C
00C74
00E32
0053A
003B2
7F9AC
7FFC0
00236
7F374
00744
7FEA2
001E2
7FB0E
00454
000F4
7F9FA
7F9E4
00AD2
7E7FA
00A2E
7FCAC
7FE52
7FC6A
7F816
00846
7FFD2
00B44
007C0
7F6A0
00708
7F70A
7F800
0028A
000CE
0004E
7FC5E
000A2
00DA4
003DA
7FFFE
00B46
00008
7FE64
000F8
00C00
7F85A
7FF80
7F804
00A0C
00336
7F6F8
006A2
7FB48
7FF24
00FEA
00A16
7FF96
7FC30
7FB4E
00912
7FD62
7FC7A
0060A
003FC
7F84A
00160
00630
000DE
00256
00352
7FDC4
7FFEC
002BA
00616
009C6
00430
00D32
00790
004DA
003F4
7FB38
00038
00196
7FC38
7F84C
00C30
00372
7EDDA
00D5C
7F816
001D8
001B0
7F7B6
7E79C
7FC20
7F600
00AC8
7FF94
7F9B2
7F7BC
7FC44
007B6
0038C
7FFA8
000F2
7F96A
7F64C
7F418
7F8A6
008EA
00468
00DFE
00158
00062
7FE92
00492
00604
0022C
005D0
7FBA8
0074E
7F6E4
0019E
7F836
009D4
7FB5C
7FA7A
005FE
00F30
7FB32
7FBBE
7FCF6
7F0FA
001D6
003F8
7F458
7F85E
0046C
7F474
7F642
7FB36
7FF5E
7F82E
7F600
7FEC2
004D6
00F72
006BA
7FB52
7F446
00416
7F058
7FBEA
00B44
7F98C
7FD72
7FD1C
7FC58
00E1E
7F800
7F70C
0033A
00236
7FF4E
00AE8
7FB92
00878
7F586
00894
0044E
7FB5E
7FBFE
004C0
7FE96
00976
01BEA
004B4
7FC16
7F2F4
00592
011FA
7FDEE
7FA70
7F462
7FE4C
7FD84
7F600
7F00C
7FD54
0050E
7F800
7FBFE
7FC22
7F902
7EF16
7F70E
7FC0A
00802
7FC2E
00672
00CB6
001E2
00312
7F806
7FD20
7FBEA
7F9F4
7FFFC
7FEC6
7FA0C
7FB6E
7FC10
00222
7F0CE
006C4
7FFAC
7FA5E
7F9EE
7F9FA
003FC
000F4
7FE0A
0107E
7FE00
009DA
006A0
00484
00476
003EE
0047E
7F856
0056C
00546
7FA90
004FC
0092C
7FEA2
0028A
006B4
7FC00
7FDD6
7F9C4
00146
7F84E
7F996
0050A
7F0D6
0003E
7FE40
01010
7FF76
00BCC
7FB3A
000F8
0039C
7F200
00686
00D9E
005A2
7FF82
0067E
00248
7FBCA
00292
006AA
7FBB0
000BA
00AB4
00454
7FEA0
7FF9C
003FA
00200
7F44C
7F6A0
00B9A
7F142
001BC
7F5F4
7F7BA
00C28
0073C
7FF54
0081C
005D4
00032
7F4A6
00000
7F712
00A8C
7F77A
0027A
7F1FE
7FC5A
00230
007B2
7FDE6
004E0
7F570
7FE02
7F74C
009E8
00B9C
003F4
00520
7F516
008C6
7F924
003E2
7F10A
7FD36
009F6
7F960
7FF20
7FD9C
7FF8C
0027A
0070A
7F73E
7F7FE
00436
7F346
7F8B6
0113E
7FFF8
7EAEA
7F64E
7FC5C
7FE42
00500
00202
00CB0
00D9A
005FE
7F634
7FC0A
7FF14
7FF7E
7FC1A
7F34A
7FEF6
00394
00986
009FE
7FB20
7F494
00604
0059A
7F398
7FD36
7F788
00000
00848
7F6F6
00B62
00CE0
7FD0A
000A0
7FF06
7F01C
7F68C
7FE8A
7FD96
7F014
000D2
7FB86
7F6C0
7FE00
006E4
7F872
00C26
7F60A
7F8BE
7FD20
7FDFE
7F418
7F384
7F9BE
002A2
004B8
00914
00A66
00122
7F002
7FD1A
7FCB0
006E8
01092
00838
7F8D8
7FD6E
003E4
7FC56
7F896
7FE86
00370
7F5E6
005C2
7FA0E
00200
00804
7FE42
006B2
7F482
7FF98
003BC
000FA
007E4
7F554
004C6
002BA
7FFC2
7F29A
7F9F2
00C04
00400
006B0
7FB2E
00220
012F0
009D8
7FFC6
0116E
7ED48
7F7F4
7FD9C
010EE
7F754
00DEA
7FB80
7EF4E
001FE
00C7A
7F6C2
7F0BC
7FF9E
005BC
7FE22
7FA58
7F2F4
7FDA0
7FC86
7EB0E
00486
00546
003A6
002D4
7FBFE
008EE
00B52
000EE
7FD78
00066
00488
7FFB0
006B2
7F6BE
7FE0A
0029E
00032
00FBC
7FDFA
0082C
005F6
0044E
00862
7E974
7FFE0
7FC6E
00326
006B8
00118
007E2
00230
00244
003E6
7FBD8
7FD38
01550
00200
7EA6A
0008C
00532
00038
7EF96
00ECC
7FF0C
00054
00A62
005C8
00614
00116
7FEBA
7F672
7FB4C
001F6
7F7C8
0098A
00194
7FC1A
002AE
004B4
00432
0054E
7EA76
7FB6C
7ECC6
00292
0011A
7FBD6
00D12
00200
7F258
7F588
7F792
00568
7F584
0097C
7FD8C
00B9A
7FADE
00A44
00264
7FEEC
001F6
7FBA4
00BFA
7F9FE
005C6
7F524
7F208
7FE42
00F2A
004D2
00006
7EEA8
7FF68
7FFCA
003CC
7FD60
7FDDC
7F036
0016C
7FC00
00346
002D4
00AE6
7FFB0
0128A
7FD00
00702
00240
7F862
7FFCE
004DC
7F3C0
000D4
00A06
0004C
7FA04
00578
00870
7FF74
008B4
003B4
008CE
006E0
7F2FE
7FB66
7FC12
0023A
00740
7FFC6
00212
00B38
003FE
00110
00CFA
7FF46
00598
000D2
7FF4C
0035E
7F9DA
7F782
7FFDC
7EA54
00612
01456
7F48A
7FDB4
7F618
0019C
7FE42
001D8
00204
7F678
7FAFE
00802
0010E
002AE
7EDA0
7FC78
00EC4
00440
7FF7E
003F6
7FC00
7FE4A
7FC04
7F8C0
7FBA4
00332
004AC
00048
000D4
00002
7F730
000E4
7FFAC
7F6F2
7FD4E
00238
00400
7F67E
7ECEC
7FE16
7FF20
7F17E
7F958
00C32
7FA00
0032E
005BA
007EE
7F98C
7F73E
00872
7F5B6
7FFFE
004DC
7FDDE
7FD70
7FEB2
7FD8A
7F8BC
002E2
7FB2C
0017E
7FA08
0006C
00854
007CA
000F4
7FEBE
00000
00858
01932
7ED7E
00684
7F5A8
7FDEE
00164
7FA00
7F4A6
0090A
7F9AC
00E72
006D0
0049A
7F3E2
00800
00AB8
00184
7F692
01206
005F0
7F0F0
0061C
00098
7FE34
00780
00100
7FEBC
7FCA0
0026C
7FD64
005F4
003EC
00478
00432
7FB0C
7F7B2
7F650
00964
01578
7FC66
7FB24
00202
002A2
7FA54
7F832
000E4
7F7FC
7F78C
7FC66
009F0
7FA66
0010E
003EC
7F806
00366
0042A
7F908
00F26
0026A
001DC
7F5F2
004B8
7FA0E
7FCC8
00B3E
003E0
0007E
008AA
7F730
00554
7F66E
7FE1E
006AA
00524
00428
7FFBC
7FD1C
01006
7F600
7F898
001B6
7F6F2
00632
0061A
00362
0017E
00054
00706
7FED6
7FEE2
0000A
006DE
00A00
7F6B6
7FA02
7F6C6
7FAEE
7FA00
7F62C
7FB62
00030
003B0
7FC58
0036E
004BC
7F744
7FFFE
018F6
7F806
7FC8A
005FE
001A6
002FA
0048E
7F77C
7FEDC
0022E
7F72E
00B94
7FE90
00B1A
7F276
00006
00042
0123A
7FBC6
009F2
7F8D0
7F4F4
0046A
7FC3C
7F250
7FA34
7F876
007AC
001D8
7FC8E
008C0
00000
7F890
7EBBE
7F0F4
7FC00
00474
7FEC8
000CC
00038
01282
00556
7FE38
01126
00A92
00430
7FF5C
7FEF4
009A4
00070
7F33A
001F0
005B2
003F4
0015E
008E2
7FB9C
00146
7FAFA
7F89C
00C88
7FBD2
00EE6
7FF5C
010D2
7FCFA
7FCFA
7F800
006FC
7F83E
7FDD2
7FC72
7FBFC
006A8
00358
002F4
00668
7FFF2
00BB6
7F934
7FF98
7FE8A
7FCFC
001F8
00194
7F764
7F838
00A3C
7F946
00060
0095E
7FB6C
7FB00
7FDD2
7F908
7F8AC
7F7C6
00658
0018C
00600
00B7E
013BC
0015C
7FDEE
00784
000BC
7FF00
00310
7FA4E
7F63C
00110
004F4
000B8
00420
00410
7F000
7F94E
0076C
00070
00100
00B8E
7F820
7F960
00968
00AE2
7FEAA
7FB1E
7FEE2
7FB64
7F900
7F760
7EE02
7FC28
0020A
0004E
00596
7FAB8
003E4
0018C
7F4EE
7FF20
006C0
00F02
7F9DE
008E4
008C8
7FC76
003FE
00706
01168
00134
0137A
7FA36
00B3E
7F2C2
00694
003B2
005B6
7F81E
7FA4C
002FC
00214
7F4C8
7FE00
001FC
004FA
7F606
00198
013DC
7F1FC
7FCD0
7FBC2
7F1F6
001CA
7F4AC
7FC0A
00A24
7F0CC
7FC40
7FC0A
009C6
00E36
002D6
00772
7F770
00766
7F3F6
7FFC0
7FDB8
001C4
7FB04
00782
00B7A
000C0
00B28
7F600
002E2
0072C
0031A
7FDEC
00958
7FD5C
7FF56
0043A
00A04
7F438
0064A
016AC
00C1C
00340
009E6
7F802
00302
7F688
00788
008F6
7FDE6
7F3A0
7FF66
00840
00936
7F74A
7FB38
0059A
7F6F4
000D4
00A6C
00000
000EE
7F7AA
00A92
7FAEE
0001E
7FAC2
7FD08
7F17C
0024C
7FAEE
00744
0062C
00824
7FF80
7FC66
7FBFC
001F8
7F4E0
7F20A
010FC
0074E
7FF28
7F63C
004CA
7EF94
00A40
00E5A
002C0
00A1E
00AC4
0041C
7F800
00DB8
7FB9E
7FE30
7F70E
7F3E4
003EC
003A6
00272
00F7C
003FA
7F6A6
7FCA2
7F63C
7FF9E
7F4D4
7F40A
7FB1E
7F6F4
0090E
7FD16
7F736
7FC7A
7FABC
7FF2A
7F2CC
7F7B2
00654
7FA74
004F8
7FBB8
0025E
00000
7F7A4
7F506
7FCA4
7FF94
7FDC4
005FE
7FB82
004C0
007D2
0134A
7F840
00096
001D8
00322
000EE
009E8
00A42
7FD0C
7FEF2
003A2
7FD84
7F616
7FFC0
003BA
7FEE8
00668
7F8A2
006EE
7F43C
008CE
00BA4
007FC
7FD06
7F0A8
0007C
00872
000D4
7FA36
0096C
7EB60
7FDE0
005D4
7FB2C
00748
010E4
0053C
00E12
7EE30
00574
7FB8A
00326
0044A
7F9A4
00E52
00248
00C3E
7F6F8
00234
7FE32
0010C
00386
009EE
7F50C
00200
7F4B0
7F830
0037C
7FD4A
7F968
00C84
003D0
007A8
7FE84
7E7FE
7F6A2
00732
00054
0024A
7F74C
7F600
7F292
7EA8A
7F5C0
007EE
7EF86
7FDCE
01668
7FCD4
00114
00452
00594
7FE4E
7FCCC
00844
7FCF8
7FE00
7FED8
0041C
006F8
7FA3A
0050C
7FFA8
7FBFE
7FC58
7F888
7FA3C
7FE9E
7EDFA
00B6C
7F6C4
00A32
00200
7FEBA
00382
7FF0E
0008C
003F8
006FA
7FED4
7F72E
007B8
00F1C
00A90
7FC84
000D2
7EDB8
007CA
00600
7FBC0
00620
7F920
00776
7F366
7FD86
00466
008C0
7F67C
7FCD4
0052A
7FCAA
7F7A2
7FA54
7F616
00FF4
7F932
7FE54
7FF9A
00BFE
005CA
004EE
7FFFE
7FD66
00978
00D2A
00524
7FC70
7FF84
7F976
7FE2C
005FC
7FBCE
7F548
003D4
7FDAC
7EA04
7FEC4
0068C
7EF52
7FABE
7F81E
00608
7FE30
009E2
0041C
7F692
7F40A
7F92A
00640
7FD44
7FECA
7FE0E
7FEBC
003CE
7FA96
7FB70
7FDD0
7F5BC
7F8C0
7FDB4
00812
0066A
00200
00646
0073C
00526
7FA18
7FA50
00228
006E4
7FF68
7FCFC
004B2
7F3DE
00ABC
00034
7F34A
7F2AE
7FFFC
00584
7FD90
7FFC8
00D5C
00076
7FD66
003C2
00112
7F4F8
7F79C
7F9B0
7F10E
00914
7FE40
7FCD0
00A00
7F2E0
7FCE0
7FA22
00438
7FF58
0000C
00C58
7FC90
00F0C
7FD44
7FBB4
7FFC2
7FE12
004EE
00468
7F410
7EE22
00F34
006F4
7FC3C
7FFD8
7F60A
7FC16
7F2E8
006CA
7F576
0054E
7EC78
009F2
7F3E0
00444
7FA00
00598
7F748
7EB64
7EF8C
7F7AA
00214
0074C
7F93A
7F70C
00C4E
005AE
7FDD8
7F578
7FFE8
7FFFC
003FA
00066
006A0
7FBCC
7FC4C
7F4EA
7FAC2
00880
7FAF4
003B8
00CD8
0014C
7FCD2
006CE
7FD7E
7F5CE
001FE
0021A
00016
7F2C6
002DA
00524
00A1E
7FD80
01292
7FE90
7F8AA
00A94
7FA28
00540
7FA9E
7FA98
7F02C
7F9D2
009EC
7F906
00142
7F61C
0010A
7FD5E
0090C
00010
7F632
7FFFA
7FB44
7FB04
00FF2
0003E
7F000
005AE
0062E
7FC2E
7FC0A
7FD94
7F080
00616
000EC
0075E
0043A
00762
7F4B2
7F634
00444
7F8B0
009FE
00520
0027E
7FF8C
7F9A8
00140
00EA8
7FC6E
7FFC0
003E2
00268
0082A
7FDA0
019DE
00156
00534
003FE
00116
7F878
005C0
002CA
7F9BE
7F67C
0092E
00F10
00426
00AF4
7F7CC
7EED6
7FAF6
0065A
00224
7FA00
7F74E
00388
01082
7FF84
00572
7FF0C
00114
0083C
008B0
009B6
001FA
7F6E0
7FBA0
7FF5C
7F7DC
00600
7FA5A
001A2
7FE16
0030E
00508
7FA6A
7F938
00D16
00288
7F8B4
7FE7E
00878
7F1AC
00710
00098
7F80A
7FF96
003E0
7FCC2
7FD64
7FDEA
7FAB8
00900
00366
0084E
00522
0072C
7F6B4
7F48C
7FA80
001E0
7F600
00330
00FA0
00896
7F4F6
7F1F2
00342
7ED52
7FEF0
7F8FE
7F428
000E4
7F52E
001A6
7EB50
004C4
7FC04
0061C
7F60A
7FBDC
7FA9E
7F7DA
002F0
00392
00094
7FF78
002AC
00A0C
7FBA8
004D0
7F7E2
0158C
00000
7F962
00F30
0044E
0027C
008F2
00730
00300
0056C
7EE26
00B42
0032A
7FC76
7FB06
00F24
7FEB2
7FDFA
004C2
7F9D6
7F676
0019C
7FBDE
7FC00
7FB7C
7FFBA
008F2
004DC
00102
004B0
7FFE6
7E6E0
002A2
00FFE
00CE8
00BEA
7F50C
0031E
0052E
7FDF2
00F6A
00294
7F402
00F12
00138
7FDF0
7FD94
7F89E
004AE
001FA
00B28
7F79A
0002A
7F8C6
00352
7EB84
7FC2A
00840
00A16
0041A
7FF6C
000FA
7EEC8
014AE
7FB60
00800
00644
00068
7F414
0039C
7FD08
006B8
7F610
003AC
00950
0024E
7FFF4
7F70A
00858
7FD3A
7F2BA
00400
00ADC
7FFCC
00B86
00718
7FA80
7FE98
003F6
7FCDA
0036E
00C20
01336
00692
000D2
00180
00A26
7FBFE
7FFA6
7FD8A
007AC
006A0
7FC88
00818
7FC0A
7F876
000EA
00F2C
004FC
00598
7FC36
7FEEE
7FBD6
7F814
00314
7F3B0
7F556
00E4C
7EBBC
005FE
7F890
7F72E
7F506
000F6
001B2
00C9C
00416
7FF02
00220
7F800
00970
00090
00082
7FA56
0093E
7FAF8
00226
004D4
7FD0C
7F9A4
0074E
7F85E
7FAEC
7FA02
007CA
007FE
008D6
7FE22
7FB9E
7FB32
7FAC6
00CEE
7F5A2
7F32E
7FCDC
00024
00246
7FD28
7EE34
7F2F4
002A6
00000
009C0
00278
7FB46
7FC80
00984
00118
01634
7FF2C
7FB52
00272
7F968
7F326
7FE7A
00908
7F8B2
7FFFE
00196
7F92E
00434
7F5F8
7FCD8
7FCA6
00980
7F8D2
7F878
0096E
7F614
7FF52
002B0
0045C
7F0AC
7FA00
00062
00A00
7FD90
000A4
00814
0067E
00522
7F1C6
7FD1A
003B4
7F7A0
0033C
00712
7FC34
7FD5C
003FA
00230
00720
00B60
7FCC0
001C0
000BA
00BEC
7F898
007E0
009A8
7F66C
7FF5A
0058E
0086C
00868
005FE
00FCA
005F2
7F5C8
0022C
7FBEE
7F3AA
00472
7FA42
7FFD6
7F850
7F88E
7FF8E
7FF66
7FD0A
00634
7FBFA
7F9F4
7F8D2
00858
0006A
7F7CE
00520
7F968
7FB78
7FECC
00A42
00BA8
7FDD2
0065C
7FE50
00B8C
00400
7F580
7EF38
7FF88
7F5F6
7F4FE
7FA9E
7F612
7FFFE
011CA
00424
7F4E4
00EA4
001FE
7FC96
7EB86
003F0
007EA
7FE8E
00B1E
006A4
00862
7F85E
00368
7FE54
7FD6C
004FE
0039A
008EC
7FE7E
00030
7FA46
00C00
006E0
7FF1A
7FC52
7FC70
7F902
00168
00936
7FFFA
00410
7FE38
7F1F2
7FC8A
7F72A
7F272
7FE64
7F3FA
7FFB4
7FA34
004C2
7F6FE
00162
7F92E
00AB8
009AC
7FF3E
001A0
009D8
7EBD2
7F9E4
7F32A
00E46
00000
7FA8E
0078A
7FBDC
7F026
7FAC6
00154
001AE
7F9B8
0024C
7FFC8
7F544
7F980
00C6C
7EE0E
7FD58
005F6
7FBC8
7FA0A
00CC2
7F54C
002C6
00D7E
7FC9A
0023C
009DE
0000A
00516
7EE16
00026
7FBC6
00B62
7FC00
7FC70
7FE54
00488
00580
7F7C4
00A20
7F9E8
0022E
004EC
004BA
7F9AE
7FC34
004B4
001FA
7FE16
005EE
7FFC0
005B0
7F5B0
7F52A
7FEF0
7F818
0005A
7F9C4
7FC76
7F5BE
00922
7FC42
7FA6E
00308
000A2
00200
7F834
01232
7FEA8
7FDF6
7FD06
0033A
000AC
0087A
0031C
003EC
7FF78
7F98C
7FF90
00084
7FE20
00600
00444
7F180
7FE9A
7F7E0
002BE
7F170
0017E
7FA58
00E26
00DB0
00CC6
00854
00AE0
7FF20
7F4A6
7FE00
00330
7FEEA
00524
0055A
002B8
7F994
00416
7F784
0050E
0039A
7F1CA
00E72
0071E
7F8D0
00258
7FA00
00236
00210
0145E
7F4D0
7F6B6
7F676
007DC
005A8
7F7CA
00616
7FB2E
7FFAC
00534
002DC
00CBE
7F400
7F290
00BB6
002BC
0061E
7FAA2
00346
7FC7C
0043E
00312
7FDA4
00126
00E0E
7FAEA
7F63E
7FEEC
7F9F2
0083C
004FE
7FA32
7FCC8
00C68
00DAA
7FFD8
00438
0010E
006BC
7FE58
7F60C
00768
000EE
00030
7EBFE
7FAAC
7F80E
7F7DA
7F5E6
003AE
7FE92
7FBE8
7FBC4
005F6
7FC28
00E4A
7F142
00526
7FB90
00104
005FC
7FD86
004DC
7F3C8
7FF36
7FDE8
7EE12
00EAC
7FBBC
7F78A
001C8
7FE54
7F2B8
7FB16
7FF9A
0042E
7EE00
7FEB0
7FDB0
7FEB0
7F556
7F96C
7FB10
00720
7F7BE
7FCFC
00C4C
004FE
7FB98
004BC
7F6F6
7F972
7F016
7F9A8
7FEB0
00B1C
7F786
7F142
000EA
7F978
7FE94
7FC2A
00DD2
006B6
0004A
7F712
7FF88
00242
7FA00
7F710
7F27C
7FA80
0005C
00B44
00832
00580
0003E
00466
7FF40
7F796
00468
7F72A
7FD1C
00502
00FEE
00128
00036
00098
7F300
00502
7F608
00964
00168
001CE
7F788
007A0
7FFAC
00200
01200
7FFF6
00400
003D6
00590
7F870
7FAA2
7EFEC
00540
003F2
7FD64
7F696
7EFCA
7F9E0
7F1D0
7FCFE
7FF54
00E30
005F4
7F496
7FA88
0071C
7FB12
7FFBE
00942
007D0
00166
7F750
008A0
7F218
7FD5A
7F90A
7F5BC
00A00
7FBFE
7FDE8
0011E
00040
0014C
7FA14
7FD58
00F8C
7FAA4
0031E
00212
0073A
00800
00D78
0025A
7F92E
001F8
00180
7EEBE
00B9C
000EA
00E2A
7FF90
7FDF2
7FE94
006FE
7F574
7FABE
7F118
7F454
7FD5A
7FBBE
00E00
00146
7FDC0
005EA
7F918
00F96
000AA
00350
002EE
7FA42
7FCF4
0029C
7F9F8
00252
004D2
7F514
7FFFE
7EB2A
0025C
7F448
7F760
7FB26
0092C
7FDFA
7FE3E
00B48
009A2
01262
7FAD4
001D6
7F8A2
7F714
7FE00
00B3A
00610
0055A
002E6
7F5B6
003C0
00354
01112
7FF80
7F42A
0007E
00D58
006BC
7FBB0
7FFF6
7FC02
005E0
7FD20
0032C
0049E
00338
005B4
00B28
7F5C2
00D66
7F1F0
00E64
7F5DC
0016E
0038A
7FD78
7FE00
7EFE2
003FC
000F8
7FDE4
7F47A
7FEF4
00540
7FCF0
7F2FE
7FA80
7FA4A
7F068
011C6
0019E
00762
7F80C
00252
0001E
7FDBE
7FE8C
010AA
00152
7FD86
7FBC6
00A68
7FBCE
00CA6
7FDA8
0054A
001C6
7FAB8
009FC
0064C
00454
7FA4C
003BE
7FD58
7FEC8
7FEFA
00B02
003BC
7FF0A
7EE8A
7E86A
0004C
00312
7F334
7F808
003BE
7FF8E
7F958
7F7D2
7FC5A
7EDA6
7FBE4
00436
00754
012A0
7FCDC
7F1B4
004FC
7FCD2
00848
00400
7F316
7F92A
7FC8E
00486
0082C
7F850
004DA
00698
0067A
00BCE
7FCCA
0029A
0009C
00288
7F8FC
009FE
7FBAC
7FBCA
008D0
009B0
7FEC6
001A8
001AC
0137A
7FE4C
0003E
01472
7FCF2
7FF0C
7F74E
7F68A
7FC00
0046E
013C8
7F416
7FDCC
00A86
7FDCC
00FF4
00968
00B9C
00432
7F530
00564
7FE32
003A4
7FB62
7FDFA
7FB7E
004E4
7F36A
003DE
00194
7FA9C
7FAE4
7F46C
7F5A6
7F226
00166
00B06
7FA3C
00024
00EEE
00000
00D8E
7F4AA
00544
002F0
00BD4
7F968
0004A
002D4
7FBEA
0087A
00558
0069E
7F790
00414
000B4
7FC04
000D2
7FB3E
00506
7F434
7FFCA
7F7EE
7FBBE
7FA5E
7FBE8
0096A
007EC
00A98
00D64
0067A
00B82
7FBFE
00030
7FE76
006B4
00B18
7F9DA
7FEFE
7F5CC
7FD34
00730
7FF62
7F6E0
7EB66
00A7A
008C2
0083A
007E8
007E8
7FAFE
7FD02
7FDC2
7FC82
7F90C
00738
005A6
7FA3A
0057C
7FDD2
00380
7FE98
0036C
0024E
7FA00
0061E
7FE56
7F2FE
7FF24
00306
00D08
00946
000D4
00714
00510
7FF66
7F9F8
00770
7F048
7F66C
7F600
0082C
7EBB0
00270
00928
7FDFA
7FADC
7FDB8
00058
7F4C0
7FAB4
005FE
0007E
7FD38
7F21A
00A30
7FE00
7F6CE
001A6
00164
0045E
004DE
00108
0021C
7FB2C
0007E
7F6F6
7EFEC
7FF32
7EED4
7FA8C
00968
7FA00
7FAE4
7FC56
7FDDC
00B50
7FA1C
005B0
00234
00BA8
003AC
7F146
7FF62
7FE56
00C82
00472
00148
00200
7F910
007EA
0115E
7F842
00BA8
7F72C
7FDB4
7F650
7F3AA
00394
00596
003B6
00322
7F50C
0061E
00DF0
7F946
7FEE2
7F760
7EC26
7F984
003BA
7F72A
7FAD6
002DC
7FF0A
7F6C2
00AAC
001AC
000CE
00036
005FE
7F746
004A6
7F46A
00166
7F8B6
7EFF2
00274
001A6
00CD8
7FB86
7F5A0
7F4FE
00B0E
7F79C
000E4
7F20E
00A9A
7F480
00354
0023E
7F902
0052E
7FF9A
7F530
7FD1E
001DA
00246
00492
0048A
0028C
00D14
00200
7FC1E
7F8B2
000D2
00282
7FABE
7F192
7FB04
7F88E
7FF66
7F02E
00A94
7F778
0027E
015A8
7F5BA
7F7FE
00256
7FB30
00302
0019C
010A2
7FD2E
00330
7F6F6
7FC98
00468
7EBF2
00240
001C2
007B0
7FEF6
7FA00
7FB3E
00D3A
7FA66
00320
0078E
7F66E
7FA1A
7FB70
00028
7FBC6
7F846
7FD4A
7FA06
7FEAE
000A4
7FBFC
00460
00220
009C6
7F8C2
00512
7F0E2
7F5AC
00512
00A72
7FC5A
00478
008F8
004DA
7FDE4
0014C
7FA00
7F7DC
014C8
7FBA6
0028A
7FFA2
00930
004FC
0045C
00648
00962
7F5AC
7F4BE
00898
001E0
7FC92
009EA
0022C
009EE
00E28
00D6A
000E0
0040A
7FD58
7F734
00744
7FAD4
7FAA8
7FBA4
7FA5E
7FCA6
7FB00
005FE
00FA6
7FB80
00206
7FEB6
7FAA6
006EA
0049C
00F80
00A48
7FAE4
000AE
7F6EA
7FF70
0081C
7F8C4
7FE02
003AA
7F8F4
7FAE0
7F96E
7F2FA
00F1C
7F766
7FCD0
00176
7FDA8
7F826
000D4
00946
005F0
0017E
00200
7FF6E
007E8
7FF98
003D8
00A4A
00054
003CA
00696
7FCFC
7FD68
014C8
00D0E
7FE40
0012A
7FC86
7FC00
009F2
7F9EA
006EE
004E8
7F51E
7F7BE
00B46
7F4EE
7F936
7F6C4
7ED70
7F4EC
00B26
012BE
003CE
7FA00
00BB6
003D6
0026A
7F6FA
7F9EA
005EE
7FCEE
0096A
7F110
00066
7FD00
00114
00414
00974
009A4
7F000
00DDC
7FFFE
000C6
7F044
00F76
00102
004B6
00312
7FA78
005C6
7FBBA
7FCF0
00506
00398
000A0
00400
00AA0
004E6
0089C
7FC0A
7FACE
005C4
7FA42
0004A
7FE6E
00774
7FCB8
7F9EC
002BE
0022C
7FD18
001FE
00922
001EE
0083E
00C12
7EF18
7F4B2
7F6B4
0043A
006D0
7F268
0089E
7F3DA
7ED0A
7FC9A
7EFF2
7F400
00462
00570
7F7F8
7FCAC
7FC78
004FA
007D4
7F7CA
002F6
7F0A8
0082E
7FFBE
00B8C
7FFF4
7F9C0
7FE00
00624
00250
006D0
0032E
7FDCA
7F894
00656
7FBBE
7EFF6
7F6F6
7F964
7FA8E
