00000
00000
00000
00000
00000
00000
00000
00000
00000
00000
00000
00000
00000
00000
00000
00000
00000
00000
00000
00000
00000
00000
00000
00000
00000
00000
00000
00000
00000
00000
00000
00000
00000
00000
00000
00000
00000
00000
00000
00000
00000
00000
00000
00000
00000
00000
00000
00000
00000
00000
00000
00000
00000
00000
00000
00000
00000
00000
00000
00000
00000
00000
00000
00000
00000
00000
00000
00000
00000
00000
00000
00000
00000
00000
00000
00000
00000
00000
00000
00000
00000
00000
00000
00000
00000
00000
00000
00000
00000
00000
00000
00000
00000
00000
00000
00000
00000
00000
00000
00000
00000
00000
00000
00000
00000
00000
00000
00000
00000
00000
00000
00000
00000
00000
00000
00000
00000
00000
00000
00000
00000
00000
00000
00000
00000
00000
00000
00000
00000
00000
00000
00000
00000
00000
00000
00000
00000
00000
00000
00000
00000
00000
00000
00000
00000
00000
00000
00000
00000
00000
00000
00000
00000
00000
00000
00000
00000
00000
00000
00000
00000
00000
00000
00000
00000
00000
00000
00000
00000
00000
00000
00000
00000
00000
00000
00000
00000
00000
00000
00000
00000
00000
00000
00000
00000
00000
00000
00000
00000
00000
00000
00000
7F600
007E9
000D6
00BB0
0025F
7FB76
7ED90
001C9
00138
0067D
7F6B4
7F551
7F9A4
0005B
7FE9F
00E69
7FD65
0052F
00008
7F492
00CB6
7FAA4
7FDEF
006B8
00036
7FE32
7F7B6
00BEC
002FE
00588
7FFF0
7F321
7FA59
7F74D
00180
00157
005C7
7FA87
00A71
01126
7F7C8
0036B
7FF46
7FBF1
7FF9E
013F2
006C7
0031B
006EF
0015E
7FB8A
7F62B
7FED4
7FF26
00B30
0021B
00950
0079A
7FDC2
004B2
7FDD6
7FC07
00F36
00626
00A00
7F624
7FBFA
003E6
7F72D
7FED0
7FDC2
7F24E
7FED4
0009D
00DF8
00B64
00607
7F148
00713
7FA8A
005FE
0078E
008B7
0004A
00C7B
00776
00CB8
7FF84
006D5
008E4
7FB21
010B4
7FF81
7FB1F
7FEC7
00BB5
009FE
7EF6F
7FBC3
00694
00200
0015B
00426
00316
7F92D
7FC63
7F3CC
005BD
000CD
7F972
7FEBA
00DB3
00600
7FF28
0052E
00128
7F25B
7FDE1
00708
004BA
0012C
7FDD6
7FD74
7F8DE
001AA
004A6
005C2
7EBCE
7FE00
7F435
7FB7E
002FE
00013
7F8A2
7FE64
009ED
7F2D2
00877
0062E
01021
7F520
7F6C9
7FC37
00199
001D9
7FC77
7F9B2
7FF86
00848
00E46
002A5
7FF2A
7FCB8
7F64E
002EA
002B2
7FA08
0076E
7F482
0018D
00169
7FC19
7FFDA
00573
000BB
0035B
7FD67
7FFD8
7F5E0
001E5
00012
7F263
7FDEA
01412
00543
7F1B9
7FB89
7FDEA
004E2
7FB95
00A34
007A4
7F8B8
00C9F
7F05E
7FC82
7F8DA
7FB20
7FC76
7F57F
7FE8E
7EE0E
7F400
00812
7FC82
00298
0109D
7F6CC
00BEE
7FD14
7EFB2
7F89B
7FCAE
7F782
7F44D
7FD00
0005B
7F31C
7FA58
002CC
7FF3F
0026A
7F9B3
7FC64
7FC40
7FC5A
7F405
00140
7FF5F
7FD6A
7ED5D
7FE93
7F85F
7F899
7FC00
0001B
00B87
00362
0034E
00E4F
00A46
000DC
0026B
7FD59
00054
7FD53
00297
0026A
005F8
7FF09
7FA58
7F850
7FE96
7FEF8
7F691
008BD
7FF44
7EF58
00806
7F322
000C4
7FDB8
00D72
7FCC4
00B1A
0012E
00600
7FC6C
7FECE
7FE93
00350
00102
7F772
7FF07
008A2
008B2
002AD
001BF
7FC3B
7FE29
7FB31
7F4AD
00115
7FAB6
0067B
0005F
7FCE2
0010E
7FDD8
00900
7FE6D
7F4D5
0023B
7F9B5
7F785
009C9
7FB4E
002BD
7FA59
7FB72
0088E
7EB09
00ADE
00679
7F6CE
0023E
00091
0077E
7FA4B
00319
7F1F6
7FDB3
7F294
0048B
0095E
000F2
7F601
7F87A
7FF7A
7F9AA
7FDB4
000BB
7F570
7FD66
008F5
7F83E
0041E
00620
7FDCC
006C2
00600
00F25
7FB43
00555
00439
00173
7F289
00B03
0032B
7F543
7FB13
0067D
0023B
00AD6
0020C
7F65C
001FF
004E9
7F18B
004DA
003C3
00572
7FEC0
00ADE
00BA7
00190
002CB
7F7D3
007EA
007C2
017C2
00E25
7F201
7FAB4
0086E
00450
00044
7F479
7FB07
7FA16
008D4
7F324
00368
7FE22
7F14A
7FC78
7F0AD
0109E
7FE01
004CE
00AC4
7FAFB
7EFC2
0087E
7FD0F
00CA8
00058
7F72B
7FEBE
7F826
7FC92
7F861
00C25
0102B
00200
7FB72
7FC68
00283
7F40E
7F6FE
7F8FA
0014D
000BC
7FE76
7FD71
00B23
00D8F
7FFF7
7EF37
0085D
01113
00B88
0028F
7FFCD
7FB74
001A2
7FA94
7FE8E
01111
7FB9B
7F933
00607
7EFCD
001D7
7FC06
7FDD3
7FE97
7FE98
00D70
7F9F7
00FF8
7FFAD
7F9CA
00986
7FFED
7F70C
7FF39
7FB79
7F8E2
7EE6D
00ED6
00CC1
7FC9E
002D8
00BFB
00400
7FFEA
006B0
7ED1E
7FFEB
7EDEE
00CEE
7FFA1
7FEFE
7F26A
7FFBC
7F5EE
7FAF4
00800
7FF31
006AF
7EFA1
00169
7FD69
00647
7F8AD
7FDA7
7F809
7FCA7
00485
004D3
002AE
7FD5C
004AA
7F4B1
00211
7FF6B
7FCFA
7F72B
00722
002EC
7FAE0
004C7
7FE78
7F49F
7FAD1
003DC
7FD42
7FF62
7FE3B
00BFF
00262
7FA34
7F36C
7F9DA
7FCF5
00825
002B2
01472
00562
002E0
00B0C
7FD7A
7F69C
7FB79
00826
005A7
000B8
7F168
005A3
7F396
7FCBC
0009B
0068E
00426
003C9
002A4
00616
7FE22
00E87
00D51
0004F
00C00
7FC10
7F6EF
002BB
7FAD8
7F902
003BC
7FE6D
00385
005BF
00892
00B56
7FD86
00417
7FD5E
004DC
003D4
7FB18
7FDFB
000FE
0028D
7FB13
7F316
002CD
7FC4C
0046A
7FAA7
7F65C
7FCD6
7F9B3
7F551
7FCA4
009E7
00AF2
7F657
00192
0062F
7F1DF
00275
7F9CD
007C2
7F84F
006EC
003AF
00A5D
002E7
0129D
7F2E7
0062C
7FEF9
7FDAD
000FF
7F6D6
006DC
00046
006B0
00203
0092C
7F484
00893
00082
7EE8D
00B4E
000B3
00400
7FED9
0043E
7F9B8
7F98C
7EA81
0062B
000B7
7F6F0
7FB4E
00E65
7F863
7FB7D
00421
7FD98
7F2D6
7F601
0134E
000D1
7FEFB
7FDB0
7F127
005F8
7FEF4
0036A
7F3C1
0050A
7F602
0054A
7F703
00083
003BD
7F801
7F935
7EB99
7EFA7
00276
0066B
7FC39
7FFAB
00511
7FDBA
7FB98
7F712
7FADC
001B6
00310
00377
7FDFF
00420
00E5F
00613
7FE51
0118C
7F1FC
00CB2
00097
7FF0A
011EF
7FA30
7FC5F
7F43B
0047C
00BDF
00200
0024E
0036D
7F71D
007CC
00196
7F2FA
7F4D9
7F9AD
7FD11
007CA
7FBAA
00B4A
7F923
007B2
00C04
00670
7F9A2
009D5
00C54
7FEE3
7FA99
7F562
00C31
00EC8
7F5B4
7FB81
7ED52
7EA38
7FE2B
00271
7F7BE
00169
7F92E
00405
001DC
0022D
7FE29
7FF5B
7FEE5
7FB82
00775
7FB68
00211
7FAC1
7FF65
00C57
7F987
7FF3C
7FE3F
003F7
7FB87
0034E
7F778
010F2
0037E
7FD2F
7FC10
00996
0063F
7F99C
7F927
7F932
0032F
7F400
00571
0084E
7EB64
7FFD4
7F9FF
002A3
0006F
7FE9A
0061A
00703
7FC61
7FE5F
7FF55
7FB4C
7F7DE
7F8EF
000B0
7FC4F
00997
7F9D4
00469
7FEFC
00612
002BE
7FC99
7F4C6
00220
0044C
7F66B
7F687
7F649
001FF
00397
7FD9F
008D7
00D9A
7F551
00427
00547
00713
00226
00124
0044A
7FCB2
7FE02
7FD58
00417
009E5
7FBF8
000A5
000EF
7F87B
7FCDC
0075C
7FBC4
7F427
000EA
00867
005FA
011A7
00C6D
7F76C
0007B
00000
7FACB
00D55
7FF2C
7F43E
01141
00940
7FC98
7FF1E
7F70A
7FBAA
7F69B
7FD41
7FD0A
00121
7FFAC
7FF0B
7FE64
7F954
7FF31
7F02E
00561
006E9
00175
004A2
00129
7F45B
0046F
7F977
008C6
006E1
009F8
7F8EE
7F39A
7F70F
00915
00FBD
0023B
00685
01874
00549
7FA71
7FF35
006C8
7FFBF
7FD47
7F9E8
7FBD5
00518
009BB
0017F
7F41D
00554
00044
007DB
0043B
7F86C
001E3
0014D
7EED3
00F8F
7FB82
7FB06
7FFFD
00400
00E05
7FB11
001B4
00F64
0006B
7FD29
7FFB4
00001
00180
00233
00D2C
00BB6
7FAF9
0038C
7EC86
00000
7F994
005DF
7FBC7
01496
00844
0028F
7F2B8
006D4
003A0
7F229
7FDEC
0030A
7F61E
7FDD5
004DF
7F001
0098E
001E9
0048C
00B6D
7F76E
7FC52
7FCAA
00000
0037F
001B8
7FA88
7FF1B
7F8F2
7FDC0
0059B
003FF
000E1
002D1
00458
00095
00E68
7FE4E
7F636
0012A
00BF2
00440
7FAA4
00222
000D2
00685
7FD14
00400
00977
0070D
001FC
001F8
00B21
00068
009AE
7F8F4
7FE0E
7F5D4
7ED65
7F8F3
00678
00779
7F5C8
0066F
7FCE2
00FAC
0161D
7FA14
7FEB5
7FA55
00F25
00AB2
00453
001B1
0085F
7F683
001CC
7FBEF
009BA
0043E
7FCBA
7FEF7
0055B
7F40D
7FEDD
7F805
7FF22
7E547
00C49
00217
7F984
7FD2F
7F971
0045C
0067B
7F50E
00871
001BD
00669
7FB84
7FA68
00C2F
7F85D
0084A
00315
005B5
005AB
00A5D
7FE6C
00072
0070F
7F800
7FBBD
00C21
0075C
00646
7F5CB
7EC4F
007D6
7FA75
7F414
7F857
00758
003C2
7F9B9
00EB6
7FE12
7FBC2
7EFD6
0073D
7FE3B
7F8B4
7FFE6
7FD1B
01372
006A0
7FFA4
7F803
7FCF6
0027C
00300
004D3
7F3FF
00DFF
7FE7E
7F0E5
7FF80
7FDCD
7F472
7FC0C
7ECF0
0024C
7FB07
004F0
003F4
7EB5F
0033A
7F7AC
00439
7FBC3
7FFB7
006B3
00102
7EFCF
0025C
7F918
0055A
004E8
0066E
009FE
006E2
7EEBE
002AC
7FC27
7FEC4
00200
7FB3B
7F36A
00791
00C69
01019
7F9BB
007F1
00E33
7F2FF
7F490
7F79F
7F55C
01597
7F7E0
7FEAF
00423
0089B
7FAAD
005ED
00367
7FA0B
00A7A
7F754
7FD82
7F5FF
7FD7D
7F5A8
7FE4D
7FEE1
7F925
00304
7F4B0
7FC10
7FE1F
00122
7F6D8
0000F
005D7
7F859
002F1
00243
7FC1C
7E997
7FE4F
0165A
00AE9
003D3
7FBDD
7F500
7FDED
7FEA8
00678
7FFFF
7F4DC
002C6
00C3E
0085A
009C3
004CA
00A37
00496
000AD
002FC
7F200
7F0F1
0045F
7FFC2
7F9A4
00927
7F876
018FD
7F8D6
7FCEC
00E65
00072
7FE4F
7F3CA
007FD
00B8F
00201
7FEEF
00676
7F2A1
7FD23
003F5
7FFCB
006D4
004D4
00A44
7FBCD
00BD0
00078
00186
00749
00B0E
001FF
0058D
00276
00D6E
7FCB4
01094
0061C
00799
7F32D
7F971
7F2C7
7FCA9
005B0
00073
7FD19
7FA57
7FA02
003AA
0005F
7FC29
00486
7F9CF
7F8AB
000F0
7FF2C
7FAFE
0055E
7F92E
00388
7FE0C
00C95
0089B
7FC00
001CD
7FE9A
7F7E7
000EF
00351
7FB99
00397
0008D
00317
00670
7FAA1
00060
00153
00C7A
7FF0D
7FD65
7F447
7FE4D
007D5
7F027
7F123
7FAA0
009B8
7F94C
00005
00B7F
7FABC
7F975
013FD
00805
7F85A
7FD2C
001C8
004C3
00B04
00224
7F937
00171
0048D
005A1
7F30D
003CA
7FE09
00075
00340
7FA19
00FEF
00423
00440
00403
00CAC
7FDDA
00041
00314
7FFD6
7FD10
00FEA
7EF9D
7FF7C
7FB97
0032E
01881
7FFAC
00A00
0033F
010E5
7F5D2
00554
7ECC7
0074A
7F58F
0027A
7F922
7F5A3
7FFFE
00581
7FA9C
00519
007B5
7F8EF
7FD8B
7EE14
7F96D
005AF
002B1
0009F
00450
00166
7FD90
002AB
7F814
7FAEA
0042C
00269
007C8
7F401
7EF37
7FBF0
00074
7FC10
00B6A
00370
7F705
7F651
7FFAF
7FE27
7FC6F
7FE50
7FF23
7FF29
7FC2F
7FBC2
7F85A
7FF9D
006DF
7FC94
000B5
00A51
7F638
00712
00C3A
00F4E
7FD38
7E812
7FDC8
001E5
7FB95
7FE00
00999
007CD
001EA
7F5E5
7F44A
00029
7F534
00BDA
000A5
7FB6C
7FAF1
00159
7FE6E
00589
7F304
00A72
007E2
7F39D
7F462
0022C
7ECCC
7F98B
7F7D3
7F66F
7F157
00322
7F8CA
7FC2F
0129F
001FD
7FC33
7F4B0
7F7CE
003BA
0067E
0072B
7F711
0033B
7FEEC
00823
7FD10
004B3
7F868
00472
7F6D4
7F71B
7F2FF
7F4EB
00F2A
7F938
00729
7FFE1
7FD27
7FA69
7FC59
7FFCB
7F920
7FD82
009BB
00388
000B3
000A7
7F9F3
00600
00ED6
0010E
7F39D
00252
001CE
7FA6C
7F581
00312
007D6
00696
002E8
0054A
7F629
7F6D6
7F645
7F802
7F711
7FF8A
00054
7FD8A
7F2EF
007DA
7F692
009E5
00693
00A6D
7F802
7FADC
7FFD6
00A8F
00007
7FA01
7FDAB
7FE3D
00831
001AF
7FD16
00140
001EA
7F4EF
7F8DA
7FFAB
0006A
7FC5E
7FFAE
7FEB7
00509
7F001
7FFBF
005DC
00200
00675
7FADC
7FC7B
7FB3F
7F619
7FC0C
00A9C
7F68E
7FB7D
7F705
7FFE4
00B76
7FC00
008C5
7FAD1
010BC
006B5
0014E
00177
7FF38
00966
7F919
00A5A
00189
7F9A9
7FE92
00327
006AA
00806
00ADE
7FF27
7FFD2
7FCD6
7FB78
7F08F
00483
000B1
005C3
000D8
004DA
001C7
7FB03
01217
7F497
00000
001AA
7FBA4
7F422
00D57
007F7
007A1
7F47E
7F9B5
7F912
7F925
7F99E
00530
7FDF8
01021
7FDA3
7F407
00A74
0032C
0052D
00499
7FAB5
008DB
00C9D
7F2BD
0017C
0089E
0005D
000E0
7FFD9
7F5AD
00675
00000
7F498
7FEC8
007C5
7FF08
7F636
7FB4C
7F5F3
7FBBA
0069C
00010
007FA
7EE34
7FE7B
7F9B6
7FAED
00CBA
005D3
7FFBA
7F7A0
00BC8
7FB1D
00F88
7FA34
7FD13
7F657
00281
00202
7FBE6
000FC
00725
004AB
00DFF
7FA9D
7FB6D
7EB0B
7F823
7F7C2
7FEB0
7EECC
7F075
7FCE8
00409
7FAA8
7FAC4
00ECA
003FD
000B5
7FBC1
7FA7F
7FEC8
0045E
003C5
00B3C
7F979
7FE6B
7FC9F
7F170
7FED4
7F8D2
7F723
0011B
0125C
7FA96
7F600
7FD03
7F6F8
7F932
7FBC8
7FF01
00596
002C3
00111
0085E
7FB45
00A52
00A3A
7FCBB
7F551
0045B
7F87A
7FD63
7F1F0
00270
00EC0
7FE7F
00527
7FB3F
7F767
7ECE5
00BF2
00206
7F71F
7F2C3
7FC3E
7F26D
7FBC0
7F5D6
0021C
0091E
7F53A
005E7
0057F
7F66D
7F7E5
7F9F0
7FE63
00169
7F906
7F8A2
7FDD8
000F1
00138
7F585
7F6E7
009FA
7FFD1
00218
7FD40
7F962
7F8E3
00889
7FBC5
011B2
7FE9E
00162
0038C
7FBF6
00600
00073
7F7B5
00339
01122
00615
00E27
7FDE0
003A7
7F71D
7F49D
004D5
7EEBD
0023F
005A1
0066F
7F201
7FD99
7FBDD
7F853
004BA
00F57
7F7B5
7FF38
7FE00
7FB4D
00875
7F7A4
00057
7FB96
7FF26
7F49F
7FE01
009F9
7F306
7F745
00484
00434
005CC
0047F
7F858
0031B
001E3
000F1
7F84A
7FF59
00B50
00455
00200
7F384
003C2
00374
0059F
7FA37
7FEB2
7EDB1
7FE01
7F3A6
7F6B5
007A3
0089F
7EA50
0058D
7F609
00E00
00E21
7FF64
01344
7F7BA
7F4A9
7FA2A
008A5
7FFCD
00304
7FF45
0028A
7FC02
01435
00771
7F8C7
00166
00407
007D2
00728
001BE
00881
00189
00013
7FA6B
00305
002B8
7F7F8
001C9
7FF65
7FE68
00103
0016A
7F51A
7EFBE
0017C
7FFBE
0094F
0007B
7F94D
004EF
7F532
00301
00141
7EED6
0024E
0046E
7FF95
00402
7FD63
00425
7FF8E
0032B
0004E
7E62E
7F296
7F983
00453
7FDFB
006BE
001FE
00DB0
7FE1A
7F5C8
7FA00
0069D
000BB
7FD61
7F984
0033D
7F181
001F4
004E7
00149
7F9B1
007CB
00D13
7F359
001A5
7F9B3
7F8EF
7FC65
00C0D
00499
003D4
00111
000EB
7FB66
7FE9A
017E1
7F4D5
006EE
7F719
7FC4A
7FFF0
7F259
7FC01
0064B
7FC64
7FDE9
7FC60
0081A
003C2
7FF6B
006A0
7FBF3
7F9BD
00601
00746
7F663
002A2
7FA05
00712
00310
00B4A
7F788
7FBC1
0032B
00810
002A3
7F8ED
7FED2
7F9E3
7F331
7FD09
7F79A
009FD
00555
00600
7F6BE
003A8
7FFDE
7FAED
7FB81
7F7AD
7FE6C
7F6F2
002F9
7FEBF
006A2
00520
7FEB6
7EF59
0049B
0069F
7F57D
7FFDD
00B3A
0031A
7F827
7FD4E
002D9
01024
7F957
001B3
7FBE8
7FFBF
7F1A4
7F8B0
7FDE8
00F8E
7F97D
0030E
7FBE6
7EE17
002B5
7FC39
7FED5
7F77D
7F35B
7FAF2
7FEA3
00086
7F79F
7F7BC
7ECFD
7FEC9
00353
7FD1B
000C5
7FCBD
7FA25
0059D
7F869
00BF3
00F84
7FB85
000CB
00838
7F9E1
004D8
7F32C
00000
7F812
7F879
7FA1E
00287
7F273
001E6
0054C
0023F
006D2
7FC55
7F2E3
7FBF0
00441
7FA82
0054A
005FF
7E36E
7F4F2
7FD20
7FC72
00510
000B2
0025D
00369
7FEE7
7F4A4
0040A
7FEFB
00594
7F583
7F978
7FBFF
7FD0B
7FC5F
00426
7F62C
005C6
011F8
0001C
7F9C2
7FA71
00CF2
002A0
7FA69
00067
00412
7F0B1
7FE00
000FB
0088D
7FF36
012DE
7FFF5
00463
7F1F5
00097
7F462
7FFBF
0072A
002AC
00A74
002F1
7FB82
00A00
00A26
00406
006C2
0075F
0051D
009DF
00000
7FE2C
7FFE5
7FE37
00C24
7F2E8
00B5E
7FF1F
00427
7F8EF
00E9F
7F835
7FCB4
00A7C
7FA55
7FBE2
000F3
7FB6E
0093F
001C1
7EF16
0068B
7FB30
7FF40
7FC14
7F072
7EE05
00096
007C2
7F983
7F95B
7F73D
7FD57
000E3
0007D
000FA
003E5
7FC40
7F825
000CE
00661
00475
7FCE3
7FD05
00091
002EF
7F649
7EEAF
7F57F
008F3
00324
7FF35
00C0B
00038
005E5
7F05C
0043C
00000
0001E
7EF95
0029E
7F489
7F36F
00092
003D0
00383
00C98
7FE15
7F9BB
00050
00013
7F6CA
0068C
005A7
002AE
004C8
7F4C2
7FC68
7F9FC
00AA6
00BB7
00FDD
7FE93
00190
003A4
7F6BB
7FF58
7FF15
7FE28
7F401
7F07B
001C5
7F80A
000D6
7F536
7F15A
005A8
00DB2
7FE87
0042A
00278
00BB1
7F2C5
0016C
007AD
00B4E
7F6E7
0003B
002AC
007EE
7FF15
000F9
7FF0F
008BB
7FBBE
7FF1B
00E8C
7FBE0
004FE
010EF
7FE2E
7FA00
00AAD
00963
7FC62
7FD19
000ED
7F943
010D6
7FCD9
7FC61
00410
7F96F
0007D
00AF8
0007F
00923
7F6A2
00530
7F6C3
7F8BC
7F8F6
003EA
013F2
7FEFF
7F6D1
7F30D
00194
002AF
00503
7FFDD
01386
7F955
7FD2D
00155
7F7BE
7F3F5
00050
00159
7F2C1
004D4
00E69
00142
7FA2A
00357
003A6
0090E
004D9
01234
0033F
7F899
7F48C
00F3C
0061F
006A9
005AB
7F9C3
00D36
7FD78
7FA83
7FB7E
7EF61
7F935
7F24F
00682
7F400
7F73D
7FD98
7F2E8
7FD7C
7FC51
7F7A5
003EA
009E4
00286
0025C
0097E
001D6
004B2
7F9A1
0017F
7FE00
7FCE3
7FB57
7FAF5
7FE5F
00781
7FD6B
007E2
7F0EE
003EB
0008C
7FD29
00EEB
7F56E
7F9AC
7F4CB
7FC01
0053A
7F387
008FA
7FCDB
7F5B0
007D9
007F5
7F61C
007E0
7FD22
00817
7ED32
7F553
7F780
00B94
00200
007FA
0003B
7F90E
00748
00B47
00667
7F63A
7FF13
7FBAB
00345
7F609
0020D
00074
001E5
7FF78
7FC00
7FF59
7F70B
00556
7F65D
00163
7FBC7
7FDB0
7FD65
7F621
0036E
7FF3F
0028D
7F9E2
00329
7F9BF
7F118
7FD0C
7FDA7
7FA0E
00552
0015C
00054
7F285
00605
7FBCB
7FDFE
7FF35
7FE61
7F773
7F970
7FBFD
00169
7F341
7FE1C
0026D
7F97E
00303
00847
7FD5A
00EF1
7FFF4
00368
7FD3F
00F04
00F5E
7F821
7E8A8
7FA75
7F5B1
00D78
7F8AE
7FC63
00275
00179
7FD57
7FA72
00E5C
00B27
7FE76
7FEBF
7FB89
005A3
00BEA
7FE00
00AD1
001D2
00D28
7F862
7FD63
7FBDD
00008
002EE
7FBE4
7EF42
7FBF8
00774
0042C
0098F
7FF27
0016A
7FC71
7F0C7
7F8B5
7FC25
7FDFD
7FCF7
002C2
7F6C4
7FA79
009DA
0075B
7F83D
00786
0008E
00F27
7F001
0006C
00237
7F9B0
009EB
011AC
7F94B
7F14D
7FC9E
005F6
00830
7FA57
00384
00459
0016E
00294
7EDA0
7FC4C
0016D
007A4
00556
00647
003D5
00014
7FC2D
00E31
7FF05
7FF03
002C7
00A62
007C1
00A24
7F800
7F524
00A56
7F55C
00D9B
7F80B
7FFFF
7FD98
00C9B
7F980
003C0
7FB81
7F457
7FC6C
0028B
00EC1
00FFD
00B3D
7F2D8
7F5DF
7FAF2
7FEDB
009B8
7FC6C
7F780
0008A
7F67D
7FB51
7F864
7FD40
7FC38
009C5
009E7
7FFE8
0075F
00096
00360
00738
7FD65
7F194
00A46
0101F
004AE
00289
005D7
7FFC9
7FE17
003F5
7FFDF
7FA62
00421
7F916
0069F
00068
7FE7F
01A1A
00127
00867
7F79C
008C2
7FE90
7F8F2
7EF0A
0117B
00400
00E96
7F7B3
7F9A3
00011
0038D
7F42E
7FD80
00BE5
7F669
7FE91
00A18
7FC3B
7F45A
00084
00F14
009FE
00775
7F4DD
7F488
7F954
00199
00C80
7F372
00913
00BCF
0096E
0023D
00446
002FF
004D9
0050A
007FF
7F986
7FB13
7FF1B
00197
7FB9D
7F53A
00575
7F81B
7FA7D
7F746
00600
00D6D
00387
7F9CB
7FBC5
00200
00E2F
0085E
0079D
7FD05
00042
7FEC9
00108
7FAEF
00C26
7F0BE
008C4
7FA13
7FD7D
00C2A
008B1
7FC00
00428
7ED30
7FB6A
005D3
7FE09
7F82D
00034
001B5
00250
000DE
7FC99
0043B
7F7EC
7F555
0060F
7F651
00903
7F69A
7FDAF
00E60
0026B
01096
7F650
7F75A
0016E
7F563
7FDB3
7F3A0
7FEB6
7F0F2
006A9
0043D
0054C
004D1
003FE
7FAC6
00368
7FE33
006FE
00FF2
7FEA1
7FE92
00A13
7FB13
7F797
7F6DB
7FC33
004E7
7FEFE
7F245
7FC76
00B95
00110
7FD6B
7FFA2
7F937
7FD4F
000F6
00430
008DC
00186
7F69A
0010D
00600
0014E
7F687
7F823
00781
7EFEF
007E6
008BC
7FAC7
7F71B
7FCD1
7F206
009F3
004A6
00334
7FF18
00000
7FA63
01291
00A3A
7F8E2
00DC5
7FBAA
7FD26
000A3
7FA01
7FC9E
0016F
005A6
0030B
0046D
001A8
7FE01
00112
7FD49
7FD41
005B7
7F523
0033A
7F469
7FDD5
00F2F
7FBDE
0057C
7FC75
7FC21
7FC2B
7FA4B
7F786
7FCBD
7F1B8
00AF7
7FDEF
000E6
00531
00660
008EB
002D0
7FBA0
00642
7FF55
7FC83
0055E
7F9C3
7FC00
7FBF1
00059
7FC5C
7F7AF
7F203
7F2A4
7FE1B
7FB27
00377
7EFE9
008B9
0027B
006BC
7EF1E
00866
00BDA
7F4DB
7E9FC
0083E
7E815
00479
002A0
7FFFE
7FD4D
7F967
7FFD5
7F777
7FCFD
7FB39
000A6
00417
7FE96
0040B
00697
007FF
00A53
005D7
7F82D
0003D
003FA
005D5
7F86F
005A9
0092F
7F7A7
7FD13
7F870
7F3B5
7FAC9
00856
7FCCD
7F566
7FC06
002BB
00088
00655
7F904
7FC0D
7FAEF
7FC17
003C4
7FCB5
002E7
00000
7FEFC
00806
7F3E1
7FE43
01334
00930
00847
00DA7
7F353
000EF
000DF
7FD64
00500
7F18D
00672
007FF
7F5AC
00326
004C9
00038
7FC8D
7F860
0064E
7FE56
7F2D7
00033
7FC72
00115
000B4
002E8
7F674
00000
7F91D
00565
009E4
7FC17
7F548
00417
7FB37
00258
7FFF2
7F731
7F678
0029B
01220
00749
7FD30
7FFFF
00E4F
01065
00929
00570
00336
00001
003B6
009A7
00734
006B4
00081
7FEEA
7F68A
7FE96
7F868
00C00
7FD97
7FFC1
7FD48
7F783
7FD5B
7FE60
00A33
7FE99
7FFC3
00527
7FEBB
7F75B
7FDD4
007CC
00820
7FEEA
7FD5F
7F6A6
002B4
7FCB3
7F3C7
7F9F8
7FD6A
7FCB9
7FFC3
0034D
7F6D7
7FF79
7FDCD
7FFF6
7F93F
005A8
0038F
7FE3F
7EA0D
7FDE1
7FFC5
7FEF7
7FA55
001A2
7F711
7EF81
7F50F
7FDE9
00759
001C1
7FD6E
7F3D5
0056B
7FDD8
7FC33
0004C
7FC60
00011
7FB82
7FEE7
00352
7FF0B
00F63
006CB
00194
006A7
7F8CF
00800
00818
7FE34
7EDB7
00823
00A02
7FEC8
7F543
00785
7FE23
7FE7D
7FCC9
7FAFE
003D4
7FF59
00A58
01261
003EE
7FD4C
00755
013D0
00CA7
7F564
011E6
00AC4
00127
7F787
7FF98
7E749
7FD2E
00828
7FB92
009FE
008AD
7FB81
7FBBC
7FFED
7F290
01231
7F90F
007B4
7F8A8
7F65F
00AF4
7FCB9
001D8
7FEB7
002CA
7FBC3
00B1D
00FD9
7FAE7
0039E
0000C
0009F
006F0
00021
001AA
7F924
7FC0D
00900
0076E
00D2A
00186
00000
7FCC3
7FB54
014EB
0040D
00AB6
7FD95
7F85F
0095F
00285
7FEDF
00534
00447
7FCED
0092C
7FA70
7F674
7FDA6
00508
001D8
7FD10
7F9A4
7F4AA
00A31
0055A
7FA6C
7F2C0
0064D
00BC2
7F658
006B3
7FBA1
7F783
00224
006BE
001FD
0068C
7F643
7FE20
7FF16
00CC9
7F025
7F7CE
7F961
7FADF
7F9A9
7FBBE
0041B
7FAC6
000AE
7F5F3
7FE58
7F475
00624
7EFC8
7EEE9
00599
00699
0014E
7FFB8
00219
7FA47
008C5
7FA12
00A00
7F2A2
7F9A3
7F651
7F650
002E1
7FD93
0028B
00259
7FF50
7F78A
00CD3
0002A
007A2
7F7FE
00292
7FA01
00470
00051
0067D
7FB88
0068A
7F1AA
7F1D5
7FD2C
7FD45
7FF64
7FCBF
00339
7FBEC
00026
00ABC
7F602
0078C
00930
004A3
7FDB2
0071B
007B5
7F813
00DA6
7FB92
005A3
007F2
7FBD6
7F836
7F8DB
7F7DE
7F602
00C6F
00280
00099
7F878
7FEDA
7FEB9
7EE66
002D5
00CCB
7FDC8
7F310
7F8C6
004D7
7F95C
7F95B
00C00
00093
7F8B2
006AD
00853
7FD42
7E86B
003CD
00169
0095B
7FAD9
00674
00539
00B91
7FEB0
002F4
00114
7FF00
0012C
7FA6C
0071E
0046E
00AD4
00A29
7FCE0
7FC24
7F73A
7FB97
0063E
004F0
7FDAF
7F5A7
005A7
01226
7FEA8
0040D
00276
001BD
00304
7F460
7F72B
7FD05
7FC1E
7FF95
003C9
7FD65
7F656
7FE0F
0029C
7FC14
00129
7F85A
7FE05
7F1E2
00DE0
00471
7F4E7
00503
00C02
0081C
0098D
00319
01197
0044A
7FE00
00858
7FB13
005FF
7FC90
00093
004F5
007CD
001FB
0122C
0065A
0007D
00E2E
009C4
0062E
7FF06
0087B
00326
7FBDF
7FE8B
00772
7FDF4
00448
7EDB5
0064E
0002F
0002A
00905
7F90F
7F040
7F934
00420
00600
7FB52
00166
00B63
00BB8
000F5
7FB8F
00AFB
00A02
7F78C
001D5
7F99C
008EE
7F8F0
00E1D
003EC
7FA58
7FE43
009E4
7FD11
7FE2A
01218
7FA6F
00CA4
00073
7F08D
7FD5C
7EC74
7FD6C
7F809
01034
7FBE1
00200
7FFDC
00104
00E27
00219
00094
00012
7F850
00808
00323
00136
005F6
006BA
00A34
7FAC8
00C74
7FBAB
0035B
7FBE0
7F8A0
7FA8E
7FEA6
00FB0
00F9C
008AA
00A12
7FD1C
7F119
01054
7F974
00462
0047E
7F1DD
7F84F
7F65E
7F835
00A83
7F0CD
7F216
7FB7A
00B09
00BB7
00863
7EE33
00C84
7FB72
7FEA6
0048E
003B2
004FA
7F818
00FA1
000F3
7F9F6
00364
0095B
00278
7F9FC
00AB7
00711
7EC22
7FEE0
7FC43
00606
7F800
0009D
7FFE4
00257
001EF
002DF
7F793
00069
7F897
00746
7FBDF
7FB1E
00437
7FB79
00261
01015
009FF
7F787
00BAF
0038E
008AD
00805
00FCA
0034C
00511
7FE36
00781
7FBB5
01267
00950
7E982
00D42
7FBFF
7FBF8
7FD0C
0046E
00068
00F71
7FD83
0069E
7FB6B
7F285
7FCBD
006BF
7F07A
7F341
00B13
0182C
001FF
7FD95
7F760
7FAD3
004FA
00036
0066E
007DB
7F6F1
00B00
7FFE1
7FB58
7F8E9
7F8B7
7FDBC
7FA39
00400
7FC38
7F79A
00759
7FB43
00954
7FF96
7FA20
7FFB0
00131
003CE
00482
00956
003E6
7FD12
00944
005FD
00459
7F59E
003B8
003F0
007CA
005C4
0067C
7F42E
7FBA6
00574
7FA87
00DA0
0001C
7FE5C
003F4
7FE97
7FED1
002F0
7FED5
01251
00F0B
7F43C
7F0BE
7FF0B
7F237
7F957
0064F
7F5E4
7FD1A
7F984
7F9D6
7FFAE
7FECC
7FEDA
7F8ED
007BB
7FCB4
7FD10
7FF61
7FA12
000CE
7FCFB
00241
7EFB8
7F9D8
001CF
7F0E2
00800
7F69F
7FFD2
00875
00015
00D09
7FA95
003A7
7F0A5
7FD42
7FBB1
7F9D2
7FB09
00205
7F575
00B93
7FBC1
7FC61
004F3
7FCA6
00BE5
0017B
00156
7F93C
7FB8B
7F842
7FF9F
00AF3
7FB85
7FFFC
7FAA0
7FDA4
7F601
7EB64
7FA1E
0072C
7FBA8
7FE9B
00803
00682
7F50D
7F4BD
0038D
7FE5B
00036
009DB
00427
7F6B8
00CB9
00015
7FEC6
7F513
7F5D4
7FEC4
00296
7F2E9
00051
7FA32
00735
00202
7FAC9
004F5
00386
0033B
00E00
00257
002F3
7FBC5
006BB
7FD8F
00CCB
001FB
00F2F
00057
7F667
7FDA4
00132
0012F
7F099
000C1
7FCF0
7F95B
00821
7FB51
00A40
7F994
7FFE8
00849
7FE52
7FD71
00F54
7FDA9
00DA6
004A2
7F767
7F96D
7F1DC
7F8D2
003A8
7F2D2
7F3C6
7FC89
00D89
0074E
7FD04
00CBD
00526
7FEAC
7F6B6
00DE2
7F57E
00753
006C1
7FE3A
7FD3C
002B4
0031A
01829
00B0A
0051F
7F69A
00749
7F711
00B89
002AD
7FC2E
005FA
7FDF6
7F400
00A78
000F3
00EDC
7F0A5
0057D
7FE92
0035B
7F7C2
00218
7FD04
00516
00657
7FF18
00A57
7F857
7FA01
7F7A0
7F506
00206
7F8B8
0041F
7EDFA
7F883
00C3C
00238
7F030
0039E
003F6
7FF79
00041
000F2
00000
0056D
00309
7F4FE
0062F
00101
7FE24
005F1
0003F
7FC73
00301
7FB10
0007E
0017F
00CF3
7F954
7FA01
7FE24
7F700
7FFC8
7F875
7EFB9
7FEB1
7F888
003C1
004E6
7FFCC
001E3
7FD35
7FA4A
7FF14
007BD
7EE00
00469
7FFC1
00833
7FD13
005E9
00063
00C9B
000D7
0076D
008F7
00DA4
003B6
7FAB5
7F9B9
006D7
7FEEA
7FDB9
00B55
00203
7FBF6
7FCF2
00806
002B7
7F796
7FCFB
00DB8
7FD8B
002BC
7FF1A
004A9
00907
002D4
7E97E
7FD3A
7FA40
003C2
7F9BB
00311
7FDB0
7F750
00157
7FFC0
0004A
006C6
7FECA
00156
0047D
00113
7FFA4
007A0
00C92
7F444
00A35
7FA8C
7F673
0021A
7FBF3
001BF
7F60B
00CAD
007E2
7FDFC
7FBB8
7F800
7F95C
7FA79
001E0
7EF95
0005B
7FD6C
7FF1F
00A00
00644
00272
7FB52
00AAD
7FDFC
7FFB7
7FB29
7FA59
00D3C
7F7F4
7F5B2
005B2
0026F
00740
00B85
7FBDC
003B8
008E0
7FFCE
7FD14
7FC2F
7FEAF
7F45A
00400
00BBB
009B1
01DA4
7FEF1
7FA67
00636
007A1
7FE05
00181
0097D
0013E
7FA92
0093D
7FE81
7FFC8
7FFFF
7F9D2
7F638
0001A
7FF1D
7FD25
01061
7F342
004C7
7F052
00474
7FDD5
00779
7F8F6
7F942
7FDB9
7FC00
006D6
7EC6A
0044A
7FAFE
7FE59
7F619
7FC5F
7FE5D
00074
7FF98
0053F
7F3BC
7F745
0026E
7FCFC
7EF8F
00BFF
7F7BC
7FC29
7FFEB
00C46
00803
00B98
7FB33
00446
00D86
0087D
001CB
000C3
00C5B
7FAFE
0016A
7F95E
00944
00481
7FEC7
00289
006CD
7F958
7F6DE
0116C
7F34C
7FFA7
7F1E7
7FEB6
003FB
7FBC9
00AC4
002BF
7FD6C
00B79
7FCBB
003C1
00D49
00093
00529
00077
7F09A
7FFA3
00B39
7F7AD
7FDE1
7F439
7FA00
7F3DC
7FAB4
7F37F
7F6BE
7F469
7FAE5
00C90
00696
7FBFA
7FD25
00CA2
00A11
7F833
7FC5D
7F5F5
7FC01
00694
7F7D6
00751
7FC2E
7FF60
00136
000C4
7FCF0
7F875
00A7D
7FDCD
7F486
00488
0037D
7EBD9
00200
00BE7
7F9AD
7FBB8
7FA6E
0039B
00341
7FE64
00968
7F728
008A6
7FA53
0026B
7FFE9
000E2
7FB97
00000
7F522
7F52A
7FB5A
7FAA6
005CF
008A5
7FB0B
00B10
7F255
7FE5A
7F95A
006FE
00CCE
00744
00BD7
7FA00
00794
0037E
7F786
7FE36
7F69F
002FB
00381
7F85B
0008A
00448
7F3C3
7FD96
00101
7FA6A
7FC3E
7FB5B
0018D
7FF34
00451
002A9
7F698
7F0E1
7F9F6
7FBB3
7EF84
7FBBE
7FD05
00115
004D1
0000B
00040
0016A
7F720
7FB4A
00F11
7FFF1
7F285
002B1
00416
0073E
7EE00
7F4E4
00155
7FF5F
7FD34
00491
7F507
7FE9A
00323
0033A
000B9
0090B
7F9B1
7FE6D
7FC51
0061F
7FAB9
7FF32
004DD
7FE57
7F2BD
7FDB7
7F7B5
00600
00B0E
7F7E4
7EC71
00D3E
7FA03
7FCA7
00350
7FC2E
00918
7FB47
00018
0015D
0012B
7FAF7
7F289
0043D
000E0
00016
7F63D
0016A
002A6
006FA
0063E
7F766
004E5
7FBEF
7FCE9
00272
7FDDC
7FA3D
000C5
7FC00
0031B
7F2AD
008FE
009D6
001FB
7EDAD
7F232
7F6C4
00260
007CE
00A15
7FD63
00045
0033E
004ED
0016A
00684
006D8
7FF08
004A4
00EE7
7F4C5
00D09
00518
006F3
0031A
009B2
7FAFA
007D0
000CC
7F86B
00000
007EA
7FD3E
003A6
7F283
000CE
00A29
7EDE6
7FE46
00CC4
00817
0052A
7F84A
7FF9B
7FC82
00819
7FDB4
7FDFF
7F5F9
7FF5A
7F749
00DE0
7FD7B
7F603
7FDBC
7F6A8
009D2
0032E
00502
0051E
00269
7F6F1
7F619
001B4
7FF69
0040E
00423
7F8F1
7FC63
7F606
7FD5B
7FAAE
7F623
007B8
7FE4C
7F5B9
7EFFF
7FBE2
00401
00480
7F59A
0013D
00078
7F359
003E3
0046C
7F661
7FE4C
00677
00D0C
00579
7F3F2
008E1
7F688
7F200
7EF57
7FADF
00E12
7FD21
002A4
00AED
01575
7F585
7FD9D
000EC
002EF
7FA8A
0017F
005AC
7FA1E
7FE00
00244
00B9B
7FF94
7FCB5
001B0
00968
00B25
7F8D6
7F089
005C2
00094
7F7E8
7F4CB
7F5E8
7F4AF
7FA00
00569
7FA3F
00C0A
00485
00216
7F271
7FD8E
0067B
7F14D
00293
7FD10
7FBCF
7F378
7FE39
7F28C
7FE00
005C6
7F3F9
000F2
7F9A4
7FB92
00487
0038B
7F32E
00873
0020E
00018
009C1
00F92
7FAE4
001A7
00800
003B8
01174
00DBA
7FE9D
0049C
7FA8D
7FC70
018FA
7E9A6
7FC57
7EC14
00ADE
00B25
7ED3E
00441
7FFAE
7FF87
00DC3
0054C
7FAEF
7FD2A
7FB9B
7F775
00006
7F8BE
7F436
00638
7FD4C
00B58
00127
009ED
7F8EF
009AA
7F357
7F7EA
00D77
0102D
7FC81
7F5FA
7F863
7FAAE
7FDBD
00668
002B0
00D15
005A1
0004C
7FF3D
007F6
7FEBA
00ADD
0046A
007A5
7FEFD
7FC64
00901
00052
7F5D1
000BC
0078D
7F776
7FD55
00A9E
7F800
7EC43
0013B
7FEE6
7F8FB
7FEB6
004E9
00011
00A73
00009
7F95A
0089F
7F4F6
00C59
7F2D0
7F694
0087A
0007A
0007D
7FEDE
0075F
002D6
0090A
007EF
00000
00B35
7FBEE
00C4A
00166
7FDB7
7F914
7FDF7
7FC00
7FCED
7F439
7F69A
7FFB5
004F4
7F6B3
006E6
00453
7FB2F
006ED
00724
7FBC5
7F6DA
0016B
00802
7F1DE
00838
7FC2B
7FDD0
00656
00478
7F9FD
7F885
00000
7FFD7
7FB22
7F46C
00179
006F6
00536
7FEBF
00000
00511
7FC80
7FBAF
7F484
00065
002C1
7F720
7EEC0
7F747
7F7E6
7F97D
0024E
009E7
008BD
00ECE
00E46
7FDC5
7FAB1
00282
00646
00594
7FE3D
7F74C
000D1
0037B
7F724
00AC7
7FC39
7FF03
00960
000BD
7FBC1
7FF85
00532
00A25
0032B
00F61
7F3AA
006A2
7F4C9
00B33
7F716
00C61
7F741
7FDDD
00571
7FB3D
00403
7F9BE
7FD56
7FD26
007F1
7FFCC
7F63A
7FCE0
7FA96
7F8CC
007C9
010B5
7FED1
7FBB6
7F278
0087A
00400
7FE3E
7F86C
00658
00C59
7F484
01385
7EE20
00111
0050E
7F73F
0045D
7F6DC
7F763
00BDB
008B0
7FE00
0081E
7F936
00CFF
006DF
7F85A
7F115
7F99D
00096
7EE47
7F814
7F7BB
7F85E
00271
7FF54
00327
7FFFF
003E9
001C1
0038D
7FD50
7FE06
7F607
009A3
7F2EF
7F980
7FB8A
005DF
7F77E
7F659
7FC6F
00755
7F602
7FDD5
7FCA1
00751
7F778
00BCA
0055D
7FDDD
00369
00662
00526
7FB20
0014A
7FDDB
7F863
00247
00200
7FD79
7FD78
0017D
7F786
00873
00AB3
7F9EC
7FB7E
0079F
005F8
001BB
00816
7F1B3
7F469
0051C
7FA76
7F46D
0005F
7F5E6
7FD2E
7F71A
0038D
7F538
7FABD
7FC07
7F952
7FD45
7FAF9
003B9
0084C
7EF87
0043F
001BD
00EE0
0059D
7F875
00023
000C8
0061A
00623
0033B
00668
003B5
00D5B
002F7
001F5
00281
7F737
01090
7ED48
7FDF8
00B3D
00322
00872
01390
7FD92
7F01C
00BCD
00651
7FBA3
7F80C
7F60A
7FEE2
7FC00
0125C
7FDBC
006B0
00139
7FD58
7F653
7FA5C
7F55D
7F60C
0031F
7FCC7
7FF34
7FC43
00817
00852
005A8
7FB2C
00A5E
0007D
00131
002A8
7FEAD
0064F
7EE9C
00857
00D9A
7FEB5
7F9E0
7E663
7FB68
00A45
7F801
00B55
00DED
7FDE5
7FD20
7FB56
7F157
7FCE5
00AE5
0025E
7FA94
0013B
0113E
000DF
00043
7FD6D
00000
7FD15
00475
000FD
7F47A
7F930
0033B
00BE3
7FAF7
00692
7F874
7FA8E
00092
011FB
7FD23
7F415
7FA00
001F6
7FC35
7FB64
7F6FE
00AB8
0032E
7FB3A
0175A
7FE8D
006C6
002DF
00018
00054
7FE52
7FCF1
7F8CD
009DD
00198
7F91D
00312
005E5
7FC2C
7FFBD
00A04
004B4
00121
003DE
7FC7F
7FBD4
0008D
7FF50
7FFFF
003A2
7F24A
00743
7FF4B
0000B
7FD75
7FD7B
7FCBD
00523
00259
00CA7
7F76C
005AC
7FEEB
00414
00426
0056F
7FD9A
00489
7F6FE
00597
000C2
00CF0
7FFCF
7F685
0061E
7F794
008B9
008A3
0020B
7F730
7FA00
7FFE6
7F8C5
7FEA8
7F964
7F645
7FC6D
7FAFB
7F72C
00867
00178
7F5C4
00879
00449
7F567
7EA1F
7FA00
00004
7FA6E
00F99
7FAEC
7F4A5
7FAC6
00048
7FCD4
000CA
7F70F
00657
005AC
0105F
7FF94
7F6B5
009FE
00A39
7F504
7FE74
7FE9C
003ED
7F87E
002A7
7FCD3
00B2D
7FC6C
7F7D8
7F787
0071B
0115B
007D8
009FE
004CA
00223
7FCAE
7FD15
001A7
7F406
001F3
7F72E
7F805
000B6
7FDFB
7FA54
7F86C
015F2
7FC2C
7F600
00332
0049B
7FF74
7FB02
0033C
01290
004B4
0010C
00375
00910
00FFF
7EFFE
000FC
0079E
7FBB9
7F58D
0089F
7EDCC
7F463
7FB86
00ED7
000D6
003CB
002C0
0082C
7FA03
003E0
006B7
7FD52
7FB05
000FE
7F4AF
0040E
7F802
7FE27
7FC53
00451
011BF
7EE51
7F6B3
7F715
7FEFB
008BF
7FB70
7FDE4
7F5B1
001A0
7FF5E
7FB99
7FC52
7FAB9
0098A
000AD
00614
7F6D8
005A9
7FF87
7FE8A
7FEEA
00125
7F737
7F8DD
0090E
7FA00
7FC6A
00223
7FB70
7F894
0003B
7FC8D
7FD2B
7FB16
0021B
00B06
7FC42
7F869
00907
7FF05
01583
7FE96
005FC
7FD0A
00713
7FB88
00493
004FC
7FAB4
7FAE8
000FA
006D1
003DB
00A06
7EDCF
7EF32
7FB61
00400
7F24B
7F7B0
00136
00C2A
00467
7F6FA
7FF05
7F961
7EFB7
00FC8
7F902
7F1A9
0035D
7FE31
00240
7FBC2
7F8C6
7FDB9
7FD48
7FB07
7FCBD
7EF34
7F5AD
7F766
7FFA7
00766
7FE4B
00BD6
7F6CA
7FF3A
7F79E
00800
7F780
00831
008EB
0074E
7F92A
00A71
7F0C8
00890
0019E
006A6
7F9D6
00B3C
00234
02260
01174
00423
0082F
7F84B
00685
7FD9D
7FB84
7FBD9
0011C
7EDE9
7F071
00857
006A2
000C1
7F718
00219
7EF1D
005A7
003D4
001E5
000B8
7FFD8
00550
7EF57
005EC
0032C
7F2A2
00691
7F8AA
7F7F4
00496
009BA
7FA67
7F5FF
00448
00A56
7FBF9
7F633
00C1C
000B3
7F9F2
7F9A0
7F51F
006BA
7F557
00573
0096A
7FDD5
7F978
00000
7FD2E
7FBA6
00075
7FC49
7FA5D
0007F
00C4A
000D4
7FF3C
005FA
7FCF7
7F24D
7F8C3
002BF
00639
7FC01
01028
0014C
00329
7F9E4
7FEAB
7FFC2
00265
7F984
00527
7F9C7
00827
7F827
00833
00D8C
003FB
007FF
00316
00165
0078B
7F4E4
00CA0
0000A
00734
7FB2D
7F8B4
00A32
7F002
7F391
008FB
7FB2A
7F09A
00BFE
7FEF6
7F8B1
0088D
7FCF2
7FF48
0020E
7FFA0
00A7B
00385
00F02
00728
009FD
0011D
00231
7FFAC
7F600
7FEC2
0090D
7F22D
7F888
00A6C
7FB17
7F994
009D0
00768
000C2
0034E
01096
7EF2A
009C6
7F6CC
7FA75
00AC9
7FA6F
7FE81
7FF73
7F686
008E1
7FE2A
7FC59
000E5
7FB2F
7FA3A
0033B
00186
00D1F
7FB37
7FBC3
7F684
7F645
7FC14
00BA0
009AA
7F8E3
0051C
7FE5A
00384
003CF
0008E
002A6
7F60C
7F9DE
00041
005FD
7FDAA
7F78E
00F4B
007B7
0065A
7FF65
0023A
7FF7A
01129
004BA
7F053
0072F
0023E
7F663
7F176
00600
7F840
00CF0
7FA4B
7F939
006FD
0081D
0082E
006A0
7FB4E
7FBB2
7F9C9
0097D
0025F
003AB
003D3
7FE97
007DC
0082E
7FCF9
7F374
0078F
00300
00D49
7F53A
00F8B
7F8FF
7FB79
7F5D5
7FB13
0058C
7FD2D
7FBFF
7FBA6
7FC6D
000C9
005AC
7FFF6
00974
00860
7FB19
00556
00DC2
7EFEA
00DC5
002A7
7FB26
00DDA
00CBA
005C4
00AB3
7FF0F
00B24
0075E
7F92A
7F6D4
7FFDF
7FDB7
00616
7F036
00661
7FE4B
00AFF
7F696
00000
7F582
7FDDD
7FEB7
01250
7FA2C
7FACA
001DC
00855
000F5
00C08
7FE9A
0038C
0071F
7F932
7F7E6
00390
01006
00345
00493
7F8F0
7F41C
00914
7FFBA
7FC72
7FEE5
7FAFE
7F335
00F66
7F918
7FD93
000D3
0043F
00BB7
002C6
7FBE3
00851
0020F
00009
007E3
009CA
7FA2D
7F96F
7F855
7FE5F
01310
7FD6C
00036
0027C
7F447
7F669
7F508
00153
00623
7F642
00D1C
007BE
7F840
7F91B
7FA44
7F9B7
005F3
7FEC3
00B02
00C00
7FDCD
7F5D7
0027E
00051
003B3
7FCE4
7FEE7
7FC57
00328
7FCCD
003E0
0065B
00A85
006C9
009A1
7F402
00AE8
7FFBC
7F34A
7F6BF
00341
7F6A2
002D8
7FCD3
7FCEF
7F4B8
7FCB9
7FB7C
009EF
7FB49
001D3
7FFFF
007D2
00D24
007E0
004A6
7F836
0053B
7F061
007A6
7FE07
7FE59
001A6
0034C
7F548
7E670
7F7CA
7F801
001EA
00BE7
7F605
7EC4B
00D27
7FF3F
7FB6D
7F72D
7FF70
7F187
7FA13
002DE
7F9F0
00F7D
7FF32
01400
7F696
7FE67
00E53
004E8
7F8D8
003E8
0031E
7FC0D
7FA69
005C0
00516
00F42
00577
001BA
7EF8A
7FE9A
7FEA0
00447
004AD
7FD52
00540
00284
7F212
007F0
00179
7F574
7F87D
7EC40
012C0
00071
7FD99
7FE97
00531
00A54
7FB75
7F643
7F567
7FE4B
0041D
003C8
0089B
7FC1F
005ED
003F7
7F852
7FD26
00162
0062E
00147
7F6B9
7F376
00B4B
7F839
00402
7FE50
7FC84
7FC92
002A5
00994
00603
7EC6F
00603
007BA
7FA00
7FE0B
00809
00498
00377
7F35D
004CA
002D3
00877
7F64E
00AF3
7FA28
7F8EB
7F6FD
7F67F
7FE7F
7FA58
005BE
0062C
7FEDE
7F6DF
7FD3B
7FE0A
7F814
7F6A3
7FEE3
00A0E
7F6BD
7FEAA
00A79
00453
00359
005FF
7F1A2
00426
00C5C
7FCEA
7F7C8
7F861
7F967
7FA54
008F5
003E9
00068
7EC1A
7F7DE
0057E
00D52
7FD2D
7F3B4
003A7
0028D
7F517
00221
7FBB9
001A7
006F1
7FEAA
7EA81
7F84D
7F4B4
7F17A
7F735
7F616
00600
7F76A
7FDCE
00246
7F0B4
00310
004EE
7FBE8
7EEB5
7FD3A
003C8
000FE
7F020
7FA61
00BD4
7FB4C
008C8
003C8
7F6E5
00B5E
7FCEE
007F6
7FC50
004A2
00A48
0019D
001E3
7FE5F
7F46C
7FE7A
008D4
7F9A1
7F346
00E2E
7FA8E
000BD
7FFD5
00ACB
7FA6C
7FFA2
7FA5E
00060
00681
7EE73
7FD38
000B5
00022
000BD
7FECA
7FCEA
010B8
001DB
00676
7F9A2
00208
7FE74
00564
003B3
7FC54
001AA
7FA9E
7F090
0086B
0075A
7F400
7FBDF
002CC
7F59A
00107
7FB52
7FBB2
7FCBF
0032B
7FD7F
0074F
007F8
005FF
00042
00A23
7FC0A
00400
7FBB6
00EFF
002C3
7FA12
00AAA
0009B
7F81C
7FA00
7FCBC
7F79F
7F944
00600
00D32
7FB4D
7FF4E
00000
7FD40
00387
7F8AF
7F551
7FA92
7E917
7F58F
008D2
7E9E7
7F56F
7F3E2
00600
002A4
00C3A
0094F
7F800
7EF28
7FBA7
00007
00796
00103
009A3
00169
7F9FF
005F6
7FAAD
7FE82
00600
00044
7FF4E
00AD9
00400
004B0
00332
009F8
00236
0067A
00478
00AE4
7FBBB
7F776
7F258
7F340
00E4C
00A07
7FBAC
006D0
7FF3C
005B2
7F1A3
7F494
7FA02
00384
7F6FA
7FCEE
7F016
00EBB
7F61D
7F74F
7FB9E
7FFE4
00634
000CD
7F61A
00514
7FC26
7FD45
014AF
00205
00026
009D2
0049C
7FF00
7F1E7
7FA07
7FA26
7F8B7
7FF98
7F5CF
7F80A
0023A
009E6
7FCB3
00970
7FF18
7F10E
7FF7C
00146
7F8A9
7FF54
0019C
00B7E
7F7C6
7F99F
7F972
00A00
7F623
7FB10
00720
00C43
00640
7F588
01419
00879
00241
000E5
7FF86
7FA59
7FFB6
007B5
000FE
7FD2C
00534
00641
0037F
00306
00874
7F7EF
00190
0056A
00894
7F899
00986
7FA3E
7F8D8
00743
0052C
00A00
7EF72
00DD9
00A9B
01067
003FA
7F5D7
00BAD
7FA54
7FED1
009E5
7FAD8
7F0F6
7F610
7FE40
7FDF5
00000
00BE0
003B3
7FA6B
7FE34
7F93F
003B3
7FC47
00D0F
0088E
00503
7EA54
006A8
002F2
7F99C
7FB0B
7F600
00233
7FB7D
7F915
7FC1D
00564
00369
00714
7F99A
008CA
7F71C
7FF0D
00792
0120D
0098A
7FAE1
007D7
0093F
7FAFE
001AC
00E1F
7FA99
7F8F5
00D38
7F6A0
00C61
7F6FB
7F312
7FBB2
002F2
00050
00605
0087B
7FE97
7F5A7
00B9D
7F586
7F9CF
7FE54
7EDC3
00BD5
00272
00624
7EB78
7FBA2
00FA2
00299
0065C
0029E
006C3
7F8AE
7FC68
7F777
7F8BB
7FE78
001F2
7F990
7F9ED
7FC3E
7FA8D
00446
009F8
004E2
00352
00600
7FBE6
7FEA7
00991
7F807
00688
7F8D6
7FE6D
00750
007C5
00570
00288
7FE9F
00445
7FCCD
7F4D5
7EE02
00DCE
7FDCB
007B0
7FFA6
7FCB8
7FF37
00920
005A7
00B74
7F929
7F73C
7FF42
7FDE6
7FD9D
7FF48
00DFF
0021D
7F1A8
00394
006CE
7F869
7F499
00585
7F0B2
7F845
7F018
7F7C3
01384
0073B
0057E
7F598
005FF
7F763
7F9E9
7FBEE
7F987
0025C
0000E
7F5DB
7FA58
00C9A
7F952
7F904
7F69A
7FD45
00369
7F812
00400
00B7B
7E9A3
00B69
7FDA5
7FF3C
7FB6D
7F71E
7F436
007B0
00A7A
006E7
7FF68
7F481
00064
7F467
7EEED
7FDCD
00136
00020
00A85
7FC85
7FC39
00268
00602
0080B
00D49
7FAA8
7F418
7FAB0
7FBD8
008A7
7FBC1
7FF5D
7F44B
00E63
00828
7F88F
7FBBC
005FB
7F825
7FE98
0077C
7FB78
005CE
7FF28
00645
7FE04
7FFAE
7F719
0026C
7FBDA
00D3F
00DAF
00A0A
7F6F2
7FFF8
00B71
7F846
7FD07
7FF46
00242
004F4
0084E
00600
7FD8C
007DD
00405
00427
7F7E0
009F0
7F9E1
01070
000C1
7F636
0036C
7F7EF
7F985
7FA39
0074F
0043E
7EEEE
7FDED
0118C
7FB9A
0014E
009C3
001F8
0058B
7F82C
0025B
7F71E
005C0
7FD28
7FC73
7FEDC
7F401
0013B
00BBA
00534
7FD60
00055
7FE7F
00111
00858
000A5
7F110
7FD75
7F714
004FB
00774
01124
00711
7F945
7FA71
001B4
7F427
7F2C6
7FF24
00871
0024C
00294
000C6
7F9F0
00B96
7FDC9
7FDC1
0113A
00C00
7FD3D
7FC3F
006AC
00048
00338
0066C
007FF
7FA65
007BE
004B9
7FA2B
00897
7FF66
7FD8F
7F250
7FE48
7F71B
7FC04
7FF0E
002EE
007B8
7F90F
7FC90
003CF
0005F
00ACC
00B63
7F370
00767
7FACE
00945
7FD2D
7FE85
007ED
7FA3F
7FFB2
0059B
00656
7F727
7FE8C
7FBD6
0003D
00962
7F898
7FF9B
0088B
003D5
7F55F
004F8
7F254
0010E
7FC28
7FC7D
7FAB0
006D7
7F080
7F824
7F746
004C4
0064C
7F24E
7F811
00076
7F600
00A5D
7FAF6
01188
012AC
00282
7F57A
7F91A
001C2
7EB42
00068
005FF
7FD35
0027F
7F955
00F6F
003FF
7FC82
008CA
01362
7FE6D
7FD04
00497
00631
00112
00B6B
7FC01
7FAE6
7F3D8
006C6
7EF86
00235
7FE01
7F88A
00296
00074
7FAFA
7FFDE
7F504
7FE17
00A3C
7F556
00342
7F72B
7FAC9
7FEE2
00A63
0038F
007FF
00B0B
009A7
7FB34
003EB
004EF
000EA
7FF7F
7F2EF
0098A
01051
0075C
00428
7F385
7FCC4
00DE6
7F800
7FB77
000E9
00BDC
7F834
7FB90
7FE60
7F907
00401
004BC
00193
7F45D
00B7D
7FAAE
000AB
7F946
7FDD6
7F431
00A4C
7F876
7FC28
00572
009F5
7FFB8
7F7FF
7F791
7F5DA
0013B
7FDD8
7EEFB
7F2C4
7F96D
7F1DB
007F9
7F6C3
7F99F
00A18
001E3
003A2
005BB
7FBB8
00F22
00343
7F668
00382
7F6BB
7FF45
00603
7FFFF
0010E
00A04
00470
7FB70
7FC91
7FF1C
7FD47
7FACC
7FA9A
008FA
001A0
00AAC
7F942
00E37
000E0
00000
0041F
007C2
7FD90
0010C
7F48A
0082A
00280
7F82C
7FBB8
7FDA8
00295
7FC97
7F9C1
7EF35
7FC8B
002D3
7F88A
007D2
00E52
7F6B5
7F8CE
00299
00437
7FFD0
7FF01
00389
00A70
7FADC
00048
0111C
00375
007FF
7F8C8
7FD7A
7FE7E
7FE00
7F814
00490
0044F
7FCC0
007AE
00CD2
7F11F
7F129
000E0
003A1
00459
002D3
7F733
7FCED
009A2
7FB7D
00867
7FDCE
0057F
7F0C5
7FAE4
0003B
007EC
7FC58
7F9A3
7F3FC
00BC0
00800
00CC9
7F1CD
0063E
008E8
7E9A5
7FC18
00044
7FE65
7F120
7F416
7F3EB
00A62
7FC4F
004D2
003A0
00CE1
7FB67
7F312
7F6C4
7FCCC
00313
004C0
7F353
7FD15
7F47F
7F8A2
7FB3C
00363
7F2A5
00687
0015C
00000
008E9
00060
00AA5
0038C
7F33A
0040A
00B49
0023E
0017F
00341
7F9C0
001B7
0071A
00970
0062A
000A2
7FB8A
006CC
7FA53
00E60
00AB1
7FFB9
000D3
7F7EB
7FF08
00057
00BE0
7FF12
00F80
0027B
0005F
00A00
0001E
00AE4
7FBEE
7F772
7FC1C
0055D
0047D
0072B
7F2C6
00B6B
7F6AF
7FAF0
0028C
0053B
00048
7F600
00C43
0054C
00408
7F70B
7F46D
0040B
7FCA2
0027B
00E9E
00EE5
00685
00564
7FB6E
005CD
004D7
001FF
0015D
7FCAC
007AB
7F93D
7FD8C
00A73
7F809
00CD4
006A6
00466
7F195
00110
00F57
00258
7FB6C
00600
0043B
7F7D2
7F52A
01044
009CF
00770
0002D
7F183
00147
7FC98
7F91E
7F69D
7FF79
7F750
00173
7F600
00745
7FE3F
00E58
00070
7FDF1
7FC4C
7F932
00075
002B8
7F3FE
000FF
00968
0059D
0050A
005F0
005AB
7F905
00DBE
001AE
00254
7F69F
7FCB4
7F9F7
7F6C9
7FB71
7F112
7F5F4
00603
00873
002D7
7FDC4
00000
00ABD
7F6A0
00011
00AB2
7FF70
00FB4
7F959
00B58
00175
00B9B
0017E
00433
7FB56
007A8
008BE
7F82A
7F924
012A0
00CE5
0053C
00167
7FF13
7FEFB
00889
7FBAA
011D9
7FDB0
000F2
00142
7F4FF
0045F
7FE00
00284
7F9A4
7F7B8
7EC16
007DA
00137
7FEAD
005DB
7FAE6
7FEBD
7FEC3
004AE
00E3C
7FDC9
7F3A0
7FA58
7FE81
00C4C
7EFC6
7FF21
00215
7FA4D
0021C
7F4A7
0023E
006E3
7F56B
7FE1E
7F8F2
00199
000ED
7FE01
00085
00638
7FDCF
7FD99
7F8DA
7F1DF
007F9
7F93E
00136
006BE
00109
7F3F6
7F711
7FB2C
00320
7FD2C
0072F
7FF9A
7F492
00558
007FD
7FB2C
7F9D9
010F1
000CB
7F678
0012A
7F1F3
7FA41
00056
7F9A3
7FE00
002E1
00C0C
008F1
7FF91
00618
7FDBE
0013D
7FC53
7FD71
7F595
00743
7FF95
7F389
7F710
00DFD
00000
006D8
006F5
7FCD8
00D85
7F4B1
7F41E
00236
7F4DA
7F994
009CE
7FF9E
00101
7FA65
7F979
00F0B
7FD2D
7F54F
7FA34
7FDAB
7FD8A
7F0D8
005F7
008A2
005AA
7FD0F
00070
00583
7F367
7FE3E
7FE5E
005B4
00E25
7FD62
003E4
7F579
7F6C5
005DC
7FB0C
00879
7F539
0047B
7F3A8
0018F
007EE
7FB6F
7FF35
7FB73
00000
7FBC6
010A6
001A8
00EF8
7FD0A
0010A
00B53
006D4
0033A
008DF
00C6A
00338
7F8B0
7FC41
009FA
7F801
00700
0023C
00214
7FA4C
7EFE3
7FCBE
7FB8C
7FC00
000E6
7F9C1
7FD98
00E56
00AF8
7F690
00123
7FC01
7FD2E
00528
001BB
7FBDD
0074E
7F209
7FF6E
0012C
7FB16
01061
7F814
001F4
00127
00062
7FDA0
00BFE
7FDB4
7FFF2
7FCDE
00ADF
7FE20
0082D
0075C
7FBFE
7FE74
004FE
00040
7FC7E
7ED8A
004CD
004EA
00000
7FC6F
00108
7F687
7F401
7F67A
7FFF2
00B65
004FB
7FC55
7FDC1
7F607
7F6B5
00BF5
005BC
7F9AB
004EA
00B96
7FF71
7FE24
008E1
00117
7FEF2
7FD6A
002DC
002FA
00484
7FDB8
7FB05
001D9
7FE91
00313
7FBC3
00E8F
002A0
7FBA5
7FF72
7F9D4
012FF
7F930
00152
7FB6F
00240
7FACD
7FD6B
7F876
00BC0
0069E
7ED65
007D4
7F730
7FC5F
00429
0007C
7FA38
7FC17
7FA65
00655
7ECF8
004A5
001A2
00737
7FF1F
7FA49
7EC00
003B6
00622
00404
7EE26
7FA08
00EE6
7FC07
7FEA6
0092C
7FC53
00A90
7F87E
003FA
001FF
0003E
7FA59
00122
7FEC2
00584
0010A
00529
00316
00F30
001FA
7F504
7FD61
00756
7F0A4
7FF7A
7FB4E
0004F
007FF
00A84
006A4
00725
7FBFF
7FCDE
00101
7FA58
7ED14
000E8
01203
009DC
0017E
00591
7F7B4
7FBFA
00000
00146
0090E
7FE9A
7F633
7EA84
7F287
7F368
7F600
7FCAC
00136
002DC
7F5BE
7FA24
001AB
7FD4A
00600
7F957
00A05
7F972
7FDAD
001F7
7F828
7FB81
01340
0040D
7F759
7F729
0043F
00236
7FDB8
7EFE8
00D0F
7F6E0
00819
0061F
00622
0023A
00331
00611
7FA48
7FBEE
001BA
7FFDD
001ED
00261
0002F
00B79
0087E
007C9
7F3E5
7FC54
7F4E9
00CC6
7FE56
7F63A
00370
7FF2F
006C4
0098B
0009D
7F980
006CC
01311
7F2F2
00B1F
0070C
002C5
7FEB1
7FC6F
00B93
7FFA9
0024E
7F9A9
000F6
7F99A
0017D
7FC57
00036
00686
00800
0094F
0044D
7F2F7
7FF2D
009B5
00A5E
00234
7FE57
0094C
7FA4A
7F93D
7FA00
006B1
00394
00317
7FC01
007B0
7FD09
7FF2B
004D4
00012
0104B
0001B
7FDA9
7FF91
007C3
7F80D
7FA01
7FFB4
7F592
7FAC3
7F801
7FCFC
7F994
7EE21
7FF2D
7F673
7F770
7FF6C
009A8
00314
7FAEE
7FB26
7FA01
7F557
000D5
7FD0E
7FC01
007C7
00D16
0001A
004D3
7F8CA
00C87
7EF22
7F25A
7F4EC
00B04
7FC95
7FA01
7F4A2
7F768
00ADD
7F600
7FC31
006BF
7FD8A
7F965
7F4BD
00F70
00983
7FFE0
7F4A1
002E7
7FD11
7F721
7FE70
00438
7F614
7FDD7
7F534
00161
7F58D
00B84
005C0
7F77B
7EA85
005C2
7F80E
004B8
000C1
00093
7F6E9
7F9D9
006EB
7FD2C
7FA2B
004CD
0015E
006A5
004C6
7F928
000C0
0076A
7F587
7FC2E
000F9
00075
0025A
7F1F8
00D85
7F7FA
7FFB5
7FBFE
7F09D
7F8B9
7F2EB
7FFAF
7F8CB
7F32C
000BB
7FAFC
7FAE4
007D3
00AD3
001DC
7FF4E
7FA00
7FD91
7F92B
7F4CD
004F1
7FD07
7F7BE
7F308
0029D
00536
00C96
7FD7D
001CC
00A49
009C0
000C9
7F785
7FC3C
7F231
00DA5
00406
00548
00AB5
00843
7FA55
7EA6F
003EB
7F079
00107
000A6
0030A
7FBE1
00201
7FDC4
7FE9A
000F5
7FA19
003B9
7FEFE
7FA6E
00116
7F8F2
0082C
0024E
00135
0040B
7F0CF
006C4
005A7
0015D
7F4E0
010DC
7FB7B
7F6E0
7F91B
0140A
00878
7FA44
009FE
00881
0051F
00CD8
7FCFE
002EB
00200
7F663
00B77
7FF61
7FE49
7FAD8
7FF0D
7FD2D
01175
01015
00400
7FD2B
00555
00500
7F9D9
7FB8D
00DB2
7F5F8
7FEEA
7F875
0018A
001A9
7F947
7F66F
0063C
0096E
7FB0D
00901
7F6F6
002AE
00C5B
000B1
002D4
00E5F
0008B
7FBC0
0038E
7F67D
7F8A2
7FCDE
00FB4
00885
7FB95
003C6
7FB0C
0088E
7FC65
00110
7FBDA
7F36D
7F760
0017F
7FDB3
7F85D
7F119
000EA
7F771
00549
7EF8B
0012E
0010C
7F601
0001E
00008
7FE00
7FD71
00150
7FE86
7FE78
7E986
008C0
00E8A
00857
7F4B6
002DF
00B08
00263
01A10
7F347
7FB94
00DFF
007AA
0065A
7FE9D
7FC4F
7FE9A
7F0F1
001AA
00600
00CBF
7F890
7FF7A
7F554
7F672
006E6
7F9DE
00E00
7FEF8
7F5B4
7FB9C
00187
7FA4E
0096C
7F6B8
013A6
00E73
0012E
00288
0143B
00605
7FCF4
7F71C
7FE00
7FCBC
7F4FC
003BB
003B1
7F74A
00A89
00996
00600
7FA98
0010B
001CF
7F40F
00472
00B35
7F7A2
00000
00087
00149
00119
7F583
00148
7FC49
7FBAF
00479
002FD
7F852
7F77B
003ED
0075E
7FD01
000AB
000A2
007EE
000B6
7F913
002A0
7F231
7F2C3
00569
7F474
00CDC
7FA59
0038D
002E4
7FD7A
7FC03
000C5
010F8
7FDF1
000FD
00122
012AE
7F0F3
7F31C
0058A
7FFE0
00501
0022D
00444
00D98
0085C
7F5D5
004BC
014A2
00627
00898
00599
7F84F
00331
0047D
7FC9E
00071
7FD45
00051
7F0D4
001E4
7FF99
7FBB0
7F3F8
00800
00A25
0009C
7FA2C
7F61C
7F97E
00CCA
00D6A
7F363
7FB20
7FA6B
7FA4A
7F747
0016E
004D7
00498
00001
7EF14
00252
00C3B
00543
7FC78
00F91
00992
00538
7F9E3
7FA7E
006FC
7FC2A
0021E
00674
7FE2C
7F800
01AB0
7FE7C
7F706
00401
7F60A
00002
7F7F8
000E6
7F76B
7FDA4
0033E
7FE9D
00CD5
7FFFA
006AC
00000
7F374
00688
0005D
7FBB9
7F284
7FA71
7F8AA
7FDD6
00436
7F765
0046F
7F48D
7FFAC
7FCDD
7F246
7F600
7FD81
7FDB8
0057E
7EC91
00B48
7FF13
0063C
0034B
7FD45
7F339
7FD3C
0025D
7FA7D
007F2
00D2E
7FA74
7FA47
01388
7FFAA
7FE07
0026B
7FEEC
7FEA2
00104
00C7F
006D5
7FAA1
005F4
0090E
0058B
00C9A
0043D
00055
7FFA5
7FE11
7F449
7EF10
7ECF6
00255
00217
7F5D0
7FE4A
000D0
7F7E2
7F63A
002F0
7FF31
00827
7F812
00437
00245
003F4
00167
7F47F
006DB
7F9B1
00491
7FF67
014BD
7F83D
7FEB7
7F983
7F819
00600
7FAED
001DD
003C9
00042
00933
7FC43
00975
7FA97
7F68E
7EBEF
7FFCB
00943
7FDD2
00AD1
7FF69
00001
008BE
7FD70
01782
7FD6C
7FE4C
00795
00085
7F96A
7F3B0
00416
00834
7F2DC
0039D
00356
7FBE8
00200
7FD1C
0014C
013B5
0030E
00896
00B2C
00C4E
7FD6A
00260
002CB
00306
7FC63
0097D
7FB4B
0083F
7FFFF
005C3
7FD0F
0027A
7EF48
7FC82
00EA0
7F796
7F697
7F63D
7FF8A
7FA1B
0077D
7FF1D
008E5
7F7F0
00C00
7FDC5
00D74
7FCA4
00565
00734
00693
00DF2
0002D
7F879
7FD37
00A68
00351
00B51
7FA24
7FFF8
00454
007FD
7F3BA
00518
00D1F
0074B
7F63C
7F4A6
0005C
7F42B
000A7
0018F
0008C
7F6D6
001F1
004A6
00B4F
0010F
7F737
004A5
7FC79
0031E
7EC6E
7FF85
00A7D
00524
7F5E0
00000
0046C
7FF54
0069C
7FABB
7F6D1
7FDEE
7F23B
00059
007D8
7FDAB
005E5
7F941
7FF51
007D3
7F761
002A7
7F3F1
7F74D
003FB
7FF59
00000
7FCB5
008CF
7F8E5
00460
7F939
7F70F
004C1
7F809
7F408
7FCBD
00611
7FEB3
005CC
00661
01025
7FE97
7F85A
0066A
7F860
0087A
0037A
7FBF3
0019B
00826
00632
0034E
00480
00124
003AF
7FF42
007FC
7FA00
7FEF4
00618
00171
008BC
7F80C
00018
7FA9C
7F1FE
00524
00273
00006
00AC7
00955
00431
7FE85
009E5
0076D
7F9DF
00454
7FF28
00B50
000EC
7FC42
00137
7FCA3
00E86
7F7BD
7F905
7FD63
7F6D9
7F6BE
7F800
7F8C0
7ECF8
7F85F
7FC91
006D5
00540
00161
009B3
0011B
7F49C
00376
7FC7F
7F292
7FD68
00256
004A6
7FD7F
00166
7F80C
7F1B7
003F8
7F8DD
00B34
7FFD8
7F59D
000BF
7F40C
00076
7F5C6
00166
7F91D
01260
7FBB9
00DA3
000CD
7FD9A
007C8
00D44
7FF02
7F876
7F7DF
7FDAD
7F376
7F9ED
7F875
7F5EB
7FF9A
7FC70
00B25
7FE3F
00326
7F30E
00EC7
00005
7EF35
002AE
00695
7F85D
00352
7F8D0
7FD58
00501
7FFB8
7FC00
7FCC8
00111
7F970
002A8
7F201
00999
00394
002D4
0065A
003EB
7F766
00353
7F74A
7F753
7FACA
7F801
003A2
0029A
008A5
7F4C0
00322
7F970
00813
005A6
007EC
7F598
0055C
7FC60
7F36D
7FA80
7F703
7FFFF
00585
7FA11
005D5
7FC2B
0073B
003CC
00AF6
7FD2C
7EF17
7F6C9
003F3
00128
00380
7FB90
000A0
7FC00
7F522
7FFEC
0015A
0046D
00306
00220
0033A
7FA58
7F794
0020C
00607
7F726
00267
7F9A8
003C0
00400
003D4
00E88
005C9
7F9AF
7FAA7
00048
7F31F
00295
7F0D3
00320
004BC
7EC39
7FD08
00102
7FD30
7FEEC
7FB33
7FC66
7FD40
004F7
7F9FA
7F99F
7FD5E
0012E
7FA7D
00471
7F788
7FD30
7F532
00210
7F487
7FD2C
00AF1
7FC2D
7FD07
7F082
7FDDA
0034E
00450
011DC
7EC11
7FE89
00CE6
00B4F
005F9
7F7DB
00F28
7FB3A
7FC01
7FFB7
7FE16
7F44E
7F63B
007F9
00BCD
00870
004D3
00997
7FF0A
7FD06
00004
7F1AB
7FEFE
7EC00
7FB64
7FC1B
7F7AC
7FDEC
0022F
001C3
00420
00188
7F878
7FB1D
7FE38
00179
00628
7F6AF
00474
002D5
00510
002AA
7FDF3
00B66
00418
00C7C
7F0EB
00188
7FE02
7F800
00770
7F4F6
00593
008B6
7FC51
7F801
0087D
7FCE7
7F677
7F9CD
7F2AB
7ED12
7FD94
003B2
00989
00FED
7EF01
7FE9C
0095E
00362
0073A
00E22
004B0
7F94A
7FB3A
001CF
00708
001FE
7FD70
7FC4E
008D4
00564
00759
7FBC4
7F891
002D4
00C7E
00800
00D31
7FF55
7F8B2
00252
7FD8C
005F6
007CF
005EE
00480
7FF0C
7FC63
7F704
00B03
00CCF
001B6
7FBAC
7FDFB
7EC60
7F955
7FC5F
00AD6
7F587
00416
7FC7B
0071F
7FFF4
7F86E
0000C
004B2
00404
000BB
002D6
7FB28
005D9
7FAFA
00174
009A0
7FB23
006A2
00781
7F55F
7FDC7
005D2
006C0
0034F
0064A
005B5
008A8
7F7B3
0032A
7FD85
00A4D
7FA01
00F75
7FECB
0001B
008B5
006AB
7FE2A
0070C
7FBEF
0021D
01259
00600
00408
001D1
00534
002A1
0031F
0075D
0026D
006D3
01080
003C8
7F639
00A0C
7FFFB
7F631
00C9F
00600
7F421
7F8C6
7FEF9
7F915
008D0
7FB2D
7FA72
00259
0074B
0005B
7FB7A
7FD03
007F6
00E63
7FE36
00200
7F959
7F887
7F45C
0015C
001BB
00159
7F979
0012C
00208
001E0
001DE
7FF9B
7F7E8
7FCC3
7FDFB
00A00
0010C
00191
7FD7A
00AEB
7FD3F
00769
004DC
00DA6
7FEF1
0054C
00B1B
00158
7E9EC
7F35B
0074A
7FA00
7F969
7F759
0067C
7FA72
00234
001F8
00199
00098
00D6E
7EA8A
7F911
0077C
0040F
00213
7EDF4
7EF40
0074D
00D7E
00043
0078F
7FBFC
7F2CD
002AA
7F023
00401
7FFE8
004A8
7FD3E
001EE
00196
00081
00000
00ECC
00249
00756
7F9CA
00F9A
000FB
7F6B2
00625
7F617
7FF73
7F9AC
7FA8C
0062B
7E9F0
7FC29
00424
7F4C1
7EC5C
7F953
7FF89
7F0E9
00177
00BA7
006F9
7FBED
7FDC1
7F59C
7F4E4
7FD37
7FFBB
7F927
7FA00
0072E
00839
01436
0058B
0093D
7FB95
00427
7F5FF
0054A
7FD66
000FB
7F914
7FCD3
7F941
7EFD3
00000
7FAFB
7F87C
000FF
7FCDD
0013E
7F517
007E6
00AE5
7FD3D
7F90D
00084
7FD2F
010B2
7F5F3
0086A
7F602
00627
0028B
7FAC8
7FEE6
7F5AB
7F949
7F497
001FA
00682
0075E
7F86C
7FFD1
00C3A
7FC6B
7FA2B
7FD2C
00BF0
7F921
7EEBA
004B3
00117
7F45F
7EEE2
7F55E
7FEF9
000B8
004EF
7F9AC
7F052
7FEE5
00646
7FE00
00D03
7FD9B
009A0
7EF3E
7FE44
00A33
005F1
7FC84
00C96
005DF
7F8C8
7FF83
00743
001DE
7FCD9
00361
7F27B
00775
7F8F3
008BD
00592
00B1F
004B0
008B2
00606
7FADD
00CB8
7FE57
7F91A
7FA08
7F4F1
0043D
7FF5E
7FF5A
008C7
7F0F6
006EA
7FFAC
7F975
7E940
00317
00065
00FFA
7FB5E
7FB2B
7FB14
7FB49
7FF3C
004D2
7F925
7F6D1
00615
7FEA6
7F382
00D11
00442
016E0
7FB4A
00224
7FCDB
7FEE6
008B4
7FA4D
7FC00
7F605
7F907
7F5DE
7FC70
006D5
0046C
7FAED
005A8
002BA
00818
7FE17
7FB09
001FA
00E40
7FB02
00401
001A6
0071F
0002C
0051E
00E6E
7F1BF
7F3A7
005A7
7FD35
0007B
7FD7A
00196
0094F
7FD35
7F75D
00401
7F197
00085
7F5BF
7EA99
0042F
7FE40
0063F
7FA59
7F76C
7F793
7ED27
7EF52
00028
005D9
7F982
00BFF
7FCAA
00752
7F8EA
003DA
7F7FD
00848
00681
7FA57
00C1E
007D9
7FBFB
7F414
7F9BE
00200
00F70
00A00
7FF05
00F35
7F854
7F83A
7F992
004DB
7FD87
7F59E
7F00E
7F497
7F9AC
7F69D
00327
007B4
00CF7
009FF
7EC01
7FFF3
7FA53
002B9
00A04
7FF35
00490
001A0
00428
001DB
7FBF2
7EDB7
0008C
7F634
7F5C9
7FA59
7FA7E
7EF56
005B3
00134
00112
002CE
7F15F
002CE
7FEEB
000AB
7F5FC
00AC6
00073
001DE
7F63D
00D10
008BC
7F861
00251
0008F
7FA38
00200
00649
00808
7FE90
7FC02
7F67E
003C9
00878
7FAC2
7FAFB
01600
0003F
7FE6D
7F43A
7F884
7FB15
00A1E
7FAAF
7F24E
7FB3E
7FD9E
000E1
7FBA7
7FB74
7FD96
7FF2A
005A7
7F6E2
00429
7FB06
0033C
7FAE8
7F8E9
7FF89
00733
0083D
7FCA5
00580
0006C
7F9E7
0015B
00665
7FA01
7F929
00397
7F94B
00799
00039
7F582
0070D
00381
0022A
001F1
0014F
7FD1A
7FF16
7FF3D
004D0
7F785
7FDC0
00050
002FC
005F6
00B8D
00DDA
00DB5
7F3D7
7FE42
00D0F
0016F
00220
00604
7FBE6
7F878
7F600
008FE
7FAA3
00F47
002E0
00209
7FEB4
0062D
00177
7FEEA
7FAF0
7F394
7FA3A
001D6
7F363
0050D
00165
0033D
0034B
7F726
7FE6B
00057
0031E
0079E
7F6AA
001C9
00669
7FEE5
7FCC8
0089B
010ED
00009
0016A
0096C
00221
7F35A
0016B
005DC
00661
003B7
7F6AC
7FB1D
00146
00933
00C2A
00335
7F568
7FDCE
7FFAF
007DB
7ECED
7FEA0
7FC56
003EA
7FA5D
7FB17
008AE
7F69B
00EBA
7F873
0036E
0020F
7F750
7F826
7F600
0039A
00916
7FF6B
00C46
7FECF
007D2
7F121
00369
004DD
7FF62
7F385
7FDD2
7FC98
004D2
7F56E
00FFF
005D2
00191
013E7
7F56F
000CB
7FE7F
00003
00369
0047F
7FDBC
7FE62
7F8C9
003D2
00054
008C4
005FF
7F80C
00191
7FE74
7FF09
00269
006E6
7FD26
00096
7FE72
7F2E9
00849
00A2C
00090
00E4A
7FFF4
7FC00
00921
004C1
7F963
7FF41
7F8F1
7FD1F
7F856
00094
008EA
7FF04
7F5F6
00F35
008BF
00236
7FFEC
7FC00
7F988
7F80B
7F07F
7FE7E
00A75
7F742
7FD95
00595
000E2
7F81C
7FCBE
00B96
00E08
7FB1F
7FE8B
7FD95
7FD0D
7FA9F
7FDCA
7EDF5
0042D
7F8FA
00032
7F78E
7FF61
00323
7F423
00328
004B9
0060D
00CD9
0087C
7FD68
00CE9
003D6
7FE05
014A2
7F51F
7FF4F
00C8E
7F5CB
0116E
7F61F
002AA
7F495
00610
00288
7FE79
00F05
7FDB9
7FE02
0000C
00152
0031D
00703
7FD6A
7F993
7EDEA
00725
0033A
7FB89
00A18
00314
7F800
7FDE8
7F544
0039F
7FF50
008EF
00340
00481
00F3B
7FCE7
008AE
00465
0008A
7F9C2
00538
0066A
7FA57
7F8C0
7F955
7E7C9
7FF95
00529
00B91
7F575
7F787
7F367
7F388
00442
7FA87
0090A
7FF9E
7EF4A
00BFF
00020
7F74D
000B4
00C43
00101
002E2
004FC
00030
7FE06
0019F
7F7E1
00A8C
0045A
00AA6
7F8BA
005A8
7FEEB
01121
0033F
7F269
00B7B
7FBF3
00B6C
7FA54
7FB5C
00850
0038A
0018B
002F9
00896
0048A
7FC00
7FD07
000A1
00720
7EF60
00464
7FD80
7FB5A
7FA52
00820
00122
000BF
7EF5E
7F00A
7FE58
7FC6D
7EFB1
00528
7FF18
7FC07
012F3
7FBB7
7FB38
7F8B8
00230
7FAB7
009B4
00005
00B5A
01502
7F88F
7FEF2
7F785
00AD9
00A1B
001F7
0037D
7FD52
00198
001BA
00125
7FE63
7F368
0028D
7F7F5
7F9E7
00270
7FE22
7FA25
7F630
008A8
00624
7FD71
7FD0E
00CA5
7F524
7F399
7FCDD
00BF2
7F967
7F8FC
7F6E5
7FEBE
7F9C7
00000
7FAA2
7FB31
0036F
00A5E
008C3
7F8E4
7F702
007A8
7FF07
00952
003A0
003C8
0055E
7FED9
7F964
7F800
0025F
00588
7FC8B
7F469
009D9
7FFE2
006FA
005FF
010B7
7FFF2
001C1
7F612
7F579
7FE04
0023A
00001
00753
00649
7F28A
00D6D
008CD
7F7B2
0008C
7FC58
007E7
0030A
002E3
000B6
7F58D
00710
007F3
7F801
7FFF3
00355
00618
7FBCB
00216
7F9E1
7FE6A
00600
00410
00959
7FF20
7FD74
01217
7F1BC
7FF7D
00A00
7FA77
7F301
009B2
7FF92
00114
0063A
0026E
01162
004F6
7F71E
7FD1D
7F02A
006F6
0027C
00EF3
7F7D9
7FABE
00F8E
7F0E3
00F29
0009B
00374
00418
005E0
7F3B5
7FC00
7F867
7EDC2
7F954
7F47B
7F564
7F347
00DD1
007D3
7FC53
7F3F9
0064E
0044A
0028E
7FC9B
00109
7F908
7FEA1
7FE59
7F7CF
00EEC
000FE
7F765
7FE00
7F5F2
00B1A
7FC23
7F794
7FD8F
7FE1C
7FB03
7F74D
004BC
003A3
7F524
7FFB9
00504
7FBED
00800
00074
7F2C5
7EB93
00238
7F931
7FC3E
7F9BA
7FD40
7F93F
7FDAA
009EC
00ECC
7F562
00613
7FE14
7F8EE
7FEF3
7F91E
7E5FB
00D13
00915
7FD2A
7F6BE
7F651
0090D
00282
00187
7FDF6
7FF7D
0078A
7F524
009FF
7F813
004DD
7E9BC
7FFA9
0054F
7FAA4
00374
7F428
7F4B9
7FC62
7FC8F
005D4
00C39
7F2F0
7F8F5
7FE95
7FD0D
7FC81
006CA
0103D
004B4
7FE0B
7FA26
0027C
7FACE
7F8C1
0027E
004C4
001D7
00416
00F63
00400
7FCEF
00217
0026C
7FB67
0057D
7FCFA
7FC88
00C00
00027
7FFE6
0072B
00314
7FCD7
000BB
00BF3
7F3D5
00C3E
00277
00955
002DA
7FA4B
00551
7F57D
00313
004CD
7FCCA
001E4
00796
00354
0083D
00A1F
7FA59
7FA9F
00542
7F911
00255
00A6E
00A21
7F84F
7F5A2
7EB24
00A04
7F9D7
00F6E
7FCF6
7FEE4
007EA
7FA96
006DD
00401
00BD7
01BF9
7F28A
7FB91
7FC44
0004C
7F3BD
7F1B2
7FE25
01063
7FDC0
00174
00CD1
00200
0034F
7FE4B
7FA95
001D9
0054D
00728
7FEDE
7FF69
01000
7FD46
00E6D
00076
7FF2F
00D08
7FF79
7F002
7FE82
7FBCE
003C8
7FF3E
00178
00ACB
003C0
7F9C1
7F421
7FAFF
7F10B
7FBB0
7FE55
0036F
7FE5B
001FF
00574
7F0B9
7FAD6
7FE28
7FE1B
7F4CC
00F9D
7FC95
7FB60
7FECA
0013C
7F78B
7F74E
7FBF8
001B0
003FF
7F821
7F78B
00BBE
000C4
7F00F
7FB9A
7FD28
0023E
7F11B
7F69D
00A5C
7FC51
0063F
0013B
00117
00600
00F1F
7ECFB
0063C
7F6C9
0011F
7FDEE
7F7FC
7F7A0
001FF
003BC
7FE21
00602
00163
00295
7FB51
002ED
7F6E8
0045F
0028F
0022C
7FF61
7FA7D
00459
00AFD
003E7
00E58
7FA10
7F168
7F560
00ED5
00187
7F347
7FBA9
0018C
006DD
7F9F5
0040C
00A5B
7FCED
7FBCC
7FB36
014FA
7FB69
7FFDE
0044E
7F33E
000E6
00138
0006D
7F29F
00433
7F7A9
7FF20
00D1F
0021C
7F29C
7F561
7FBF4
000E7
000D3
7FBAE
0127E
7FFC9
7FA00
7F6AF
00687
7FBD3
003A7
7FB1F
00D0C
005E6
005AB
00486
7FAC4
7F857
00628
00DFB
7F500
7F96B
00000
00B14
00420
7ECE8
7FA28
7F90C
7F4C7
000DA
004C7
7FFB3
003BF
7F571
7F962
0006B
00347
7F99B
7F601
7F6EC
7F97D
008B4
7F1DA
00DD3
005A0
001AB
00879
002A2
00164
0066C
00E4D
7F17E
011D6
001AC
002D3
004B1
00A79
0093C
7E6DE
005C3
7FE06
7F8BC
00426
00653
005B5
00A48
7FBCD
00B73
7FBCB
006FF
00200
01EBA
001CA
002FA
7F6F9
00015
00EB5
00021
002E6
003F3
7F907
000DE
00667
7F831
7F21F
7FD74
7FBFC
0032A
7F98A
0076F
7FF88
000DC
01421
7F97A
7FD39
00033
00BE1
7FE31
7F8D7
7F965
0089D
7F7CE
0043D
7F885
0007D
7F9DB
005DE
7FD48
7F811
00FC5
0034E
004A0
7F5AF
7FFB5
0057B
7F727
7FC27
00629
7FC2D
000CB
7F91A
7F447
7FF08
7F653
7FA93
002D1
009F8
000B6
0013B
004CF
0012E
0094E
7FD3A
7FE3B
00200
7FD16
7FF35
7FDB0
7EF3C
001F1
7FE7E
0072B
7F147
7F133
00185
0003C
7FBE8
0003E
00CB4
7EC23
003FF
7FB32
0040B
7FB09
7FA24
7F4ED
7FB6A
004A9
7F6EF
001D4
7F62F
006B2
00FF3
004BC
7FD7F
7F57A
00200
007FB
7F2BB
7FACF
004C3
00312
7FE74
7F85F
00ABA
7F917
7FE56
7FC2E
7F4CA
00229
7FAB0
00AEB
00000
7F46B
00554
00659
7F9E0
01160
007A4
00A93
00511
00890
7EEA8
00302
7F75B
0042A
7FB1C
004B1
00C00
7FE5E
7FF68
7FA1C
005B1
013AB
7FD2D
7F3F1
7F8C4
7F17B
7F687
7FF06
7F251
0042B
001F1
0097E
00DB0
7F234
00A9A
7F1CF
00128
7FBD2
008D3
7FE20
7F441
7FB89
00D85
7FFA1
0024F
7F7A1
7FFA7
7EF7C
7FD2D
00545
007B9
7F6AB
7F666
003C2
7F4B3
0008B
7FDCE
00B7C
00C83
7F4FF
7FA91
7F9E9
0009D
7FCFF
7FC7F
7FA51
001DA
00125
001F2
7FFDD
0049D
01063
7F954
0044C
006BB
0002D
0002E
00862
7FAE0
00335
7FA00
006DA
7F96D
7FBC2
003DE
00197
7FDF0
7FC7F
7F4EB
00EA7
001D9
7F664
7FE60
00CBA
7FA64
7FD2F
00001
7F7E0
00001
7F9C5
7FDA0
7F2F1
7FCCE
001E5
7FCEF
00184
0030B
7FCE8
00167
7EF12
002F1
002A4
7FA02
7FAA3
006CF
7FB2B
7F7AD
003B8
00E50
004AD
00496
010FD
00048
0120A
00532
7FB03
00228
7F6E5
7FD2C
00901
7F830
0061F
7FB4E
7FCB8
7F8AC
0022D
00763
00D92
0099E
7FCD2
7FBF5
7FC1A
0016A
002CF
00E00
0026E
001FE
006B1
00522
00A1C
7FF59
00D1C
00E01
7F535
00F1E
7F57F
003A7
7FA13
008C4
00BC9
7FE9A
7FF82
00137
7FD7F
00705
7F489
0036A
00A2A
008B5
7F631
00A06
0016A
7F5DE
7FF9A
7F886
7FF5D
009E5
007B6
7F95C
7FC18
00BAF
7FCCE
7F560
00083
7FF3B
7FBC9
00C1B
00F10
7F9BD
00D8A
7F821
005C5
7FB18
00A95
7F7B7
00001
7F963
00592
7FB7D
7EC97
00829
00289
7FB19
00055
7FE49
00249
0063B
00E8D
00800
7FF29
005FB
7F9F6
001C4
7F2BF
00A7D
007AD
7FFFE
7FB33
0020E
7F579
00F83
7F660
0095C
7FD06
7F400
00CDF
01116
00C32
00DE9
7F4F3
7FAC9
7FF6A
7F659
7FD0E
0033A
00D39
00519
0066B
0007A
7FA4A
7F802
7FF36
7FDF9
7F904
7F895
7F5BF
0003D
00D03
00002
0041B
00A9C
002EE
003CC
7FFFD
005C1
00D1F
00400
003C8
7FD4E
7FB50
7F7BF
001C2
7FCD5
7FF9B
001A7
7FB3C
00DC3
00FE2
7F797
7FD6E
7FE11
7F7D9
7F800
00DF2
00026
00757
7F9AE
7FEA2
7E5C5
00016
7EF8B
7F82D
00414
005E1
7F56D
7FE17
00754
003FF
011F6
7FE16
7F72B
7F8E3
001C3
0143B
00874
0042E
7FA6B
00541
7F88C
7FF46
7FF90
00130
00A3C
00549
7F345
00A72
7F294
7F92E
0061F
7FFCC
00404
7F7E9
0024B
00151
00079
7FAFC
7EE93
7FBF2
004AB
7F743
7FF6C
7FD8F
7FBAF
7F849
7F72B
7FD06
000CD
00D91
002EF
7FC9F
006EB
00B4F
7F81D
7FD71
00931
003EF
00600
7FF57
7F609
0036A
7FA30
7FECF
7F8B1
7F521
004C6
7FC9F
00468
007A7
00619
002FE
7FD40
00396
002D4
7FD41
7FDE0
0046C
0065B
7FB01
00039
7F88A
004C7
7FFEC
7F46C
004FB
00321
00FE3
7FBC0
0069C
7FE00
7FC6A
00D8B
7F6E2
00181
00C6F
7FDE3
7F961
7FBDC
7EEF3
00894
00176
7FE54
7F3C3
0086F
7EAE1
7FA58
7F1A0
00468
7FEB6
00B77
7FFAA
0085D
0092D
00425
004D4
00D09
7FBFA
7FA83
7FD90
7FA6B
000FB
00E00
00753
0010B
7F1A1
7F5CA
7FCD0
00454
7F800
01195
7F497
7F761
001B7
002CD
7FF82
00DD9
7FE2B
00476
7FB9F
002F0
7F9FE
7F795
7FCE1
008AC
0096A
7FF27
00759
001F4
7FF63
002F9
00928
7FC78
0053D
0043D
7F44D
7FDF6
00636
0063D
7EFE9
001F1
0038B
00C9A
7FC6E
7FF6D
7FB82
7FF2B
002B8
7FAEC
00D02
7EF1E
7F899
7FE3D
7F850
7FD8C
00106
0048E
7FB49
008B8
00354
7FEA7
7F885
7FC73
7F34A
0065C
000FB
7E600
003AB
003F1
7FB28
7F6C0
7F540
7F9BF
002F6
0067C
7FA71
009E7
0027C
00940
00702
7FAE4
003E4
7FA01
7FF94
7F352
0096B
7FE2B
00784
006A2
7FBF2
7FDFF
7F0AB
7FF9E
00299
7FB58
7FFBE
7F5A1
7FAEA
001FF
7FB1B
7F880
0038B
0066D
00271
003FD
000A7
7F585
00A71
7FB37
7FAAF
7F994
00110
7FE7D
7F6D4
00600
007B5
7F749
7FECC
004A9
7F8EE
00499
00CA2
7FE00
7F912
0043B
0049D
001D5
00B5C
7F80A
7F2DF
00A00
00625
000DB
00B0B
7FCEE
7F1D0
7FA54
007A8
7F565
0032F
00B41
7FE79
0042D
7F3DE
00387
005EB
7FA54
00605
003FC
0058C
00781
00CFB
7FC50
00336
7F65B
008BF
7FB32
7ED93
7F731
00620
00092
7FCE7
005A7
7FE9F
0074A
7FF32
00F5B
7FCF7
00287
7F15B
7F5EC
7FCDA
7FDFD
7FEC8
7F79F
7F3E8
00036
7F2EE
7F90E
006BB
7F655
7FB6C
7FFEE
7FB36
7FA06
0004B
005A2
00C8C
00531
004FB
7FB39
0057A
001BE
004F9
01200
00481
7F959
7F510
00A40
7FA88
004A5
008DA
7ED16
00509
7F727
00B3C
7FEB6
7FA26
00BB8
7FEE2
002D5
00744
0063E
00DAB
00267
7FA18
0066A
0038A
7F24F
00379
00DEC
7F771
7FCD2
0077A
7FE35
0052A
7FA01
7FAF1
7FC40
00795
0020B
000F3
00743
7FCFF
00159
00553
008A7
002DF
00C7A
01268
01179
7EE38
7F4B0
00183
7FE89
7FDB8
00399
7F2B6
7FE53
00412
7FC7E
7F4AE
7FEF1
00FE7
00783
00B00
7FC9C
00741
7FE00
7F746
001DB
7F8A8
0014C
00A78
010BD
00265
00984
00153
7EF3D
7FED8
00E16
7FD83
7F092
004C6
00DB2
7F94E
7F394
0063C
0048C
7FA6D
7FE8B
7FBC5
7FDF8
0078C
0057C
7F6E5
0057E
00087
00BC4
7FB03
013CC
00691
00C54
7FCF5
7F61A
7FCF8
7FED6
7F63A
00794
00311
005D6
00554
00494
00BE8
00863
003CA
7FA97
002C1
00884
7F45D
002DE
7EC64
7FE9C
7FC31
7FB31
7F4BC
7F481
7FC70
7F9FB
0003F
0067D
7F56A
00600
00AAE
00714
7FC86
00A16
004D7
00BC0
7FD91
7F7C3
7FE5B
0062E
001CA
7FB17
7FA96
00771
7FBAA
00BFF
00D07
7FE21
7FAD7
7EF57
7FF72
0001D
7F869
0043D
7FBCA
00002
7FA95
0069E
00586
7FBA7
00913
00200
002F4
01634
7FE92
7FB92
7FD1D
0041F
0007B
0003F
001D0
00B51
7FE2D
004E8
00C4E
7F322
7FDCE
7F401
0037D
00A3B
7F65A
00B00
7FD6B
000FB
7F409
7FBC3
7F5E3
008D4
0092E
7F961
004C4
7F8CD
002F8
00000
00F94
01101
7FA8A
002D8
00490
00BF7
00F63
7FF1E
006E3
7FC65
7FE84
001E6
015B7
7F924
00688
7FA98
7FA8C
00128
7FDF2
01252
7FC9B
7FAB5
7FF1F
7FB50
00526
7F754
00287
7FC18
0084B
7F22A
7F9C1
7FD2C
008AF
7FAB2
00531
7FC30
7FB74
7FCEA
7FCC8
00E46
7FA71
7FFA4
0038A
7FD6C
00570
7FB0F
7FACE
00073
00381
7FB6E
7FC4D
00C7C
7FFD0
7F0D2
00929
7F7AD
0046C
7F047
7FB9E
7EA1D
7FC2B
004E1
7FEA6
00800
00120
00BB0
00A0C
01066
00801
7F62C
7FB2B
7FD13
003E7
7F854
0086E
7F8BD
003B4
7F475
7E9B0
01263
001EF
7F803
7FE0B
00287
7FF1E
7F7C3
7FAEB
7FB17
7F75C
00076
7F68F
7FD70
00008
0095F
0048D
7FA00
00714
003AE
0023C
00078
00E3B
7F9B5
0006B
0035F
7F48E
7FA7D
001F9
7FA3C
00082
7FE40
7E872
00CB9
7FFE9
7FA03
7FD38
7EE72
7F349
7FF47
00EC9
0069F
7F725
7F660
7F7BC
7FC9B
00172
7FE45
001E8
00400
012AA
7FECF
7FC6B
012EA
7F8E4
01341
7F357
00548
7F040
7FFD2
7F0C5
7FA41
0003D
7FD49
0031A
002EE
7FE9B
7F5A7
7F2F6
7F929
003D6
004F7
005C6
0035E
7FD12
00260
7FAF8
7F6AE
00A57
00D57
7FE80
0043F
7FAD7
00C25
7FF1F
7F9D6
7F76C
7F577
002AB
7FD2F
0006D
00367
00030
00383
00609
003BF
7FC54
00E74
00B92
7F0F1
7F56B
00158
00227
005B7
002CA
7F924
7FF52
00C40
7FFE5
007E6
00596
001A8
7FC03
00000
7FC74
00A23
7FC3D
00620
00754
00221
7F50B
00511
0039A
00CAB
00153
00567
00349
00A97
00639
009FF
00A09
7F62A
00385
0011F
7F6BF
00D42
0040F
7F9C2
7F8A8
7F208
00F34
7F894
7FB31
7F790
016FD
007FF
7F885
000E8
7FE4A
7FB0B
7FDED
000C4
7FF1D
7F6EE
00916
7FEBF
003FE
7F96D
7FB98
7F99C
7FB5D
7F600
7F7DE
7F6CC
00EF0
005B4
00475
00324
7FD38
00240
00F14
7FA8F
009C9
00099
7FA28
000EC
006A9
7F800
00A56
01351
7FD83
7F4DE
00DEA
003F9
7FC95
0077C
001EA
00B8C
0023B
00749
01103
7FDD3
7FD4E
7EBAE
7FA25
00739
0082E
7FED1
005CA
7F8D3
000A8
7F9FA
7FEF2
7FA60
7FC78
7FEDC
7F017
0043D
002FE
0043F
7FE8F
0056F
7F66F
0039C
7FD22
00711
0002F
00911
003A5
0091B
005AC
7FB47
00869
0086D
7FCB4
0055C
7FADE
7F83B
7E7AB
7F9DE
001C1
7F5F1
7FD2E
7FF42
0024A
7FAA0
0044F
7FE3C
7FCEC
7FED6
7FBC7
00200
0065C
00579
00471
7FB40
0015A
00775
7FE45
7FCC3
00080
7FDCF
7F4F9
0000F
00A6B
00919
0040F
7FD2D
0080F
7FEE2
7FEDF
7F1F7
7F59D
00328
7FCB7
00736
7F8B0
009EC
0045C
7F7F2
7FD65
7FE58
7FF01
001FF
7F99D
7F9A4
7FA48
002A3
7F9F5
002C8
7F561
007D6
7FB4C
7F91F
0036A
7F2F1
009FE
7F778
0003F
00000
003DA
7E5C0
7FF96
003A2
7F5D7
00454
00A20
7F3D6
0014C
7F565
7F253
00E01
00036
00852
7F229
7F600
7F401
7F554
005CC
001CD
7FC4B
00083
7FE35
0002F
0085C
7FCCE
7FC05
7FFEB
009FD
7F9E7
7FA1B
7F789
7FC1A
006C5
00206
7FB26
7FCB3
00A6F
7F6DA
003F0
003EC
7FA8A
005CD
7FE16
0046A
7FE90
7FA2B
002D4
0007C
7F63A
00AEE
00990
7F6B4
7FE9C
7F136
7FD30
7FB81
00676
00FF4
00036
7F461
00D65
7F8B2
7F6A3
7FA44
00CD6
00391
00524
00532
7FC84
004C4
006E1
7FE79
008A5
7FCC8
00662
003A9
00F7C
004DD
00800
7FE7A
00809
005DC
7FA54
7F741
7F60C
7FF4E
00BE5
7F684
7FA2B
7FD17
0016E
7FE76
7F889
7F6BF
7FE00
7FEAD
009DA
7F6D2
7EF10
00741
00062
7F7F6
0023E
0091C
005F7
7F348
00095
00E81
00B83
00A0D
007FF
7FD8C
7F379
7F757
013D1
7F63F
00327
00835
7F81A
00502
0015F
7F45A
7F968
000B1
7F552
007B6
001FF
7FB82
00DF1
00321
002CD
7EA05
7FE6A
7FF82
7F9C3
7F52C
7FB2D
7FD84
7F499
00394
7FEA3
7FF21
00800
00A79
0036C
00BD2
00097
7FCAD
0015F
7F89B
7F52F
00400
00EA0
7F1E1
7F82F
7F909
7F96D
000F1
005AD
7FBC4
00A0D
008F0
7F524
0056D
7FB9F
0086C
00320
7F706
00358
0008B
00960
7F906
7ED42
7FAA1
7F784
00258
00114
7FE26
7EF4C
7FBBA
00712
7FAE4
7FDBE
7EF95
7FEBC
00A3A
00FBE
003F7
00B87
7F6A6
0064D
7F964
7EC52
001E5
00366
7FDBE
7F8DE
7F912
00B19
7FFA3
00873
0069C
7F6E0
7F815
7F3EC
7F6EF
7EE00
7FA40
01743
00196
7FF48
0049F
7FABE
7FBF6
0090D
00AD4
004CB
7F9B3
00160
7F800
7F517
7FC9D
0016A
7FF61
7F54C
00D8C
00A42
00523
7FFD4
0087C
00CEE
0072E
7F8B3
00C0C
7FB39
00CE7
0102B
0073F
7F801
005DC
7F891
003B1
7EF17
002B7
00513
00DED
00B68
7FF2C
7FE87
000BC
00794
7F4C7
7FE0A
7FE0E
0043D
7F59E
7FDBF
7FC69
00059
0050B
7FBBC
0037C
0055B
7FDAC
7F52B
00968
7F3C5
7F42E
7F789
7F71F
7FA00
7FCC3
008C1
004CD
7F61A
7F9C6
004B6
7F8CB
7F844
00961
7FA0D
00018
00171
00E4A
008F1
001AC
00360
7FC23
7FB84
0057A
0076B
00134
00213
7FB63
0137D
7EE7F
008B2
7F1F0
0024E
7F9E8
00015
0061E
01260
00584
008B2
0012E
7F2D4
00267
014C4
7FE04
7FC5B
7FCF3
7F4E3
00136
00979
7F46B
7F9AA
00CA3
7FD12
7FDE6
002AC
7F257
011BA
7FB92
003D0
00674
00D81
00C8A
7FAAD
7FE18
7FDE7
00006
00296
0134E
7FA00
002A5
00205
7F304
00476
00969
00412
7EEB2
7FFFF
005F6
00744
00669
7FD53
01202
7FE7C
005D0
7FA02
7F990
7F414
00C62
7F7D9
001D0
00870
7F34E
7FA59
7ECAD
7F53C
7F4FE
7F65F
7FF4B
7F516
00436
009FF
006D9
00112
7FF76
009B0
7FD26
7FA67
7F6C3
7FFFF
0066F
7EC26
7FDA7
7FB2A
00518
00535
00338
001FF
7FDF5
7F8D7
7FAF3
7FA04
0007D
7F918
00602
005A9
7FF4A
0075B
7FD25
7F127
0075A
00739
003FD
00000
7FF6D
7E7A1
7F6DB
7F354
009C4
002CC
0023F
7FF2C
7F3E3
001C5
7F7EE
00159
7F26A
00AC1
00EEC
7FDD6
00A1D
7FC44
00320
015A7
7FC24
00437
7FBB9
7F9A9
00047
00170
7F6C4
7F650
7FD2C
7F66F
7FAD6
7FD2C
0000A
00810
7FBEC
7F19C
006E3
01C80
001E2
7F42F
7FFFB
00721
7F472
003D7
005DB
00402
7ED71
0053A
7FCDC
0007E
008A7
009E0
003CC
007CA
0079A
0004B
7FC66
00165
004C2
7FCC3
007EA
7FC38
7FBAA
7FC00
7FB1F
7FE9D
00230
0038C
7FA41
7FAA8
7F6CC
7FB69
00B6A
007EE
7F89D
0059F
001EE
000FE
7F648
7FD2C
7FB50
7FE64
7FD8C
7F05D
00220
7F75E
00786
00E25
003A1
00ECE
7FDC2
002C3
7F701
7FF4A
006FE
7F801
00DC1
7FD38
7FBFC
00798
00598
7FE0D
7FC4F
7F4EB
00D37
0001E
00295
7F66E
008B2
7FE6B
007AC
7F785
0041D
7F68F
00743
7F326
7F6A5
008EA
7FD74
7FD33
7FFCA
0006F
7FD85
7F65B
7F77E
00139
007BF
00000
00D90
7FAE9
7FCBC
7FB92
0064A
7FC98
7FDF8
7FEE4
0030C
00D8F
7FB7A
7FBC3
00574
009DF
7FE85
7FD42
0013A
7F158
000F3
7FA5A
009C6
7F5E8
7FECA
7F7A3
7F180
7F5F1
00094
00123
7FD05
00151
7FB33
7FBC1
01611
7FBF8
0095B
0044D
7F9B6
00626
7FF86
7FF9C
00221
7F109
003B4
7FF04
00941
7FEB8
7FFC3
000C4
7FFC7
0016E
7E6A4
7FBC6
00254
7FB6A
002DE
00A02
00500
7FFB4
7F37D
7FA8E
00023
7FDF0
00179
00800
7FF51
7FA69
7FB3D
000D3
7F8E2
00B64
004B0
00895
7F88D
007FC
7F1A9
7FFE5
7FA41
7FDDB
0040E
7FE01
7E974
00C2D
009BC
7FFF8
00881
7F97C
7FAA2
7FF6A
0025C
00579
7FF07
7F9CB
7F96D
7FF34
002F5
7F402
0093A
00F3F
003FC
7FBDD
0043B
0061E
7F946
00B69
00A78
7F65D
7FC61
005C1
7FF4C
7FA6C
00BC5
005FF
7FF3A
7FD7C
00BF5
01356
00080
7FD00
7FEC1
7FC96
00964
7F8E0
7FE08
0008B
006E9
01083
7F5E0
00600
7FABC
00875
7FC44
00E24
7FB1A
7F59A
7FB6A
7FF28
7FA3C
7F94D
7E7AA
0079D
7FA98
00607
004D7
001D8
7F7BC
7FE94
7F7B3
00262
7FD86
00894
002C4
00777
002F2
7F82F
7FDF0
7FBCF
0010D
010BB
00E43
7F8ED
7FDA7
00902
006A7
00B03
7FD72
00F30
0075E
0045E
004F1
00069
7EFC4
007A8
0067D
0006A
7F2B3
7F87A
00BC5
7F1D6
7FBDA
7F184
00926
7FEEA
0062A
7FC26
7F576
005CE
00481
7FF8A
00283
00686
7F36D
00400
7FF97
7F25D
7FAF3
0065F
7F266
7FFD6
7F52A
014A3
7F59B
7FDFC
00D93
00227
7F817
7FAA3
7F8E2
7F4B1
0052E
7FE13
7FD12
008AC
7FDF3
7F9EC
006DC
7F630
007F6
7FE17
7F7CD
7EEEB
7F969
7ED9C
7FE75
7FC00
7FB96
004E3
0054A
7FD0B
00A95
7F644
7FBE2
7F321
006E6
00789
7FB7B
7F6EF
7FFCE
00302
7F1A5
005A7
0049A
00314
001B5
00464
00C7E
7F4D4
00B8F
00D3E
0058E
0007A
7FD5A
7FB69
00E5D
7F9C3
7F99A
00E00
007A9
001A1
7F94E
7F107
7F36B
7FC82
7FF72
00002
00758
00772
7FDE1
7FC83
001CE
00495
7FF59
7FDB5
00246
7F706
00BE1
00625
00741
00008
008AC
00314
7F622
00489
008E8
7FCF3
00850
7EC0B
0080D
7FE96
7F5BE
7FA0D
00297
003B8
7F2F8
0063A
7F84B
00516
7FB9A
011D5
7FD86
0071F
7FCE8
003DB
00B95
00052
7FF66
7FA14
0132E
01B19
7FA8B
7F5FA
7FA12
00565
006AD
0046A
00B1A
7F8DA
009A2
003C2
7FB2E
01400
00D97
7F0EA
7FD2C
0032C
7EDD0
00A8A
7FDA9
7FCD5
7F9E7
002FA
005D6
000B4
7FE56
7F8FB
00740
007FF
7F291
7FBB4
006E4
008D3
00678
7FCF2
7FE1E
7F45A
00372
00781
00960
00122
00913
7FA96
7FDB6
7F801
7F347
00835
002C6
0032C
7FD56
7F74B
00169
7F72D
01074
00484
7FFD5
7FDA4
7FB27
005CB
7F223
003FF
7EA03
007DE
7F80A
008D4
00361
00938
7FF08
7FFA8
7F972
00450
00D63
00885
003C2
00EA2
0115D
7F400
008F1
004A1
011B8
01733
7F837
00162
7F5D8
7F0A2
7FDEC
7FD9C
005A5
7FA6D
7F056
0097B
000A3
7F715
0072A
000DE
7FD05
7FFE5
00AAB
000C0
010BC
7FB10
7F188
0061B
7F612
00195
002AC
002E5
7FD23
7F786
00450
7FD9D
01367
7F5CE
7FB9C
00C70
00B1D
7FC64
7FB1A
7F833
009C0
004D1
7FF34
7FB5D
003D9
003B2
01432
0040E
00A80
007DD
01167
005BA
00244
00487
7FE8D
7FD08
00402
00694
00818
7FEDE
7FD2E
7F000
7FF1B
7FF60
00BC6
7FA6A
000C6
7F3BA
7FD61
7F84B
7F65D
7F49C
7FF68
00794
004D2
003C1
7F528
7F61B
7F8CB
009C0
00862
7F9A3
7FC04
00E5E
7F716
00786
7FCFC
7FDF7
009DA
7F3C6
7FB21
009D6
7FBCE
005FF
7FDE7
7F675
7F4FC
011AA
0027A
7FA63
7FC67
00785
7F8D4
7F424
001C9
7FEA0
00735
7FB29
006BF
00CB9
007C5
00868
7FA78
0177E
7FEE1
00908
7FF1A
7F84C
7F554
7FABA
7F8D5
004C5
005FC
7FB9A
7FD97
00E00
00A3D
007C1
0080A
7FB25
00721
7FFBE
7FAE1
7FA87
00F72
0081D
7FDB1
7F705
7FBF2
001EE
7F514
7F737
00DDC
7F04E
7FEA0
006F6
0023F
0024A
7FC7C
00BEC
00B01
000CE
7FABD
003D8
7F6B4
7FF4B
7F559
7FBC2
00749
004D8
7F472
00C70
7FBD9
00865
7F2BB
008EF
7FE2E
7FD58
00DB3
0098E
003A0
00681
7FCA9
7F3B4
00231
00BC5
00D2A
7FF43
003C8
00BE9
00DF2
007E5
7FC99
001D8
7FFE5
002D0
7FDC7
7FF61
7F2C5
7FA00
7F8F9
7FEF1
0014C
7F81B
7F57D
7EF17
0032B
00112
00724
00083
00669
00872
7F535
00677
7F127
007FF
00491
7FF46
00299
7F774
008D4
7FA5E
0045D
00D11
00DE9
00728
00782
0067E
00BFF
7F56C
00506
7F202
7FBEC
7FA2F
7FAF0
7F23F
00302
7FFB3
00951
7F2F0
7EE1F
006FA
003CA
00ADE
7FDA7
7EFB4
005E7
7FC01
7FE8B
0044C
0030B
7FE34
7F6AF
7FEDD
005EB
7FEEF
7F4D3
004AC
7FC68
7F631
7F927
7FC6C
7FD22
00400
00329
002F3
7F662
7EEE5
7F3D3
7FC72
00ADD
0032D
7F3DA
7FE89
00E69
7FC17
7F90A
00EBA
7F7DA
7FE59
00504
7FB70
7FEEC
7FC46
7FD4B
002FA
00258
0046E
7FC9B
7EA66
7FC2F
00010
7FD20
7FFC9
00683
00714
7F98D
7FD36
00EA4
000B2
00481
7F6F3
7F857
7F8E5
004F4
7FD26
7FF53
007F2
7EA62
7F965
7FBC3
7FE28
7FC73
7FF6F
7FF86
00151
7FA1C
7F7FB
001FA
7F569
003AD
0059A
7FF59
00CA2
7FA15
00DEB
0064B
00A00
002A9
013E7
00340
004B7
7F4C3
002AD
00D2F
0030E
7F9F0
0037B
00065
7F696
002DB
00DF1
0055B
00001
7FA67
000F4
7FF27
001A8
005AA
7FD3E
0005F
7FA25
7F40F
00DE8
004DE
7FFFE
7FA39
00574
7FE56
00200
7FC2A
00247
7F69A
01077
010B4
7FD61
7F629
00764
7F567
007D8
7F158
7F692
00547
7F09E
000E9
0087B
7EFBD
7F76C
00711
002CC
00169
002D7
7FF1D
7F93F
01187
7ED72
7FD0E
00585
006C5
0049C
7FE4E
7FA00
7FCBB
00AE7
00D4A
00AEB
7F5AD
00156
006DF
7FA3B
7F8AA
0079D
7FB61
7FB54
00910
00E68
00A77
006F1
7FE6A
01301
7F8C8
0006D
00ACE
00164
00979
00237
0029A
00079
002E1
7FC8F
7FBD4
00340
00205
7F785
003E5
001FD
7EBA6
00D63
7FD70
7FCA4
7F952
7FD78
00AD9
7FA87
7F4AF
0011F
00381
00652
009BD
005AC
7FA7F
7FBC6
00849
7FEEE
00A7D
7F9C3
7FFDA
7F280
00453
7FD73
00D44
000CC
00FC5
7F6C7
00280
00200
0029B
00038
0095D
7FA31
7FEA4
7FAEE
0085E
009A8
003AD
7FA26
7FBBF
7FE7A
7F5E1
00B40
7F8F2
00200
00128
7F6A6
7F6FE
7FA6C
001F8
7F1A8
7FF37
7F001
004A7
006DA
7F00D
7F133
7FDEC
0092F
7EDC2
00200
7FF93
7F9D3
00073
004A4
002FF
7F7E5
00224
7FE58
7FEDB
005F8
0060E
7F859
00B19
7FD4C
00A23
7F202
005FC
7FC01
0012E
7FEC0
00933
00CE4
7F315
7F001
00ACF
7FC57
0077D
7FFFB
7F8FE
00CE1
7F70E
00000
7F24B
00A25
7F1D2
7FDCD
7F91B
00886
7FFD1
00113
0006A
004F3
0069B
7FD4A
7F22A
7EB8C
0053B
7F737
005BA
003F1
7F7F2
00B29
7F8CA
7F8F6
00343
0060D
008A6
7F79F
7F28D
00EF5
0125E
00712
0019D
00711
7FFA9
7FC73
00754
7FB93
005C0
00546
00D0A
0014E
7FE7F
00783
7F601
00915
004C9
00254
7F9FD
7FCA0
00855
7F2E4
7F0D3
000C2
008E5
005B5
00572
7FD6E
7FD19
7F691
7FCC2
001DE
7FFF7
7EB83
0004C
7F600
0046B
0052C
006D3
7F85B
7FC14
00C46
7F4E6
7F622
7F773
7F7D6
00F55
00820
00419
001B8
00250
00F8C
7FB38
7FC1C
7FBFC
0073E
7F860
7FB8A
7F261
7F427
7EF19
7FC1E
00315
7FBA1
7F61A
0013F
00620
007FE
0030F
7EF15
7F923
006CA
7F4ED
00BBD
014B4
00CBE
7F79D
7FE72
009F6
0015F
7F7CD
0087A
7F407
0016A
00B08
0071D
002D6
008A4
001EF
00864
0013B
7FD41
004F9
7FF31
00669
7F903
00A7A
002ED
7F756
00A00
7FBFE
002FE
7F3A5
7FC1F
7F83A
0001F
0013D
7FF9A
00E63
002D0
7FFA3
00206
7F342
7F911
000AB
003B2
7FAEC
7F849
00532
006B1
7F92D
007B8
007A5
7F69B
7F97B
7FD8A
005BD
009B5
00B4F
7FF9E
00515
7F785
7F32F
7FEF2
7F8E7
00691
002A0
00892
7FA75
7F940
00EC5
022C2
7F994
003F3
0006D
7FCF0
008A9
00B57
7FC2B
7FDBC
0021E
00615
00342
7F7F5
00A10
7F8C6
0065B
7FE5A
00866
00332
000FF
00E63
7F8A2
00000
7EF21
01668
00B42
7F4A3
7FD65
7F7A6
7F166
0003F
7F5B0
7FE67
7F7BC
7FFA2
7F78F
00309
7FB3A
005FF
7FB2F
7EB42
7FCAF
00F2D
7FCEA
0011F
7F865
7FE96
7FC95
7F905
7FE4F
00083
7F9D5
7F84E
7F900
007FF
7FB97
00650
00D63
0040D
00024
00A85
7F949
7F7C3
7FE49
7FF60
00C8A
7F6B8
7FE04
00233
01296
7FA01
7F457
00356
7F7C8
00023
7FC8B
7FCB7
7F865
0016A
7FE97
7FDE5
006EF
00124
0103C
0027A
0071C
7FE00
0034C
7FD90
7FA51
7F137
7FF70
7F7FF
7FB53
0062C
001C5
001D0
7F559
0025C
00516
0078D
7F807
004EA
00700
7F8C1
0045E
00515
01157
00454
7FD33
7F6BF
0020D
00AC6
7FAFB
00617
00117
7F4DA
000BD
009E5
7FB21
7FB1A
7EE35
7FB11
00180
00344
7FA27
7FD00
00777
7F49E
7FE96
7FFA9
7F089
7FF74
7F125
7F651
7F309
0065C
7F5EA
7F503
7F90E
007D1
00AA0
00488
7FEF1
00622
7F652
00F8E
7FBAB
7F477
00A64
7EE00
00245
7FC4E
7FB00
00F6F
7FBC5
00094
00496
7FFAF
7FF80
7F5FD
00114
7F238
00701
7F641
7F874
009E5
00585
00354
013D5
7FBE9
0081A
0076D
7FC5B
7FC70
7FA43
004EF
7F871
00A45
7F3A9
003F6
7F49A
007FF
7F95D
7F7BC
7FC3D
0079D
7FB60
7FD91
0075B
00475
7FAF3
7F440
7FF80
004D0
7F2D6
0013D
00124
7FBC3
7F2BD
7FCE2
7FAD0
7FA75
7EA8D
7F6B3
7F74F
7F3B4
0096D
00823
7F189
7F3A0
7F62E
00D18
00A32
7FE00
7FC16
005B7
7F6EB
7FBD0
7F618
005FF
7F3FB
005E5
00181
00576
7FE50
7F7C0
0021C
7FB7B
008FF
002EE
00626
0013C
000B1
7FFA2
7FE68
7FD87
7EBE3
7FC1A
00425
7FAEC
004CD
7FF79
7F001
7F2BB
00926
00CB8
7F1C7
7F07E
7FDB4
7F3CE
00AAB
7F392
0012A
7FF70
7F654
7F082
00A02
7FCE5
7FC20
7F43A
7F740
00052
7FED3
7FDED
00BE5
00650
7FB01
7FCC9
7FCC3
00C56
0001A
014CD
00455
7F84D
003B4
7F90A
7F5B4
00600
000DF
00395
7F510
008D1
00178
00441
003F6
00A3D
7F43C
00704
7FA57
7F8C7
7FBE0
7F84A
00EA7
00FFE
005B8
0053D
7FCBD
7FD83
00D81
00121
00479
00768
002E4
00AB7
7FE6F
005D7
7FF05
7FB9F
7FC67
00201
0058C
7FC4B
00449
00604
00163
7FE0A
7F2B8
001C1
0037D
00654
7F0C8
7F516
7F2D5
006F9
00667
7FFFF
001FB
7F794
7FCBC
00BA7
0066A
7FFE5
7F962
00495
00745
7FB3F
7FD04
0044E
00B82
7F1CE
000A1
00200
00000
00207
006F5
01294
001F4
7FE61
008F3
7ECFF
7E9AF
7FDE4
00320
00460
008F8
00B4B
7FED7
7FA22
010A8
00400
012AF
7FA74
7F7F4
7F9D5
003D1
00346
00BFD
7F9CC
0082F
0072B
00295
7FC0B
00D28
005A8
0063F
007EA
7F95E
00A2E
7FB9F
7FE9E
7FD60
7FD3E
00E08
001E0
7FA32
00117
000AE
7F784
7FCCE
0022A
7F109
0093F
7F9C1
7FAC0
000AD
7FC27
000EF
7F832
7FB9E
0073B
007E9
00351
002EA
7F940
00A36
7F200
7F6CF
7FBF5
0052C
7FD3B
00364
7FC5B
7FD80
009AF
016B8
0023A
00BBD
7FAA5
7F494
013C8
01367
0016A
7F93E
00413
7F753
006AB
00CDB
000DF
00C0F
7FEC8
00206
7F595
002FD
7EBE1
00B75
0086B
010D7
003FF
007D2
00475
00E45
7F958
00387
00322
7F9BE
00279
7F3C7
004DA
002C8
7F572
7FEB9
7F635
7F9BF
0043D
7F6CD
7FD94
0085E
002C1
7FF3C
7FF3B
7F4D0
00827
7FFD7
7FC81
7FF1A
7FD70
00658
00308
7F3CD
7FA00
7FD1A
7FC0E
7FED7
7F7DF
7FAB5
7FB31
00260
7F952
7FA75
7F770
7F622
7FF57
7F152
7FE26
7F62A
00A22
007AE
01952
7F061
00654
00301
005DE
00193
7FC97
0005B
7F694
00097
7FADC
00A50
00C30
7FAF0
00CBA
00391
7FF07
7F27C
7FE61
004BF
7FA6D
7FAA1
00DD9
00A53
0036B
7F91F
7F4CA
7F84B
7FD97
7F406
000C4
00934
7FF85
7F0B1
007E1
7FE70
7EA9E
00783
7FC0E
00CE7
00CB8
7F9DA
7FDBD
7F82D
00AD3
00E3C
00600
00408
0072A
7F5E3
00341
0121E
7FF88
00566
00912
002BD
0069A
00B05
7FDA3
00645
0087B
7F7D7
00801
7FC98
00474
0010F
01046
00C5E
7EDE3
00276
7FD10
7FBAB
7FC2A
7EF9C
7FE83
0028D
008DB
7FE4B
7FE00
00A81
7FCD7
00822
7F96F
7F8B4
002FF
7F9E1
7FAEE
007D4
7FD65
00517
7F4B6
7FFF1
7FD91
00462
003FF
00287
7FF8B
00E93
00308
7EB27
7F0F7
0009C
7EEF0
0076C
007D6
00DEE
7FF25
7F995
7FFBA
007D2
00400
7F752
7FA9C
0103D
7FE21
7EE71
00741
00862
7FF5C
00BFD
7FDEE
0010E
7FCDD
7FD8A
7F3BA
0036E
009DE
00876
00198
7FD15
7F286
00A35
0043E
7FC0D
004CB
00B95
00E3C
003BB
7F666
0020A
000AC
00EFC
00712
7F45D
7FC2B
7FD60
00343
00CC7
7FE83
00843
003C3
7F157
00493
01559
7FD24
7FEB9
7FD9B
00428
00826
7FCCE
0086D
00A07
00553
7F882
00324
007C3
00446
004E9
00266
0000C
001FD
7F0FD
00213
7F89E
00600
7FA78
000E4
00CF9
0045F
7F1D8
00822
7F448
7F87C
7F6E9
00A14
7F70F
00145
005A7
7FCB1
00711
009E7
0088C
7FEBE
7FA9F
0087C
7FBF0
7FD65
7EEBE
0058A
7FB09
00462
7FA92
7F70B
7FA91
7F14D
7F651
00C00
00321
00383
0049E
008B9
000FA
7FD6D
7FE67
7F84A
00852
00E6D
000D5
00FDC
7FA73
0083D
007B8
7F61B
00473
7FB1F
7FB69
7FF28
7F827
7FA23
7FE02
0024C
0114C
7EE1C
7FD7C
00EC5
7FCB5
7FB3C
7F524
00400
7F6B1
006A8
7FA92
00A00
7F604
7FAD5
7FC61
7F937
7F101
00815
7FE88
00823
006EA
7FF42
7FF69
7FA75
7FA17
7FF4C
7EBDE
00F30
7FE25
00D22
7FE6A
00145
0031B
7F87D
00025
7FA92
7FE4D
7F89D
000A8
00169
0037B
00CAD
000DC
0050E
008C5
0082A
7F92B
000C2
7F91E
004D0
7F047
7FA28
00BC5
7FF7F
00356
7FA03
7F928
0026C
7FF10
7FDDB
00749
7F2AF
00335
00B9A
0027A
7F095
00A8E
00434
003F0
7F766
7FE0A
00200
7FE6F
00700
003E4
000E2
7F68C
0037A
00AD2
7FC97
7FA3F
7FCD9
7FDF4
005A8
00839
7FBC5
001EF
00002
004C8
00715
7F615
006F4
00D34
7FE49
0094E
7FB6A
7FC96
7F647
01154
00004
00738
011FD
00594
005FF
0057D
003AC
00651
7FC49
7F9AA
00B8F
0031F
7FF6B
7FDFA
000C4
006E8
7F784
7F956
7F4D3
7FF60
007FE
7FB9D
004DB
00544
7FBE1
7F824
7F2AD
7FD13
7F896
006DE
7F57E
00442
002D1
001AE
7FD6B
004C7
7F600
0028D
7F17E
003E0
00BF4
7FA6A
00185
7FEB9
7FF1F
00D77
7F6A7
7FD20
0010F
0026E
00B76
00A45
000F3
00AF1
7F7EC
003F2
7F56C
005CF
002B4
00484
001EF
7FDA7
7FDB1
005D5
0003A
00379
004B7
0000E
7F8ED
7FE99
7F9C5
006A8
00B84
7EE35
7FD0A
7FC4B
7FBE0
0051E
002E6
00745
7FB92
00821
7F69D
007F2
005FD
0023E
7FC04
7FDD6
7FF1F
004FD
7F76F
00F93
7F03A
7F826
7F8BD
7F400
0049C
00C38
00568
0060A
7FE00
7FE7F
7F242
00DDE
7F9F2
007B2
002B4
0016C
00517
0019D
7FE0B
7FF08
00562
00E2B
0093F
7F943
7F61A
00364
7FF83
7F9AB
7FB98
006B4
7F07D
7F928
7F272
00488
011DB
00962
00760
7F62A
00B4B
7F4FE
7FFFF
009B3
00A76
7FD77
00791
00138
00D99
01007
7F767
7FE66
000BE
7FD88
001EA
7FEC4
7F76D
00728
7FE96
00C55
00711
0019E
00291
7FED6
00AB9
003F9
7F1BA
00A0A
006EC
7F834
000DF
7F792
00393
7EE61
7F600
000BF
01617
002F6
00673
7F697
7FE36
001C9
7F743
00A48
7FA99
7FC27
00079
00167
7FEF4
0077F
7FB8A
7F9B6
7FF9F
7FDEE
7FFC2
00783
7DFDF
7F775
7FD96
7F985
00993
7FBAE
00F7E
00D25
002E5
009CB
7F8EF
0094E
7FA4E
7FD11
7F62B
00116
00202
00055
7F6A8
0079E
0029D
7FACE
7F93D
7F5E8
004A6
7FF23
00672
7FF8B
00546
7F810
00C32
0015D
7FEDF
7FB96
00B81
7FDA2
001F0
007D8
7FD1F
7FDE3
001DF
7FFE2
7FA00
0003F
001FA
7F6A8
7F8CB
00444
7F5A0
00BA1
7F52D
7FFAB
7F0DB
7FDC5
7FDC9
7F134
003B8
7F36D
005FF
00021
7FBDD
00113
009F6
00193
7F187
7FABF
003FF
0092F
0025B
7FB26
7FFBF
7FCAC
7E881
003B9
7F601
00B2F
7FF49
00408
7F7E7
7FF3C
006B5
00EF2
7FAD4
0039D
7FD4E
7FB62
7F890
7FFED
7FEBB
7EABC
00201
01386
002DF
7F920
7FD59
000BE
00224
00C01
00400
00661
00F7C
7FB85
001E9
7FA75
0050C
7F81A
00000
7F9FD
7FB69
0118C
7F601
001B3
7F884
00C75
7FEB5
002BA
00175
0039F
7FD5B
00359
7F754
7FBC5
00310
0054C
00CD9
7F81A
7F958
7F2BF
00855
002DF
7F356
7F5DD
0040F
00B54
00520
00A85
01277
00493
7FD2D
0020A
7F84E
0039B
00A13
7FD9E
00056
7F8F9
0016A
7F832
7FB25
00A42
7FE1B
00474
7FA00
00217
0162A
7FC81
7F100
0089A
7FBEC
7F923
000AF
0080A
7F95D
000A6
7FDFA
00AA2
7FA29
7FA0F
7FF77
7FF56
7FE00
7FD25
7FC7A
0073A
004E5
0011A
7EF86
001A9
7FF4B
00F5B
7F86F
00069
0035F
7FC24
00270
00707
005A7
7FC2D
7FD67
00671
7FB88
0018B
7F805
000F9
010C1
00727
7FFBF
7F8C8
7FE3F
7FDBA
7FBAB
7F521
001FF
002B1
7FE1F
00238
7FFDF
7FD40
7F47F
00BC0
7E42A
7EF9B
00634
00256
0038C
7F257
003BB
7EF5A
0087B
7F582
7F76F
00182
7FE01
7F736
7FEFE
000D3
7FC1E
7FB9B
7FFFA
004A5
00493
7FC65
7F7BE
7FF7A
7FE00
7FC8B
0186F
00906
7F593
7FFDC
0016B
7F5E6
7FF8A
7EB55
00D1C
7FDDC
001DD
0019B
7F960
00559
00390
7FB7F
7FAA8
7FE93
005BF
7F10F
7FF5F
00043
7F6E6
7FA37
009A0
7F940
004EE
7FCB5
7FB68
00424
7F345
7F7E7
7F21F
7FB7C
000AB
00DA6
008F7
7F30C
000F2
00877
00831
003E4
7F9FF
007CC
7F921
0076C
7F990
7F967
0048C
00144
7FD3E
0064F
7F9DF
00482
00540
00F46
7FB4D
00836
00D55
7F7BF
7F9E1
00ADA
7FA00
004A4
7FFF0
0004A
7ECFB
00392
00433
7FF7C
0092B
7FFA8
7F998
0033E
0027C
00588
7FDC8
7FF60
001FF
003B5
7FF26
7FFC9
7FAB7
01760
7EF5B
000C8
003FF
7F53E
00849
7F158
004E0
7F893
7F8A1
7FF1D
00600
7F6C6
0023A
00F47
7FFB7
0003C
008A9
001C4
00ED4
7FC59
0012E
003BA
7FA33
00709
7F731
00429
7FE00
00BB3
7FEB0
7FF6B
00897
00EE6
00A66
00414
003FF
00D52
7FCF0
7F8EB
00E6D
00760
7EBC9
7F739
7FE00
00AD1
006B7
7FEF4
7FED7
00944
7F9EF
7F56E
7FADA
000CB
00480
7F474
00CDD
0049F
00322
001B3
00D30
0040D
003CA
7F1BF
7FE25
00483
009BB
01013
002F6
7F9BB
00840
7FD98
00460
7FD31
0058C
00D54
7F61B
00A6B
002E9
7F8BC
00A63
0098E
7FD25
00C74
7FD9A
012A7
7F8D3
7F8F6
7FC8D
7F8A4
7F507
7F310
00A50
7F1BD
004FE
006FC
7FA84
7FF09
7F22B
7F966
00DC8
00DC6
7F697
0008E
7FEC1
00A27
00B31
00258
7FC00
00B48
00D52
7FE6C
7FC0B
7F76A
7F203
7FBD8
7FFBD
7F69C
0050C
7FC9A
0038E
000B6
7EF0A
0047C
7F4B1
00B43
7FBEC
7FFD5
00CC5
00C5A
7EF67
7FA1E
003B1
007AC
01037
0002C
00492
00A43
0027B
004B3
00400
7FCF8
0041E
7FA3D
7F057
005C4
00057
00588
7EA78
00BA9
0036A
7F708
7FCA1
7FFEB
7FA73
7FC27
005A8
0039D
7F2CA
7FC8D
002BB
7FEE2
7FF10
7FEC8
00189
005C2
00438
7F829
001C1
7FFB2
7FA21
00A45
7FE00
7FFE7
7F9C1
00336
7EA77
7EB99
7FDEB
7F812
7FA22
7F53D
000E5
0010B
7FFA2
7F76E
0152B
7F21F
009D1
00D21
7FF3F
7FFC9
7FA36
7FEB6
0070E
000E0
0051A
7FCFA
00385
7F81E
7FD9A
004F4
7F489
00713
00B4F
00740
7F515
7FB66
00397
007F0
00137
7F9A0
7FA90
00116
7FDE3
0041A
00918
7FEBD
00113
7FD3B
7F58D
001B8
7F8E3
002C7
003DD
7EFA4
00A25
7ED0E
7F3B0
00103
00794
006C5
0082F
004DE
7FA45
7F7D3
7F800
0073E
00CA9
0067D
00013
7FA34
7FEC1
00647
7F8EE
7FBB5
004D7
00D32
7FFA8
0081A
00264
7FCA3
00DFF
00326
7FC42
7FFD4
003C7
00891
7FB68
004E5
7F96B
00D5C
7E89B
7F7C8
0020A
7FFBE
7FAE4
0082E
003FF
7F701
7FCA4
00519
7FF71
7FC84
7EDC8
7FD62
00711
7FCB3
003FB
7FEA7
00583
7FC29
00C81
7FE10
00600
000F6
7FDC1
0023B
00CB2
00E61
004C1
7F9CD
7F699
7FC94
7FB45
00A02
008CA
009A6
7F986
7FF76
00200
001BD
7F545
00334
0061D
7FD43
00893
7FE4C
7F6FC
7FD97
7FF33
7F783
001E0
7F7C8
007F1
7FEAB
00475
000A5
7F9BB
004E9
00296
7F742
7FF92
7F8C6
7F28C
00CCC
7FB51
7EB24
00882
00264
00179
7FC8B
7F8EF
7FE50
7FA7B
7FA8A
0022D
7FB42
7F05D
7F67E
0072E
7FA38
00095
000CA
7F87C
7EE3F
7F9D7
7FDCB
7F681
00F5C
7FF13
006B9
7F623
7FAEE
00267
0009E
00CE6
0002D
7F62A
00AF9
7F5D9
00E18
002AD
0137F
7FA00
7EEA6
7FE05
00019
7EBCD
00184
005C5
7FC2F
7FBFC
7F957
7F4E1
00680
00B4E
00E4C
7FA7C
7F4DB
7FBC3
7F784
009F4
7FBE2
00A8D
00697
003B4
7F4BD
7FF3B
7FD1A
7F127
0078E
7FAC2
0001A
00496
7F2B0
007FF
7FE97
7F720
7FC97
7FD67
0056A
00108
0065C
005FD
0015B
00399
01219
001A5
00127
7FCB1
7FEA2
7FE96
7FE9E
7F81D
7FD29
00312
01201
007E7
7F82F
001D9
7FDA8
7FB49
7F2D4
0079A
003A4
7FE48
7FFD4
00E00
7F943
00A39
7FCAA
7FFE0
7F03B
00030
00451
00811
7FAAF
7FF6B
7F5D0
005D6
004D3
00185
7FE51
005DC
00500
7F220
001C5
7F32D
7FDE0
7FDC9
7FD4E
7FB25
008B0
002AE
008CE
004B5
7F48E
00D10
00106
005A8
00ECB
004F6
7F4BE
7F688
7F9CA
7FF35
003F9
000B4
7F5A7
7FB32
0015D
004D4
7FAE1
7F670
0065F
7FAC5
00041
009E0
006FF
7F1F6
7FE42
00E65
0087C
008E3
00139
7F8DB
7FFC1
7F41D
7FF88
7F1CE
00160
00A00
7FA9C
7FC94
7FCF3
005F6
7F4B0
003F4
7F4F8
009A6
7FDDD
7F997
7FCD7
00C0D
00685
00F73
002BC
7FE01
00B66
005AF
003A8
7FFDF
003CC
7F4A3
00C89
7F785
7F80C
0016C
7FBEC
7FF02
0016B
7F776
7FB51
00DFE
001C5
7FC3E
7FFA7
00D59
001F6
0086E
0036C
7FE58
7F7A5
7F76E
00635
0019B
0009A
7F601
7F83A
00200
00A0F
01279
00726
7FCCE
006D1
004A3
7FE23
0087C
0009E
7FC96
7F9A5
00355
7F633
7FD6F
006A8
7F400
007B7
7EF17
7F202
0014E
00977
01010
7FDC9
7FA69
0038D
7F3B3
7F78E
008C0
7F9C7
7F1CF
006AB
7FDD6
00030
008E8
7F8BF
013E1
7FEFC
7F8C7
01364
0017B
7FE7E
7FC3E
7FDF4
7FBC7
7FD72
00F7A
7FF48
00B52
00BDD
7FD66
0049E
00322
7FBFA
7F8BF
003D5
7FAA6
0067D
002A0
00A3D
7FAE6
7F885
7FF5C
00A0F
00A71
7FD2F
7FB8C
009BD
00560
00846
00365
000BE
0024B
005D9
004E3
7F2C1
7FC55
7FF8E
7FB52
0107A
00600
7F7A2
00948
00DD9
7F2F4
7FFFA
00090
7FA0A
7FDB4
7FBE3
0108B
001CB
7F6AD
0040D
002CD
7F1EC
009E5
7FADE
7FAF1
00BD4
005F3
0039C
001B9
7FA45
7F8EF
7FB02
0045C
00396
00176
006F5
0055C
00FB1
00400
7FB7F
7FCB2
0045D
7EEA9
005BE
7FE06
00442
7FA76
00217
00B1C
00001
01023
7F030
7F9C3
7F5C0
0016A
00399
7EAB3
7F172
00BE4
00B7F
7FA73
7F193
00166
7FEB0
7F928
7FEDD
7F765
000F7
00581
7F412
01000
7F65A
7FD72
7E8DD
00275
7F81E
7F7CA
00C76
7F889
7FC13
7FCA1
7EA89
003D9
7F5FE
00E68
0004B
00137
7FFF1
003A3
00C25
00F28
00321
7FAF8
7FF03
7F378
0090B
01288
00EDB
7FDB3
7F59B
015B7
0050F
0043F
7F264
7FCD5
002A9
00650
7F5A9
00020
004F0
0011E
004CC
7FC45
00866
7FC94
7FD1F
7FF41
7FAB1
7F87B
0057A
7FFC5
0045D
00772
7F9F7
7FD3A
7FF7D
7F201
00192
008CF
7F50A
00237
7FC0B
7FD0E
005EF
00E00
008B3
7F6E6
7F1D9
01113
7FA7D
0039D
7FFC5
7FAEF
00828
00C3B
004C5
0008D
00725
002A6
00125
7FC00
001A8
7FFB1
7FE87
7F8F1
7FCF9
003F1
005E1
7FB6B
00389
7F4E8
7FA59
0043D
0098D
005EE
7FD60
00200
7FB27
0024F
001BD
0090F
7FF11
7FCB1
7F1EE
00910
0103E
7FDEC
003FA
013EC
7FBBB
7FFD4
7F768
00BFF
7FD3B
7FF1C
7FB70
004EC
7F30E
003C1
004C1
7F898
007F0
7F8F4
7FF5C
7FF46
00360
7FF9B
7FDBE
7F400
002DE
7FB2A
7FA83
7FCD3
00006
00D0A
008B6
000BD
7F6F5
01401
7F8F3
7FE21
7FC90
7F772
00513
7FA75
7F857
7FD27
0097B
00F8E
00817
00D3E
002AF
0026A
7EADF
0025C
00A2B
0051D
001D3
7FB6B
7F91B
00169
7FBD2
0025B
7F537
008DE
7F263
7F8F6
7FEA4
7FFEC
7FD4C
002E3
7EEEC
7FA52
7FBEB
000BF
7FB51
7F29F
00B52
7F487
00675
0016E
7FF13
7FF36
00559
7F481
001F6
00049
000C6
0070F
003DF
00010
00A29
00200
7FB19
7FEB2
00557
7FC1D
003BB
00827
0021B
7F24F
01138
7F0AF
7FA07
7F8A9
7FBF5
7F808
002A1
002D4
003CC
008ED
7FDB9
00D79
7FEAF
00271
7F8C1
00AA3
7FE99
003D4
0078D
7FA47
00F59
7FF9C
7FDB2
00200
7FD7B
00439
003D7
00533
003A3
0054D
00F9A
00382
004DE
7F9D4
00C60
7FDB2
7FD03
00410
7ECC2
00B4F
0040D
7F150
7F6F6
00800
004EC
0001F
7F46D
00AE6
00844
7FDBC
7FC2C
7FE04
7FE9A
0068F
7F78A
00E00
00366
00C83
0064A
7F592
00698
7F85A
0049B
0088B
7FAF0
7F85E
001AD
7FF0F
7FB07
00CB9
00194
7FBDA
7FF48
7FE5F
7F628
7F2DA
007C5
0075E
00014
7F987
01752
000DA
7F840
7FEA6
7F119
0040F
7FBC7
010F8
7F71F
00144
0036C
7F517
0017C
0075D
00524
000F6
7FF7B
006EC
00735
7FDE6
7FE59
7F8D3
00470
7F478
00377
00135
006DD
00759
00AE9
00274
7FA45
004C5
00F58
00917
7F373
7FEB2
00221
000A2
7FBE3
00600
7FDF9
7F91B
7FF2D
7FC32
7FFAC
7FCCC
7F3CD
7FCD4
002E6
7FA05
7FCB8
7F914
0037F
00A44
7FC3C
7F601
005C3
7F443
7FFE3
00019
7FB03
7F779
7F855
7FB2E
0041F
7F9AE
7F8A0
002A2
00BBF
7FBBB
000BA
7FE00
00306
7F66C
00A25
7FD76
7FAE4
00370
7F5DE
7F72D
00348
00679
0030F
00AEB
7FF22
7F12A
007D8
005FF
0129C
7FB44
001F6
7EE42
7FF44
002A2
004A5
000D3
7F7A5
006CF
7F7BE
0015D
0017A
00E7C
7F945
00600
7FA12
004E9
7FB84
001BA
009BA
7FC58
0024F
00807
7FD66
7FED8
00C6D
7F167
7FF17
7F9F7
7FB30
7F9F4
7FB72
7FF9D
00B34
00732
00833
7FE6C
7F856
00099
7F2F4
7FD10
000B0
00B2C
7F91D
7FAB7
005CD
005A8
0012F
7F104
7F194
7FE8F
009E0
7FE87
009FE
001A0
0042F
7FBF6
00AFD
7F890
7FC63
7FA5B
00078
7FB38
7F821
00703
7F84F
7F717
7F775
7FDC8
007B5
7FBE5
7F258
7FF21
7FF8B
7F50A
0047F
7FA94
7ED89
00A00
7F977
7FE05
00581
7FC06
00272
7EFDE
005D1
7FD62
7F114
7FAAD
7FB06
7EFEA
010A7
7FD98
7FD5C
7F785
0026B
7F9FD
7F96D
00297
7FD29
7FBE1
002ED
7FC1E
7FF57
003D8
016F0
7F054
00787
7FF27
00FE6
00200
7F594
7F114
7F497
7FEC0
7F078
7FA64
00368
7FEED
007B6
00A75
0029F
7F9EB
7F0D2
005D8
7FBC8
00001
00A3C
006E8
7FADE
7F886
7FB16
0088E
7F46D
7EF3F
7FF3F
7F561
7FCDC
00713
00436
7FB02
7FC0B
7FE00
7F6DA
7F8C8
00086
00346
7F968
7FE39
7FD5F
7F9BD
7FA10
7F7E5
00C2D
00C70
00C1F
7F9F2
000D7
7F767
0016C
7F18A
7F54D
7FCB6
00269
7F11A
006E2
7FA73
7FC23
7F8C0
7FF0A
7EE3D
7F751
00A27
7FDA1
7FE95
00145
7FD7B
7F888
7F077
00464
00246
0119A
00982
7FC7A
7F94B
7FE01
00A82
001C1
008B8
7FD8E
7F651
008AA
0026D
7F5FB
00A92
7FE86
00FF6
0042D
7F632
7F896
7FFAB
7F5E2
000DB
00540
7F65F
001E5
7F400
7F975
7F619
00869
00D5E
0073E
7EBA3
00446
003C1
0016E
006C3
00462
7F5EC
7EFD8
7FBAA
7EE32
00600
00015
7F321
004E6
7F005
7FB86
7FDB3
7FF84
0016A
7FFCC
7F662
7FE72
7FBCD
7FC81
00A3F
7FF38
7FC00
00EC0
00579
7FE44
00EE6
00F34
0088C
7F323
00C3D
7FABA
7FD10
7FEAF
7FFBC
00AF8
000C4
7FD68
7FA00
7FBD5
7FDFE
7F66B
7F3B6
014E8
7FACE
005DD
7FE96
00496
0091E
7F7D1
7EE8E
7FD1D
7FCA3
7FD15
00200
005EC
01210
7F3BC
7FBD0
7F390
7F7A3
7F98D
001A3
7EF98
7FAD5
002CB
7FC68
7FCFD
00E96
001A9
00187
00324
0130C
7FCBF
7F9E6
0023F
7F13C
7F9E0
7FA3B
01605
7FFC4
7F8B8
7F8DF
001F3
7F6CB
7FA39
005A7
7F815
7F973
7FA32
00A87
01148
7FED6
005B0
7FCD8
7F8B4
0035D
7F847
003BE
00AE1
00674
7FB56
00FAD
7FEE6
7FA21
006F1
001D2
00710
00504
7EE55
002A0
7FFA0
7F855
7FC10
7FF71
0067E
7FEB5
7FDC3
00C00
00425
7F7C7
7FA11
7FB58
7EFFA
7FC0D
00D12
00187
7EB1A
0058B
004FA
009C8
001C4
7FF0A
00B7A
0087A
7FF17
7FB65
7F50E
002F3
00E06
7EDEB
00BD2
7FA24
7FEBC
00B26
7FB74
0033B
7F337
7F4A3
0048E
00000
004BE
7FDF1
7FCBA
7F714
7FC68
004C4
7FE0F
003B1
01468
00528
00851
7F610
00CE2
7F72C
7FF48
7F1DE
7FE4F
00958
7FF29
7FE92
7FC36
7FEA4
7FFA5
7F940
00688
7FB5A
7FC81
7FE42
00611
7FF41
00297
00000
7FCB9
7F2E5
7FB44
00BD3
000A9
00071
7FBF4
7F781
7F34C
7F62E
7FD0E
7F583
7FB6D
00356
00013
7FDF9
00B69
7F391
005F2
0031A
011A7
7EFDC
7FA89
7F548
002E3
7FCE9
0121A
0092C
007A8
0022B
00295
0043F
00045
7F137
7F2DF
7FF67
7FCC0
008B2
7F6EC
7FE8C
7FF39
7FA98
7F1B0
002F2
009A8
7FDEC
002E2
7FE29
7F819
7FFA1
00432
0056E
7FCDA
004A3
7F8AB
0085A
00F12
7FA09
00400
7FD48
00099
7FDAB
000B6
7FC00
005B3
7FC0E
7F310
7FFB2
0005D
7FAD5
7FBEF
00BA7
7FEC7
00BDD
00253
7FCF3
7F78E
00502
7F65A
7F800
00A37
7F9E7
7F5E3
00A1E
008CF
7FA40
7F50B
7FC58
7EA13
7F5DA
7FB30
7FCE9
7FE6B
00A8B
7FCD6
00401
7F1F3
0008C
7F57A
00321
7F4C2
7FBD2
005E8
00057
7F9C6
7F738
7FE2C
00DE2
7FC64
7FF1D
0029C
007FF
0055F
7F982
00DCD
7F30F
00860
003CA
0158E
007A7
7FAD2
7F712
7FCCB
00841
002A5
7FCA6
7F919
00200
7FDE9
00ED7
7F59E
003F3
7F977
7FE6D
01034
7FA7F
004F6
7F9C2
00098
00A69
00955
00AB4
0006F
7F4C9
7F871
00ACD
7FBEA
00A4E
7F393
7FD08
008C3
0073C
000D3
7F33B
00C92
7FE8E
7F5E8
00885
7FC53
7FBC1
7F745
00363
7FEC7
7FF43
7F760
00444
7F6BA
7F93E
7FB5B
7F11E
7FAC2
00758
000D8
006C4
00D68
7F311
7FE25
7F8AD
009A0
7FC8A
0025E
7F7F7
005F1
7ED3C
7F8D2
7FE57
0058E
7FFB6
0077B
00551
00E5A
00400
7FDD7
7FB8E
7F5BE
7FF74
00587
004F1
0071D
00361
7EFAB
7FEE3
00C5F
00121
7FA54
007D0
7FEC0
7FBC2
002D3
7F0A3
00161
00772
7F7EF
00398
7FD69
00D60
7FF97
7F076
7FA94
7F151
002BD
00485
7FC56
009FF
00EA7
00432
7FCE8
7F605
00BFE
009EC
010BE
002EF
00B96
0005E
7FBBA
00658
7FE5C
0084F
0075E
0016B
006EB
00924
7F26D
006AD
006B0
00404
0001E
7FF0F
7F7E6
004E2
7F437
00299
0133F
00136
002C3
7FC00
00E19
7FAB4
7FEE9
00623
7FC0B
7ED15
7F75C
006B1
7FD19
7F7A8
7F7E3
00899
006A1
00FAF
009AF
7F13A
000CD
7F931
010DD
7FDFC
00118
7FD06
7EDC9
7FA53
7FA4B
7FEEE
7FC52
7FE94
7FF40
003BC
7F7B4
7FD2C
7FE69
008AE
0055D
003CB
7F825
7FB71
00DA9
000A7
001CD
7F7EB
7FB5C
00043
00143
00260
7F784
00A73
00357
7F30D
00CBC
7FBB7
00A00
01120
7F770
7FFC5
00E23
7F6F2
7FF31
010E2
0084E
007A2
00ADD
00400
000FF
0034D
0065E
00163
00877
001A0
7F1C8
004D3
7FE20
00D80
7F28C
004C2
7FF34
005F8
00783
00001
00E1B
7EDB7
7F827
7F6F2
7FF69
00496
7F99D
00457
0008A
7FC27
7FBAB
7F825
002BC
7FB35
7F300
00000
0006B
00354
01505
7F29D
003A1
00076
008A5
7FF2B
00D6C
005B4
7FF16
7F740
0034C
7ECE4
7F89C
00401
001CE
00859
00B56
7FD11
00947
007F1
00819
00FA6
00DE7
003F3
7FF22
003DB
7FAAB
7F352
0056F
7FE00
004AF
7FBF8
7EC23
00333
7F5CB
7F943
00260
0083D
00421
7FFC2
0017B
007E5
7FAAB
7FE77
7FD9F
00000
7FF7D
00913
004E5
007B0
7EFF2
00A70
7F7D5
7FD41
7F90B
007AA
7FDFA
7FB5E
7FF40
7F7A8
001DA
7FD2C
7FF5F
00312
003A1
7FE39
7F37F
7F67B
00147
00B31
003E1
7F7BD
7FD40
010D7
7FED9
004F2
7F6A0
7FA23
7F34D
0064F
003F8
7F40F
7F73C
7F9C4
00CAA
7FA57
7FF21
002C0
00245
7F9D8
00448
006E6
00B0B
00A00
00E6D
7FDB3
7FD5A
7F727
7F583
7FA30
00160
7F767
7F3FE
00536
00E9A
005C0
7FC00
7FA7A
7FDEF
00711
0067F
008ED
00A37
00842
006DD
0011C
0099D
00209
009D0
7FB89
7F8E9
008E9
00174
7F703
003B6
00000
003E1
7FB50
7FDB9
004FF
00ACB
002C6
7FC6B
7FAE9
00F9A
7FC20
7EE76
00B96
7F770
00ADE
00578
7F8ED
00566
0014B
7FC26
00385
7FB0D
001E3
7FE3D
00FFE
7F45D
0084F
7FF64
7F7EF
0087B
00C82
7FE7D
00200
7F0B4
0070A
006E7
0091C
0077C
7FD90
0065E
00364
001A6
7FF0F
00083
7FFBE
007E3
7F45C
7EF7E
7F2F0
7F88A
00814
000EB
000B5
7FBA4
003AF
011CC
7F5EE
00654
00700
00214
7FE22
00741
0028D
7F3BB
7FD2C
002ED
004FB
00E36
7FCC6
7FEA2
7F70D
7F72D
7F011
7FDE0
7F854
7FD66
002C9
7FAC8
7FCDE
7F75C
009FE
7EE89
7F7BF
0011D
0017A
7EA08
7FED6
0006E
002BA
7F5B8
7FEE0
7F23D
008F8
0039C
0090B
7F5A7
00E00
7F92E
00D95
7FFF9
003D6
7F703
7F747
7F03C
000D2
0066D
0030A
0006C
00612
7FB9B
0035B
00C33
005FF
7FF19
008B0
7FA7D
00EE3
7ED5A
00251
005FF
7F2B1
000CD
0059A
0097B
7FA88
7FDA3
7FE60
00231
00200
7F10A
00A95
00997
7FEFD
7F969
7F8F9
7FE34
7FB2E
7F65F
7FEF1
7FEFD
00A67
00071
7FC1B
0030F
001FF
0012F
00817
7F83B
7EE47
00E88
7FFC6
00610
00950
007EB
7FF72
00AD4
004FC
00A0A
7FFD2
0040F
7FE00
7F9C0
7FDBA
000C5
00950
7F724
00532
7FA06
7F184
00370
00605
001C5
7FE5C
00609
7FD2E
005B2
7EC00
7FD5A
7FAC8
7FC69
7F275
003A0
00615
7FB40
003F2
7F6D4
7F4C8
7FCA0
00264
7FFDD
0076D
7F52F
7EF08
7FF4B
00523
00122
00E4C
007AC
7F451
7FBA3
00CD1
00148
015F6
00126
7F8B5
7FB5C
00C1A
00FE4
7FC4E
006AB
010A7
007E3
005D2
7FE5E
7EEB0
006B2
7F95E
7F616
00068
7FCAB
0075A
7FB48
001F7
0180F
7FA00
006B2
7FB7F
7F90B
7F34E
0063D
007CB
00448
7FB3A
7FABD
7FCBE
001C4
7FF80
7F641
00573
7FF3D
7FD2D
7FB4B
008FC
7F813
00887
7FC62
7F19B
01199
7F2EF
000F3
7FC7A
00535
00C5E
7FCAB
003E2
006B1
7FA00
7FE52
00D0D
7FDF5
7FBE9
7F905
7FE65
00254
00424
002B1
7FEB1
7F19F
000BF
00547
7F499
7FBB1
00001
0032D
7F4F3
00955
0061D
7FBCE
00AE8
00454
00568
7FDE3
0056E
0052C
7FD8A
00BCE
0035C
00BDB
7FE00
00B70
0017F
7FEE0
7FB63
0088E
000B1
7FBA0
7EEE6
007E5
00A21
00733
00930
7F710
00250
7F3B8
7F93F
7FBBA
00D9A
7FFE7
00410
00779
007EB
7FB9A
00925
00715
00C4D
0004C
7FC7F
0120B
7FDC2
001BB
7FFFF
7F17A
7FB4D
00747
004F7
7F268
7FEC4
7F815
0060D
7FDAA
0042D
00385
006A5
00C67
004B4
7FDCA
7FBAD
7F68F
00445
00091
00037
00AEE
7EF8C
005C2
0102B
000F8
004B1
7FD8B
7F8CE
7FDFD
7F76E
00CBE
7F800
00A3B
7FAE1
7F71A
7FA02
7F55F
7FF8D
00478
7FC96
007EB
00532
7FAEB
00179
7F7A6
7FE03
006A6
7FA00
003C3
00983
00CAF
00278
00B5A
00837
7F99E
7FAED
00820
0013C
00714
7FB9B
00237
7FF92
00339
007FF
7F123
007D4
7FB36
7EBDC
7FDAC
7F68A
006B3
7FF6A
00006
00554
00A9C
00302
00442
00439
00130
005FF
00B76
7F621
7FBF7
7FFAD
7FC8D
0040A
005D2
00911
000A7
001E7
7FD20
7F7EB
00B9B
00BD8
005A6
7F800
0036A
002D7
7FECE
00177
7EFB2
7FE4D
00A28
0044A
7F9AD
7FE8B
00413
7ED4A
003AC
00A08
0015E
7FC91
00446
7F70A
7EF4F
003CE
7FD19
7F14B
7FEE2
7F989
0019D
7F7B5
0083A
7FA61
0013D
7F71A
00BE7
7FA57
7FCCE
7F8D7
7FDD5
01081
7F946
7FBA0
0093D
7FC95
00948
7FD3B
0095D
7FDE1
012D3
006B2
00360
7FAC7
7F6C1
7F2D7
7F2DF
7F787
7F9BC
000CE
003F0
004C3
003D4
008D5
7FC13
7FFFE
00C25
0027A
002D8
00200
7F74F
7FCF9
7F334
7EE6C
00595
00451
008D8
7E80A
7F68B
7FF32
0030B
7F9E5
000EE
0017D
7FFC8
0087C
00071
00CE5
0015F
7F7B6
00324
7FADB
7F3F6
7F1DD
00306
7F8DE
7FA96
0064D
00079
0009E
7F15D
7FDFF
00091
00200
7FA0A
00D98
0023A
006EA
7FA27
7EFF4
00410
7F2D4
00312
00730
7F3DC
7FF21
7FB76
7F4B1
7FE5A
7FD9B
004B5
7FA95
00545
00768
00810
002CD
7FA89
0025B
000FE
7FC15
7FEAF
002F4
0100C
00600
004FD
7F79A
7FA1C
00513
7F919
00715
7F38F
7F5EC
7FD5B
7F766
008B1
7FB0D
7F6E9
7FAC1
00801
005FE
7F42F
01499
0068B
004BE
00B85
7FB37
00501
00C9E
00A7F
7FA4D
00283
008B6
000FE
7FE39
7FDA4
7F8EE
0020E
00638
001E2
7F3AD
7F733
00759
003D2
00300
00D2A
7FD74
00837
7F91A
002CE
00074
01326
7F6C3
00726
7F952
7F4B4
7F8DB
7F474
006AA
7FEAE
7FAA3
0022A
7FCFF
7FDEA
7F94F
0096C
7F2A5
0019B
7F800
7FEAF
7F3AD
7FC6B
7FA50
7FD08
7FBFB
0042D
7F8B1
0040B
7FCB5
00DA1
005CF
0093F
7FDBC
00F08
7FC01
00050
00B41
006A8
7ED14
7F2FD
7FE27
007B1
00C7B
00404
000CF
00BCB
00141
003CB
7F348
7FFD7
00C00
0043E
011B8
7F08D
007D3
7F716
7F5EF
00544
00F4F
7FFFF
00766
00494
7FB5D
7FFA5
7F813
00D43
00000
7FF5C
0104F
0008B
7F8CB
00BDC
00598
7FB55
7FB82
000AA
7FA1C
00280
00594
7F50D
00143
002B4
00200
7F7A3
005CE
0023C
00753
7FE71
00599
7F94B
0003A
0037B
00596
00337
7F479
004C5
00277
00AE5
01164
7FFDF
7F755
7FE4B
003EA
0016B
001C9
7EF67
00060
7FD5D
7FA09
00559
00A22
00156
7FB0B
7FC40
7F784
7F706
7F72C
00842
7F929
000CB
00389
7F058
005AC
7FA56
7F890
00683
7FA8A
7F04A
7F53A
001F8
00A01
7F388
7FF94
005FC
004C5
010B4
7F8B0
00CDA
0056F
00EC8
7F391
7FE50
007B7
7F91E
7F75F
006F5
7FE00
000D5
7EDE3
7FD39
7EC32
0070A
004C7
7FE8D
00021
7FA5B
0035B
7FD1B
00C4B
7FB1F
0031C
7FCEE
009E5
008A2
006BD
7F7FE
7FFEC
7FA3F
7F915
7FC1B
00403
000E0
002A7
7F581
7FFFF
00D19
7FA40
7F785
013FE
7FC6E
00A00
00BE7
7FC63
7F784
0064F
00CDA
00AC5
7FE79
0057E
7F75A
7F3AF
00D0B
005F3
00697
00710
001A6
00243
7FEDD
7F7DD
0080C
00BAE
7F513
005FC
00400
000B0
004DA
7FD02
002F5
00341
7FDC0
7F600
0035B
012B6
7F197
7FB16
0000A
00321
0063F
00CAC
008E1
0108A
7F700
7FBCD
009E6
7F75E
7FBD8
00073
00A16
00037
00819
00231
7FFEE
7F9D5
001EF
7FAC0
7FFAC
007BB
7FE6B
0062F
00146
00403
7FE53
002D5
7F587
0090B
00477
0021E
7F9D1
7F583
7F368
7F929
7FE9F
00309
7FEC4
7FE8C
0073E
0039D
0022F
004C7
002F8
000F8
7FCFF
00777
7F977
00D13
00B2C
002AC
7FF05
006B9
7F3EE
00B2D
7F81E
7F909
7FA14
7FA00
7FFF1
00AD8
7FAA3
0080F
7F285
7E3EE
7F8CB
7FC97
7FBEF
7F3DA
7F59A
7FD25
001C3
7EBDA
7FAD7
7F801
00C58
00B3C
00516
00154
00853
7F720
0077C
00494
00329
7F133
7F3EA
7FBA1
7FE4F
0068D
7FEF2
00200
00504
00078
00629
00998
00646
7F7A4
7F33E
7FF6A
00A95
000D7
0018B
7FC84
7FDAF
003B0
0074D
00400
00203
00013
7ECF0
00504
7FB92
00201
00106
0076A
009A4
0037F
7FB82
7F2B6
7FEEF
7F53A
01104
00400
7F701
00048
7FBFF
0055A
7FEC0
7F4C3
7FD3B
7F8A6
7FCC3
7F9B6
00132
007B7
7F700
7FCFE
008C4
0029D
7F8B4
7F39D
7FD31
7FC83
7FC7A
00497
7FB3F
008C0
00522
7F63F
007FF
0074D
7FB72
00B8F
008A9
7FD2B
7FF89
7F43F
7FAE5
00120
001BD
7F079
7F9B6
7F49D
7EE17
007E1
7FB32
0053C
7F9CE
7F54D
00495
00AA3
007C4
7F75C
7F5D5
005B9
005FD
7F6ED
00224
00086
00873
00099
7FFD2
00195
0048A
00B23
00064
00200
7F7D3
0023A
7F017
7FE55
7FC89
00E52
004B3
7FB8B
00299
005B6
7FD58
004C7
7FD53
0064A
7FD11
7F61B
001AE
0037C
00098
7FBDC
00775
00338
7F496
7FF0C
7F745
0095F
7F878
7FE27
7F979
7FEB1
0062A
7FC00
7F7A4
7ED26
7EF7F
010E2
003B0
00474
00AAC
7FFB0
0033D
0105F
7FB17
006B8
00279
7F3BA
7FCBB
0043E
7FDC9
7FBA1
000CC
01428
7F61E
00897
00C7A
7F2A0
7FE98
001C7
0172A
00808
7FDC9
7FADA
00B58
7FC00
7FB86
7FC77
7FE90
00164
007F6
003AF
7FAB8
7FBEA
7F7CB
001AA
006AA
007BC
00194
7FF52
7FA2D
00E02
7FD43
005CE
00EC3
7FBBE
01082
0031B
005AC
7F7A7
7F5B1
007DF
7F4C1
00A10
00D83
00520
7F7A1
7FE97
7FC50
7FD72
7F78C
7F22E
7FD4B
000C7
0007E
001CB
00427
00094
00C6C
00281
7FA80
0068A
7FE1A
00AC3
7ED74
7F791
00B53
006B7
7F93B
7FEB0
7F705
7F95E
7F803
7FFBA
7FA25
7F944
0013C
7FE19
7F458
7F400
00E29
7F596
7FED8
0032E
00D3A
000F3
7FDA4
00DA6
0016D
00A50
7FA7E
0024F
7F857
7F98A
7F64F
7FC01
007A8
00B74
7FB80
7FCDA
009E7
000DC
7FCD9
001A8
7F541
7FB86
7FB48
7FC72
7FDDD
7FB7A
006FE
7FC00
00DD8
00587
7FF38
7EF2C
7FAAB
00B88
7FFD0
00258
0091B
0045D
01255
7F5B2
004AC
001FA
00A68
00BFE
009EF
00718
7F965
000CD
00896
00B9E
0084B
7F65A
7FDE5
7F824
7F9A4
7FB8F
7FF6D
00009
00103
7FC00
003CA
7FEA1
7FE06
7F4EA
7FBCE
7F5F5
7F058
7FB74
7F8FF
00746
7F4D0
7F4A0
00536
0066C
0098F
7F89C
7FCCF
014C2
7FB55
002A0
7FAE8
7FE2B
7FE72
00289
7FE93
7FD99
0081D
7FA48
01561
00350
00529
002D3
7FEC8
7F030
7F4EE
7FD6C
00BCD
001BD
7F498
7F955
7F723
00000
0000A
001C3
0016C
7F380
00EDC
00311
00B46
7FF1D
7F8B3
7FC25
00BC7
7F90E
0026B
005C6
01183
00374
0066B
7FB6C
00050
7FE37
0072A
00400
7F953
7FBD6
004B2
00114
7FF42
7F3ED
7FC58
7FB18
7F231
0086C
7FF40
00335
7F76F
0052C
7FC1D
0043D
7FDA2
7EF1C
00560
00214
7F7BF
0040A
003B9
7F428
004D7
7F5A6
7FB0A
000EE
7E8D3
7F0AA
7FAC8
005FE
005EC
0043B
00962
7F5B2
7FE41
004BC
0184E
7F960
7FC6F
7FD4B
7F1C5
0045E
7F5B8
7FE3C
00386
0043E
0001B
7F736
7FF1D
00EB3
7F9A4
7FFC4
7FF3D
7FD42
7FDE9
7FD16
00164
00895
00CE7
008D3
7FC73
7F600
0017F
7F0CA
7F94F
007D5
00C5C
00548
00AF8
0075E
7FFB1
00238
7FCC6
7FF1C
00975
7FFDC
7FF71
7FB69
00869
004AE
7FC76
7F6DD
007D5
7FD2E
00449
7EF6A
011F6
7F616
0026C
00478
0040A
7F550
7F5C1
00B4F
7FA23
7FE6F
00B66
00A36
0057A
002CF
006F7
7F6E1
7FF65
7FDE8
7F8A9
002DD
7FA87
7F1C7
7F961
7FF1B
7FC7C
7FEF2
00E49
7F4E2
00308
7F663
002E1
7FEE9
7FDA9
7FC24
7F6E5
00363
00181
0078D
00D7F
7F800
005C2
004F2
00292
7FDC2
7FDEB
00CDB
7F8DD
7FDC3
7F445
00E9E
002D6
0008C
7FCB0
001D0
00B01
7FA00
00518
7F961
7F8C3
7F1CD
0068B
00D1D
00D96
00BE5
00329
7F800
7FD0B
7FFE6
00184
004F6
000CA
00400
7F577
00392
7EFD3
7F7E8
00FC7
7FBCD
0093C
0063E
7F8F7
00525
01440
7F9CB
002E6
7FE23
00806
00201
002BF
7F874
7FD3D
7F88E
7F326
7FFE0
01138
7F81B
00C8B
7F9E4
00CD7
005C1
7F782
0056E
001E1
7FC00
7F76B
00432
7F803
0054B
7FF94
7F75C
7FBE2
7FA52
001D5
7FC32
00BBE
00A60
7FC1F
000EE
7EE75
7FC9F
7F1E1
7F1B2
7EDE2
7FF2B
7F3D9
7F8A4
00477
004EA
0146C
7F8D6
00460
7F694
0025C
7FD78
7F531
009E5
00CBD
7F9EB
7FE12
7F6F0
00578
7FDAF
7F99F
7FC0F
00B1F
000AC
7F7B3
7EC09
7FFF7
0100B
00535
00021
7FC86
7F3DC
000B7
00E44
00606
7EF97
00553
00703
000F3
00F76
0035B
7FC85
7FD23
7FF8F
7F7FD
7EE00
006F4
7FFF2
7FDE0
7F44E
7FA55
00751
003DD
7FE79
7F42D
7FE04
7FDCE
7F9E8
7FB80
7F6EA
00221
00000
0074E
7F7BB
7F94D
7F6BB
00D4B
7EF49
00CB6
00D83
7F405
7F734
7FC7D
7F372
00772
7F97A
7F93C
7FE00
0006D
00458
7FA89
7FFB2
00353
7F391
7F28E
7FC4E
7F845
004B3
01280
7FC27
006C0
7FF9B
7FE0C
0087B
008BF
0016A
7F42F
00424
00DA8
7F79A
7FCE4
7F449
7F609
7FA6A
7FB1D
00EE7
00196
00AC6
7FFA7
00E00
7F9D4
004E7
7FACA
7FAE6
011EC
00609
7FDE5
7FBF4
000DF
7FC2E
00D58
7FFD3
7F7D2
00A26
0049D
7F601
7FBBB
7F773
002B3
7FE2C
0025E
0097F
004C9
7FB88
7FE8F
00127
003E6
7F398
00D43
7F181
7FF9A
7FD2D
007CC
7FB29
7FE87
7F8C5
00D1B
0085C
00223
7FBCA
7F8E3
0000A
7F567
7F916
0025B
7FA2A
00CC9
007D6
000BE
7FD86
7FAA5
00C4E
7EC48
7F7E0
7FBD8
004E5
003A6
000A2
0035F
7EEB9
0039F
000D8
006AB
7FE00
7F719
0031A
7FFCD
0052A
7FB38
7FCFC
7FDE2
7FAEF
7FF40
7FFDE
00497
7F97E
0037D
7F480
7FC5A
7FFFF
003F8
7F958
7F82C
0025C
7FC9D
7F232
7F554
00513
000BF
00493
7FA06
7F8CF
7FDCA
00896
7F1E8
7FA00
00114
7F8C7
7FA46
01350
003DC
7F90F
7EB56
00912
008D7
0097B
01054
003AD
0016C
00AB0
7F214
00800
7FDBE
7FF78
7FA4B
00528
7F589
7FC75
00009
7F6EE
7FD4A
7FD65
7FB26
00A02
00C12
7F38C
00A7B
00000
7F934
7FA7D
003EE
7FD98
003FC
7FF47
7FBC7
7FECE
00417
7F830
0066C
004AB
00980
00380
00B69
00B67
7F701
7FE1D
7FD73
01528
004BA
7FD13
7F725
7FEC8
7F39D
0046F
00508
0085E
7FB19
7FCCF
7FF72
0016B
00590
00C91
7FB93
0016F
00121
7FD42
7F9A3
0061C
002E7
7F91A
7F51F
00160
7FBA7
003B4
004AF
0102E
0004A
007A6
009F9
00FBA
7FFB8
00174
0076C
7FF35
7F4F2
00548
7FC03
00681
006C7
00070
7FDB5
00800
7F5DB
7F99A
00C1F
7F978
009B8
7F780
00B4E
0089B
0043A
00C10
7FB55
00B28
004AD
00952
004C8
00169
7F6BC
0045C
7FAE6
0096C
0034B
7FED4
7FECE
00B35
00025
7FE83
00240
00FDF
7FE5A
008A6
000D8
00600
7FDB4
006CB
7F748
7E668
00394
7F57B
00964
00518
7FA3B
00C8D
7F84E
001DD
7FF3E
7EFB2
7FBF4
01808
002BE
003F0
00C83
00498
00453
0084F
7FE63
7F9D4
7FF56
7F47D
7FBE0
00368
7FF34
7FD6C
7F369
7FC00
00C47
7FA16
7FDF9
7F656
0086F
00DC3
002D5
0065E
0002C
7FE74
7F866
01418
0017F
7FD6B
00296
00A74
005D0
0058F
7FB1D
7FEF0
008E9
004E2
7F620
00222
7FD37
7FCCC
7F1DB
00167
00613
7FF53
006F9
00001
00662
00931
7F8F6
7FF4F
0089D
7F5EA
7FEEB
7F74C
7FC54
00138
7F2BB
7F8BD
7ECDA
7F799
00EB9
7F89D
00EB0
7FB33
00503
7F709
7F6F7
7FDAF
00224
005DD
004AA
0006C
7F8D0
7FF9A
007CB
009BC
7FD3C
00800
7FB01
000DC
7FFB2
7FDA6
7FECB
004B2
00883
7F65A
7F93F
0076F
00358
7F77B
7F984
001D2
0071F
7F802
00886
00318
00210
00122
7ECF7
0018E
0004D
00400
7FAFA
00903
7FF5B
7FF4B
0049C
7FB23
7F6B4
00001
7FB0C
003CE
7F6B1
000B4
7F862
7F4E8
7F6DD
001A9
005AC
7FEF7
00893
7FEDD
005E7
7F985
0043B
00001
7FC06
005E3
7FDD2
00885
006D0
0027F
7EF9D
003FF
006D1
7F2F0
7F9C6
0025B
7F5B8
7FBDF
7F359
00400
00A79
00B3C
00445
00700
7FFB7
00463
7FBE9
0092C
7F998
7F3B6
004CE
00C20
7FF07
7F66D
7F9D8
7FBDC
7FC24
0010F
003A7
7FE56
7F917
00794
00078
0067A
7F60D
7F8C0
7FF11
7F915
007F1
00E7B
0039D
00001
00D1E
7FE9B
7FAC8
7FF6B
006FB
00268
0030D
7FC02
012AC
00354
7FD79
7F3AF
7FE44
7F9D3
005ED
7FE47
000F0
00047
7FE7F
002BF
00155
00E3B
00ADC
7FF23
00A94
7FE0A
002D0
001DE
00489
0001C
00C30
00200
0023B
7FA8A
012FC
7FBD0
00CC3
7F2E0
7FF37
7F960
008A9
7FECF
7F9C4
00471
0020A
7F4BE
7F873
7FBC2
0048E
005DA
7F824
7F4B4
00E4D
7FCDC
00103
7FE28
7FB12
00CD9
01191
7F951
00194
7F82B
7F1A6
7FC01
7F988
001A2
7F84D
7FE32
7FB3E
7F90E
004BB
004E9
009A8
7FFED
00665
7F9EB
003E7
001E3
7F79F
7F347
008E6
00A0F
00DE8
0072B
00A4C
0029F
007D7
7FF3D
7FEA1
0011A
00216
005E1
7FDEC
00F0D
003FF
7FE00
00B3F
00485
0016D
7FD86
7F9A0
00AE9
7F4C1
00638
01094
7F629
7F484
00538
7F35D
7F5A8
0093B
005AC
00093
7F237
002B9
7FF26
7F9C7
7F623
7FA7D
7F84C
7FDCF
7FBEA
7EF17
00717
7FC57
00046
7F58B
7F785
7FFA7
7EF43
7FFD8
003E6
002BF
00560
00222
009CE
0022E
7FB04
0052E
7F10C
0028D
7FD3D
7F1E4
00AE4
7FFE3
00610
00361
7F457
7FBAA
00E2D
000BD
7FAF6
002CA
00160
00353
7F6CD
7F7F0
7FA4C
7FCBB
00600
00196
7FC72
002B4
0041A
7FECA
009E1
7F28D
7FA01
7FBCF
00536
0074D
7F2B3
00EC8
001D1
7F7DE
7FE01
007BE
002B2
00AE1
7FEA7
7F647
7F79C
7F07F
7FE00
7FF5D
7F729
7FFAA
7FB28
00B48
001EC
7F873
7F601
002DA
7F157
006F0
00334
0054B
007BA
007F1
7FA00
00C2E
7F8AE
7FBCA
003A4
7F9A5
0017B
0055D
00600
7EB17
7F9DD
003D7
7F20A
003E8
7FC72
0071B
7FE00
7F60E
0009D
006D3
0067F
7F957
7F520
7F64D
7FA00
00399
007FB
0011D
007B8
00B3A
7F687
01001
7E950
00BC2
7FC4F
7FFCC
7FB04
7EEBF
007AE
00DAB
7F8BE
7FDAB
7FA8F
00503
7FCCC
7FB75
7FF9D
000B9
007A6
7F51B
7FF1C
0058D
00335
7F63B
008AC
001CB
0043F
7FBA5
7F7DD
0035A
7FCB2
7FAAD
7FD6E
7FDCC
7F7B6
7F284
0051E
00196
0006C
7FC29
7FBD7
003C4
7FFB0
009C7
7FCAA
7FF65
7FD7F
00FBE
0003B
0030D
7F75A
7F5C8
003A6
00817
7FD4D
0066E
7FFB0
7FCBB
00000
7FF6E
017BA
007BE
0036C
0087C
01003
00205
7EF0F
7F93B
001A6
7F9EB
7F9F5
7F478
001C9
7FE84
7FD2D
001FC
000B0
00AE7
7FFC3
7F771
003AC
00583
7F27E
00471
00759
7FA06
007AC
00A36
7F29E
7FDC3
00BFF
0085E
7FB81
7F316
7FE78
0031D
00688
7FE85
00B58
7F874
7FBF8
7FD4E
7FFA4
7EE1D
003F1
7FF6F
002D4
7FBA7
008D9
7F847
0090C
7F5D0
0027A
00617
00BB8
005D4
7FF1D
7FD9B
000AF
7FB5B
012A0
001B9
7F600
00421
002F1
7F191
00EEF
7FF32
006A8
00134
00425
7EB62
00025
7F1C3
00075
00101
0074F
00357
008C9
003DC
7F2ED
7FC0B
0012B
7F48C
00178
7F967
005EF
00EBF
7FD5B
006D3
00426
0060F
00800
003F0
00713
00745
00034
0023C
7F5E7
012FB
00516
7FF99
002CF
7F18A
7F66D
7F9D9
7FC02
00093
7FAB0
7FF88
7FAD4
00CD7
00187
0062E
7FBC9
7FA15
00518
0062B
005CF
7EEFC
7FBC7
0060E
7F50A
7FFA2
00D02
000AD
7FC00
006FE
007F6
7F1AD
0007C
7F8F2
00510
00319
7FDC3
00458
00B8C
0003E
00522
003DF
0003B
00AA4
7FE00
7F4EC
00FEB
00133
003F6
014A0
00434
7FD3E
7F9C3
0022F
7F191
009CA
00751
7F814
004EA
7FCAD
00BFF
7FCEC
7FAD7
7F6C1
00658
0109E
009BD
7F976
0063D
7EE5E
00599
00094
7FE62
0010C
7F4EE
7FED7
7FA00
00296
002EB
002AA
7FD35
006F5
7F2A6
7F0B2
0023E
00912
0079F
7F91B
00D2B
0047B
00045
7FF5B
00400
0055B
00707
7FF11
00385
00C9C
00BD6
7ED1A
7FFEF
7F3F2
7F61B
004ED
00157
00333
00739
7FECF
7FB8B
003C0
00863
009B5
0079B
7F9D0
7FBC6
00B23
7FB85
7F043
0029D
7FEFD
7FAC6
000C3
7FFBE
7FE6C
0043D
00B49
7E834
00B40
7F31B
7FC2F
7FCFA
7F7BD
007B1
00400
00611
7FDF5
7F3BE
00141
7FD06
7FC0A
7F53C
7FB25
7F797
00DEC
0134D
7FE63
7F7E2
7FF83
7FFCD
7F3A0
7FE59
7FD42
7F598
7FCD2
011E6
7FE35
7FC00
0024E
0026E
7FD2D
7FDE4
00DFC
00EAE
7F89D
00229
01314
7FE30
00D12
7FE92
7FC05
00805
7F97A
00000
000BC
00001
7F615
7FBB4
7F8A4
7FDBE
0035C
7FBAD
7F2CF
0038F
00796
7F717
00462
7FC88
7F8BB
7FC01
7F6CA
7FA69
7FB67
7F562
7FA20
7FE27
00AB8
7FAC7
7F780
008BD
007B6
002F2
7F3AC
7FAF8
7FE2F
00B50
7FEE2
7FB03
7FD94
7FD21
00DDF
004F0
7F854
7F58E
7FECA
7F9E1
7FD45
7FB57
7F9B1
7FA33
7FF7F
00000
7FE4C
7FABC
7F5E6
7FFBB
00937
0003A
7FA26
00ABB
7FDBF
00E51
00BD5
0093E
00904
00059
7FB08
00F38
7FE5A
00731
0008C
7F43C
7FFE7
7F725
002AC
7FE77
00465
003AB
7FC1D
7F544
7FC73
7FAF2
7FC5B
0087C
7FF65
7FF5D
7F92E
7FF79
7E126
00E09
7FF9E
002A8
7FB22
00D94
7FC7A
000CE
00BA6
00AE5
00231
0002F
7F79D
005CA
000B1
004D9
7F7FF
7F96D
0102F
009AB
7FFFA
00495
7FEBB
7FF92
00090
7F445
00434
00000
00BB9
7FBD8
00537
7FE12
7FF98
00199
7F9C3
7FF2B
7FE89
00B29
00610
000D3
7FFC0
7FBC9
003AF
00BFF
7E1DC
008F2
001EF
7F951
7F704
7FCBE
009C9
001FF
7FC05
7F5F8
7FDF5
7FB2C
00FE3
7FB40
7F72C
00400
7FC85
0097C
7FE6C
00B94
7FA83
00265
0072A
004D4
00B6F
7FDA1
0103B
000D4
7F7E9
00837
7FEEC
007FF
7FDC9
0050B
7FDA1
00506
00834
00740
7FBF4
001FF
7F6CF
7FDEE
003D9
7FB2D
7FA71
008C0
0043E
00200
7FCF6
7FCBE
001D0
7F6AB
00677
00B4C
7EBEA
00BD7
7FD7B
00A65
0024B
009AC
7F6DE
0009B
7EE92
000A2
00A72
00DED
7FDE4
7FF22
7FFCD
7FA1F
7FE9A
00337
7FF4D
7FAA5
00B37
7F6D2
7FE0D
7FE80
7FD33
00000
005C9
7FFD7
0066C
7FFE3
7FCD0
7FE65
7FD9E
7F6C2
7FB7A
7F4F8
0015C
7FFFC
7FA62
0060B
004F3
00C9D
7FD27
7F15E
00551
7FC4F
7F1FB
7E573
7FFEF
00607
7F968
7FEB5
7FA5F
7EF72
004C0
007E3
006AE
00800
7FED9
0053E
004FF
003F8
7F992
7FC05
00199
7F18B
7F639
7F4D5
00408
7F60F
005F6
7FA1F
00473
7F8EF
0082C
00084
7EC95
7F851
7F9C0
7F62A
0053D
00517
7F3D5
0076C
002C3
7FF72
0024D
7FB52
7FDFA
00200
00081
01718
7FB96
00874
7F2F3
004E9
008EE
001AA
7FD39
0033F
7FE7B
00ABE
7FF1F
00535
00C60
009E5
7FBDB
7FF11
7EF5D
0025E
7FC42
00268
7FD6E
0089B
7FB5F
7F230
00CAD
005C3
0029F
003B4
7FDF0
7F200
00D6E
01182
001F4
7FC29
00B7A
0090C
006F1
7FB55
006C1
001A2
0060B
002F8
7FA36
003B2
003C9
0066F
006DD
7FA01
7FF58
000E1
0093B
7FC99
7F356
7F982
01180
7EEBC
7FE60
7F04D
7FA7F
7F6A5
7FD42
0016B
7FA70
7FD77
0095C
002F6
00117
7F888
7F5ED
7F473
7FECF
00923
00916
7FCD4
7F812
7F8E7
00476
00022
7FEC8
7FDA9
00AE3
7F2FF
00157
00B4A
00401
00530
7FEF4
7F015
7FCAE
00A4A
00102
00800
00614
00200
0009C
01527
00336
7FBF2
002DA
7EF32
00800
00711
00275
005F6
00FBA
00A17
0075D
7F911
00D2A
00000
000C8
7F9FD
7FBBC
01252
7F731
001B2
00E6C
7F21D
7FE0F
00253
0016C
7F880
7FA7D
003FC
000E0
7FA01
01472
006A4
001DC
0053A
00A14
000F8
000CB
7F8EE
7FE6E
7FF2E
7F93A
7F265
7FDD8
7FB61
00F62
7FC01
00CB6
00586
7F63A
7F483
006E1
002D7
001C0
005E4
7F9CF
7FD37
7ECA9
7F305
7F9FE
012DD
7FB89
7FE00
7FA0E
001E4
00A28
001FF
7FD4E
7FDB6
7FC39
0109F
7FE91
7FFD2
000CD
00616
00034
7FD72
00D81
7F87B
00115
00225
012E2
00827
0038B
006B9
7FB68
0093E
7F880
7EFEE
000FA
0025B
7FBDB
00A37
0051C
7F8ED
00002
7F80F
00DEE
005F6
0078D
00AD0
7F3D3
7FEC9
7F949
001DD
00CB0
7FC9A
00E40
7F769
7F826
0058C
00D18
7FEBD
7FE8D
00813
00479
01112
0005F
0007A
7FF6C
00723
7EBB4
003E8
7FD96
00CA0
001C6
00000
7F8B8
00C53
7FC12
0045A
00262
001D8
7F966
7F4BB
7FCB9
00582
0004A
0151F
00399
00A6F
00A84
005A6
0105E
7FB39
7FEC2
7F9FA
00025
00C00
7F856
7FBDB
00421
7F4D7
7F8AA
7FFC8
7FE55
7FDEC
00C1E
003FF
7FA80
00522
0029E
00A6A
7F29C
009D4
7FD7D
013D2
7ED92
002F6
00BEC
7FBCD
00C2A
00377
7F1EA
7FA59
00A5E
00050
7FD3E
0037B
004CB
00861
00614
004C6
002C5
00919
7F535
7FFD9
7FCE6
002DB
003B5
7FC00
000E2
005BE
7F3AD
00070
00307
0098B
7F7D7
7FCC5
0051C
0005D
7FC42
7FDC7
00882
7FB17
7F816
7F3B6
7FD9C
7F8A4
01112
00FF8
7F7F4
0034A
00374
0105F
005BC
01477
7FBA9
7FAAA
0069D
7EE7F
002A2
0016A
00591
0038E
00567
7FEBE
004B4
7F92D
7FC55
00284
00295
7FD4F
7F60D
0054B
7F9B8
7FAE5
0032F
002ED
00379
00595
7F9A8
7FD22
7FF8A
00757
7F1FD
7FB2F
00129
004A0
0030A
7FF7E
009CA
00661
0029A
00400
7FD30
7FDEF
00423
7FD70
0066E
7F292
00900
002D3
7F710
000BB
7FF66
010A6
7FD3B
01428
00B41
7F801
00C85
00F72
006BA
0023C
7EE05
001B3
7FD7A
002D3
00380
008E5
002BC
002BF
7FE4A
0043B
0011D
7FC00
7FF7A
00205
7F6E6
00C37
001E6
7EC90
7F80B
7FD2B
00056
007EE
7F7D8
00C50
00968
007DD
7F4C6
007FF
00288
7FAF2
7FA51
7FC1D
7FC23
002E5
00FD9
7FD2C
7F960
00418
7F352
7F849
00895
7FC07
00720
00200
00D10
7F8AE
005AF
7FD7E
7FADD
7F5EF
000D3
7FE5F
00494
00DA9
7FCB8
00113
7F280
006E5
00AA4
006A0
004C8
005A8
7F712
7F9EE
0067E
00636
7FA26
00423
7FAB2
005A9
000E1
00592
00681
0044D
7FCBA
7F61A
0098D
006EC
7FB75
7F9CA
7FC2A
0075B
00551
011A8
000F5
7FDC3
7FFEF
7FF3D
7FF64
00193
7FC5B
0093D
7FF4F
00613
7FC08
001EA
009E8
7F7BB
00917
004CB
7FC77
7EE02
7FE24
7ED8C
7F50C
7FC97
00E12
7F800
7FC42
0082D
7F679
002DE
010D2
7FD80
7F46A
00741
00134
7FDC7
7FA18
00C48
7F9FF
00250
7F825
0043D
7F46B
00C06
7FF92
0066E
012F1
0031D
00134
7FBBB
003A2
7FF4B
003FA
7FC19
006F8
7F759
7FD6F
7FE00
0053C
00865
7F996
0086D
00978
00AAC
7FF1B
7F22D
00B24
00624
7FF0C
00100
00020
00557
00898
7F347
006F8
00332
7F327
7FC17
7FAB7
00085
0074B
00F8A
00970
7FF66
00894
000E9
7FC15
7F101
7F940
7FA00
7FFB3
7FDFC
0048E
7FD34
7FF8F
7FCCE
7FA4B
7F357
7F66F
7FF8F
005A7
00A8D
7F78D
00A32
7FE8E
0064D
00A5F
0013A
00AFE
0016E
00AAD
00569
00175
01141
00233
7FC5E
0013D
00C39
002AD
7F28D
7FA67
7FA58
7FB1F
7FDF1
00A99
0015C
00002
7FA5F
7FD5D
00CF1
0034F
7FB79
7F86D
7FE4D
7FBA5
00067
00351
7FEED
005DB
7F8ED
0064F
7FD6B
7FA02
7F7D3
7F4DA
0047B
00362
00199
7FA64
00A15
00BC6
7FCD8
7E8E3
01000
000B3
7F6C5
004E8
7FC28
003AD
7FDC5
000CB
0021A
00B57
7FFB7
7FE20
0036E
7F9E8
00052
7FB73
7FA01
00364
7F7C8
00F46
7FEC5
00519
0031F
00177
7FE1A
7FE67
005FE
7F149
7F81A
00724
7F9B0
7FC65
7F801
7F9FF
7FA5B
7F868
7FFD9
7FDFF
7F902
7FE49
015E4
006BA
7FFC7
007CC
00639
0077B
7FDD7
00819
7F601
00442
003CB
00FD7
7FD3C
006E3
7FE19
007ED
011E4
7F1E1
7FDD4
007AC
0063F
00522
00027
7FC47
00200
7FAD9
7FB14
00982
7FA96
00787
002DC
00027
7F2E9
7FE7B
7FD3B
00889
00861
7FF8D
000CA
00466
0024B
7F4E5
00118
7F26A
7F062
7FFEB
008A3
7F213
00603
00029
7F7C2
7FCEF
0017B
0065B
00769
0013F
0043E
7FF7B
7F7BF
002C3
7F334
7F90C
0053B
0034F
7FD75
7FC79
00A01
7FCAF
7FFA3
7F2BF
0091D
001A7
002BD
00033
7F8AD
0072D
00865
7FC44
7FF61
7FEC0
7F689
7FFB4
7FAB5
00424
7FFB1
7F6E6
7F76A
00795
7FE00
7FC05
7F2CF
7FCB8
7FE1E
7FAD9
01105
7F767
006F2
009C3
00137
0018C
7FF68
0000A
7F9C6
7FA35
002D3
00924
001AE
7EECE
0015F
7FB17
7F27D
7F62D
00C2A
007E9
00AEE
7EF93
0041A
7FB34
7F97A
7FFED
7FE01
0052B
0023D
7FB9C
7F687
002B7
002F0
00E73
7F6A2
0033A
7FB83
001B0
7FCFF
7FE15
7FB75
0029F
00001
0011C
00917
00535
000EC
7FCCB
003DF
0177D
00734
7F9E1
0032E
0119C
7F9DB
00C26
0031B
7EDDD
00000
0061B
7FCD2
003E9
008AC
7FF09
00DF4
7F81B
7F5F6
7F7FD
0011F
00027
00397
7FDB3
00A49
7F1E0
009AD
7F8AA
7FCDA
7FFF3
00888
002DF
7FCD7
7FD40
7F7E4
002B5
00362
003F3
7F770
0099E
001C2
7FCC6
01263
01313
00B0C
7FCDD
7F43D
7FAD3
7FD37
7FC97
00213
0078B
7FD9B
7F8BB
007A2
00655
7FB56
7FAA3
0035F
002E5
7F82D
00007
001FE
7F906
7F7F2
00D21
00A7E
7FF23
00C3B
7FB68
7FFA4
7EF57
000D9
00A60
7FC00
7FE68
7FE5B
7F963
7FF8B
00C23
7FC15
7FCD8
7FF2D
005B2
007F9
00855
00329
0040F
7FEF8
7F64B
7FC01
004CF
7F41B
7F51C
00C28
0036B
0085C
0012E
000D3
7EDE3
00AD7
7F358
7F926
7FBC2
7F282
7F4DA
7FC01
7F4EC
7FE06
7F6CE
7FA52
7FD19
00409
00358
004D4
001F3
005D0
0057F
00553
7F9A8
7FB11
7FF61
7FC01
7FF02
000E4
00841
009FB
7FAFE
7FAD4
7FAF5
7FB2C
7ECB8
00601
00146
7FE5F
00582
00023
00927
00600
004CB
00528
7F8DF
0047C
7FC5B
7FD4E
7F7BF
00214
00959
000BD
00835
7FB1F
7FE6B
7F2ED
003F6
7FD11
7F258
005EE
7F867
00636
0083F
00B99
001BE
000F2
00EA9
00D08
00537
008F2
00798
7FD88
002EA
7F61B
7FE7D
7FC30
008CB
005F1
7F4B9
00003
00333
7F9B3
00B7F
7F261
001D9
0055A
7F60F
7F712
00191
00713
009B1
7F555
7F9C9
00082
0068A
7FF32
7F37B
7F854
7F387
00545
00B6C
002E2
00091
7FE65
7F856
7FE00
0024A
7FFB3
7FD85
7FC0D
0020D
7FCE5
7FC06
009DD
0048C
7F927
00647
7FBE5
00D93
002A2
7FCD7
0043D
00CAB
7F7DD
7FC22
7FC96
7FD07
00868
00240
01257
7FCFB
7F867
011CE
00950
7F490
7F968
7F61A
7F801
7F494
007B2
7FAAA
7FAAC
003DB
7FFE9
7FF12
7F342
00A1F
7F6D8
003D9
00329
00618
7FB27
7FADF
00711
7F590
7FEA6
7FB4F
7FA51
7FB7A
0045C
00AFF
0126A
001FA
00737
7FC1A
00CE3
7F8EE
001A3
7FF83
00800
00B2D
004DB
7F0B5
7FD6A
00F7D
003BA
00B6B
00D06
00471
7FF28
00C49
7F5E7
00079
7F680
00EF8
7F362
7FA06
7FCCD
7F206
00783
7F8A0
005B5
00BC2
00654
7FF7D
7FC54
00772
0051B
7FBAA
7F222
00C02
7F784
7F1CA
00AA3
00564
7F75E
7FE87
7FA38
7F47C
000D6
7F7E1
0038E
001D5
00C2C
002FE
002B8
7FBC6
010F1
00D6D
7F4F9
000D2
7FB8E
00111
001FF
01523
7FFB6
7FD5C
7FBCC
7FFF2
0090B
00477
7FD08
00435
00000
010B2
7F540
002F5
7F19F
7F39B
009D9
7FD93
7F601
7FEAD
00535
7EEE2
003A0
7F89B
7F74A
00108
00FFF
01253
7FEBD
7F979
7F978
00239
00256
000DA
7F858
007F5
7ECE6
004AE
7FED7
7F95A
001A3
7F592
00000
0037F
7FDCA
0023D
7F9E7
00882
00220
004F0
7F600
7F132
0062B
008ED
008DA
7F5F6
000AF
0036C
7F801
7FF5A
7FE3B
7FBAE
00306
7F957
7F1B0
0024F
003A8
0043E
7F7BC
7FDDA
7FCAC
7FE77
00663
00BA3
7F200
00221
7FA25
7F867
7FB34
7ECFB
7FEB8
7FDA1
7FF5E
00B15
7FD2C
7F531
00B6B
7F5D3
00470
7FDB0
00476
7F5C0
000BB
005EC
7F5EF
7FEBE
0037B
00736
7FC44
7FF09
00F30
7FF94
7F53B
010E0
01144
7F7AE
0016A
7F5EE
00237
01430
00B68
7F66B
00100
7FA62
7F674
00937
007A8
00E93
0003E
00878
00110
005EA
7FCA1
7F8A5
00333
7FD84
0007E
7EECF
006B1
7FAAB
7F3E6
00388
7F1CC
7FBA4
00C93
00AE9
00076
7FC09
7FA00
002A0
007DC
7FD57
00103
000B1
7FDC1
7F601
7FA23
0039D
7F6C7
7FA7C
7FDD6
7FBF5
011DE
7FEA8
00B51
00D5F
7FED3
00879
00106
00C09
7FE32
00536
00764
7FB45
7FBF6
7FC3C
7FD73
7F904
00E23
7F252
009FE
005F5
7F944
00447
00ECF
7FB30
7FA10
0018E
006C2
0000A
7F68F
0024F
7F520
00838
0007D
7FB34
7F785
001EC
7FA7D
7F370
7EB2A
7FF61
7FDC8
001E7
00310
7FDC2
7EE64
7FBF4
003D2
7FD05
7F78B
0111F
7F800
0098C
0038F
7F9CF
7FF11
7FBCF
7FF5C
7F9F3
7FBE2
7F824
7FAE4
0045B
009AC
7FD4F
7F965
00C66
7FD84
00E9B
0065E
001B5
7F871
7FFA2
7FE45
7F962
00486
014D1
7FF13
00D74
7E57A
7FC4E
004BC
7FCE0
0043E
7FB39
7F7AA
000B3
00460
0017E
00425
7FBEB
008D0
7FB41
7FD3A
003EA
7F49C
00078
003A1
00A7F
7F5AF
0003E
7F724
00481
7FA1B
7F5F4
006CD
00089
7F75E
00C86
7FFAD
7FFE0
7FC54
00815
7FDFD
000CB
00C00
7FAC9
007A7
7FC83
7FC35
00A62
004AC
0043D
00097
7FFF3
7FDCA
7F746
00B31
7F47D
00054
7F95A
005FF
00908
01085
7F450
00214
008B2
00543
00221
7F76A
005D9
012B2
00335
7FCA3
7FD40
7F737
002E6
7F800
7F552
0031E
7F29D
00974
00527
7F61C
00897
0036B
7FF70
01009
7FE3C
0001D
7EF64
001D5
005C6
005FF
013F6
004B3
01596
7F845
7F5B0
7FFFA
006CC
7F498
0044E
7FF75
7F7A4
7F80D
7FA58
006A1
7FED8
00400
7F6B2
7F755
7FCBB
00A09
008DD
004DA
0069F
7FAD0
0091E
005EE
001A5
7F062
7FCBF
7FDAD
7FED0
7FBDC
002BD
0057A
7F62F
00211
7FD56
7EC31
00B94
7F174
002FB
00617
00AE4
7F4EE
001B6
7F810
00322
7FA58
7FBEB
7F74C
001A7
00BFA
005F0
7F985
0041B
00166
00A25
00940
7FC20
00654
7FD80
7F38F
7FD9F
007D5
0007C
009D6
7FD01
00243
005A6
7FF49
003F5
003B8
0113A
7F4A1
7FC0E
7F444
002E7
00121
004F1
7FC00
00B85
00641
00227
0019D
7F762
7F632
7FCF9
0069F
7FD3B
00394
00F86
00581
7FAF1
7F4BA
0037C
0043D
00A78
0136B
00E0C
00C42
7FB52
00637
7F171
00050
00E7B
0030C
0076F
7FF01
7F2F4
007A5
00958
009FE
001A6
00068
7FDD9
0049A
004EB
7F94A
00533
7FB17
7F4CE
7F915
0061E
00A57
7FD14
7FFC3
7F95C
0043D
7FCD8
7FA6B
001F0
7EC29
00372
7F990
004C6
00476
0142A
7F5B1
007CE
006C3
005E0
7F149
7F604
00800
000F0
7FAB5
7F9A2
7F9BF
0093F
7ECDC
00A20
00513
7F9ED
7FD39
7FF99
7FACD
7F227
00122
00DFA
7F58E
00A37
00947
7F7AE
7E8D4
009CD
7F9FF
005A3
00C51
7EF47
003C6
7EE35
7F873
00508
00467
006F3
7FA56
001D9
00BED
011F9
7FDBC
008D1
7FBA7
00433
7F8B5
7F604
7FBE3
004CD
00674
0010A
00A4E
005D2
7FF1B
7FB8B
7FA93
0017B
7FE64
7F475
7F7AE
005E2
7F475
0019E
7F97C
7F692
7F726
7FC64
7FD44
7FCFC
7FA00
7F444
00306
7FF10
7ECF8
0029D
7FE76
7FA0C
00369
7FDD7
006E3
0072C
003BB
7FFBF
7E75F
7FE59
7FC01
0042D
7FB01
7F7EF
00861
7FD9E
7F8A2
0068F
0023E
00005
00086
00924
0050B
7F4A2
01246
0084C
7F602
7FB25
008D1
7FEC4
7FE8D
7F2AA
7F8A2
00941
00095
005C9
7FD8B
7FE97
00319
7FB78
7F446
00A45
003FF
00CA9
0121B
7F0C2
7F41C
7F26A
7FDF0
00044
7F9C2
002B9
7F212
003F3
7FC1F
0043D
7F46F
00B92
01800
00368
7F56B
7F166
7FA6B
7FE7D
00C66
7F4D4
7FD71
0108F
7FD11
00559
7FA8F
00FC3
00612
003C2
00734
7F803
7F93F
002F4
00E4A
00439
003C1
7FE85
006A7
00489
00A76
00675
7FEEB
00762
7F9FF
00B11
002D4
00395
7FAC9
7FC5B
7FCF2
7F259
00CF9
7FCCD
0050B
0063A
7F5CD
7FCB1
011D0
7F6E6
7FE28
7FCA4
7F3D5
00557
00C6D
7F481
7FF80
00405
7FC40
7F5E8
7F821
00984
001D0
7F628
7FC08
00B3E
00486
7FB52
00800
00820
009F2
003DC
7F02A
00367
0002C
00820
0030F
7FB61
7F437
7FFCE
7ED7D
7FE37
0001D
7F8A3
7FD2D
7FB05
002D1
00BF7
009A1
012C4
7F74A
005D9
00C9E
7FA23
7F88A
00566
00027
008D4
007F4
0005C
00400
00CA5
00705
7F53C
0009D
0079C
00152
7FEE7
00763
00465
7FAD9
0034B
7FE5B
007CC
7FD64
00929
7F785
00351
7F53D
7FEBA
00BA8
7F744
00182
7FE0E
000E4
00DC5
7F8E2
0052B
7FD7F
00A9D
7FCDB
7F8B0
00400
0142E
7F6E9
7FD18
7F66B
00943
00035
0074B
7FAA0
7F8C9
7FEB1
00855
7FBC5
7F525
00479
003B3
7FEEC
7F972
00426
0088C
009FD
004A0
7F4AC
008DE
00020
01025
005DB
7F68E
0112E
7FDFE
7FB9E
7FE4B
002D5
007C9
7FAF4
00C3E
7F765
7FDA2
7FD71
7FDA0
00439
7E9C6
005F2
00643
003A2
7FFBF
00B88
7EF46
7FB3A
7F8F5
7FB92
00320
7F943
7FB0B
7F71D
7F040
004F5
7F960
7F10C
00733
0094C
0017D
00484
7FCB7
7FC00
001B2
7FEB8
7FCF6
7FA41
7FA7C
003D0
00AB0
005A7
7FF46
00B8D
7FB37
7F043
00A8C
7F341
7FE5F
7F801
00080
001AF
7FC61
7F88C
7F9E2
7F2C0
0021B
00C7C
7FF17
7F339
00385
00F23
7F5E4
0030C
7FC89
00FFE
7F787
002D0
7FCEF
00144
002E2
7FE00
003E5
7FA59
009A7
7F824
7FC82
7FFF0
7F500
7F77F
0007F
00400
7E9D9
7FCCB
7F5F3
013F0
00C83
7FB70
7FBBF
7FB84
7F91C
00914
7FD3A
008A6
00219
00233
7F37B
00600
00532
003F5
7FB16
7F851
7FCFB
0073B
7FFAB
006F6
7FF77
7FFF5
7F389
01013
001D7
003B9
7FF4D
7F90E
00B3C
0011E
7FBEA
7F6F3
000E6
7FF32
00892
0039C
00025
001C5
0055E
7FBFC
7FBB6
7F76A
7EDCB
002D5
7FE81
7F916
7FDA2
7F74D
00C96
005F3
008B0
00ED3
00160
7EFD2
7F92D
7FB42
007CF
0073A
7F96C
007D6
0048D
7FA36
00FBE
7F2E9
00349
7FFFD
0135A
7FAD3
7FE8E
013B4
7F635
7F84C
7F29D
7F7F6
7FB37
00400
00536
00016
7FF34
00017
7FA42
7FB28
0088A
0030F
7FAD2
00251
7F52F
7F3AD
000FC
7FCD5
00261
7FA59
7F9C6
7F09D
7FADD
7F24C
0051C
00402
7FCAD
00848
7FA2B
7F1AF
00147
7FE37
7F7EC
7F184
0020D
00400
7F81B
7FC8A
00239
0007A
7F55E
00C40
00227
00763
7F237
0072C
7FFAA
0083C
0049E
00397
7FD9F
7EF08
016D5
00719
7F75F
7F6D8
7F5C5
0009A
0116B
7F674
0033A
003D8
00206
008FE
001F9
7FAFF
0019B
00200
00678
0006D
7FABB
0042A
7F81D
7FFF4
7F17E
7FDED
006E8
004DD
00BD1
7F348
7F151
7FC51
7FC8F
00D0E
00269
7FECE
009AF
00D1E
7FDF5
0076F
7F7F7
0042A
7F907
7FD00
0039F
7FA8C
7FF1B
00827
7FF10
002D3
7FC67
7FAE5
7FB63
7F97E
7FF9F
002B6
7F36C
7ECB4
00A75
7FDB5
7FCEB
7F729
00A65
7F589
7F0D5
00071
00245
0074B
0097C
00DE1
7F090
00C95
00AE7
7F941
00C9C
7F465
000DA
7FA46
001ED
7F4CA
00765
7FC00
00819
003A3
7F674
007BD
7FF40
7FC37
0029C
0003F
7FC79
0022D
0004A
7F7C8
7FB17
7F91A
7FF7B
005FF
008F4
00B4D
7F26D
7F156
7FB6A
009DB
0005A
00169
7FD1F
7FE25
002FB
7F414
00957
7F897
7F43B
00FFE
7FB5D
7F4F2
0113E
0040D
7F248
7FD83
00223
7F7C2
0033A
7F594
00653
000B3
7FEC5
7FC48
003B5
00600
004F3
7F676
7FE07
7F2DE
7FFE4
7FD64
000F7
7FE95
7FD1F
00FC4
00990
7F371
004A7
7F112
7F738
00000
7F906
7FD17
00D01
7FE7E
00647
00DE6
001D0
00361
7F44E
7FFB5
7F4C9
7F938
7FFAD
0082B
0004B
7FDD6
00889
006C4
003D5
7FE52
00073
008BB
7F9B9
003F8
0115B
00788
000D7
001C8
7FFC5
0065F
7FA96
7FA57
7F851
7F73F
0126D
7F724
7F67B
00682
0052A
7F744
7FF2F
7F753
7FD6F
7FAF9
016F9
7F6D3
7FA71
7F89D
000F9
00AD1
003F6
7F227
00656
7FAD7
0056B
7FA25
7FF7C
7FDA7
7F71A
7F740
00125
00BA2
7F809
7F800
7F7D5
0103D
000E8
7FE1F
00F08
7FACB
00162
7FE07
00621
7F3C9
00498
7F484
00517
00212
7F4FF
7F785
00176
00765
7F893
00ACA
0042A
7FA2F
7FE26
007D5
0066F
00663
7F9FF
7FDB8
7FDBD
7EC03
7FA23
00000
7F343
7F72E
7E64E
7FC0D
0026E
00A1D
0030F
7F5FE
00462
7FF28
008A7
7F0BF
7FA31
7FB1C
7F781
01972
7FFF3
006C6
7FEAF
7F77E
00DBA
00698
7FE77
7FCC1
00549
7F79C
7F97C
7F239
005FB
00246
003CA
7FC00
00222
7F78B
7F646
01473
0047A
00146
0016C
00C44
0041F
007D7
00BF5
00726
00E60
7F459
7FEBA
7FDD6
7FE54
7FC34
001E8
003D5
7F883
7F89C
7F159
00240
00D3E
00150
7FE46
00056
7FF5B
002F8
7FF54
7FD2C
0029F
7F1ED
7F20F
0076F
7F603
7F66D
00C1B
00305
00D73
00763
7F6DF
0012C
7FDA8
006F3
0039F
7F7B7
00877
00119
00C99
0019F
7FD8F
003CB
00DC9
7F72E
007AF
0017E
7FD62
7F08C
7F628
00A5A
00454
7F800
7F543
0083C
7FD30
7F6CE
00599
0025E
7FB7B
001C4
0037C
00434
7F694
7FEC6
00925
00DC1
7F834
00DFE
7FC4F
7F465
7FD0E
009F2
00475
0047C
00261
00FE4
7EF13
7FF81
7F95C
7FC28
7FCF0
00947
003A4
7FC00
7F662
00947
00BDA
001E3
00890
7F499
006BC
00A3C
7F4D1
00B84
7FCEC
7FD3C
7FFF1
7F8D6
004F1
005FF
7FCA3
00219
7FEB3
0055D
7FA06
0013E
7FCBA
7FC1B
0121C
7F8C7
0030A
7FFDA
00F45
00370
00932
01000
004D0
00649
7F764
7F71B
7F8F0
001EA
00504
01398
7F3C5
004B7
007C7
00632
003EA
7FE8B
7FA38
00764
0029C
007F4
000E0
0063F
001F5
7FD90
7F9C9
7FA78
00632
0046E
7FD06
7FA7E
7F9DB
7F9B6
7F9C6
00E24
7FCD5
00027
7FD5D
7F923
7F791
0030B
7FB91
7F84B
006EB
7FB53
7FFF9
00334
7F678
7F9CB
00C85
00539
7FA15
7FB35
7FD01
0063F
003DB
00823
006DD
00582
003E7
7FA40
00136
0066E
00392
7FD40
00426
00A00
00D0F
0006C
007BA
006C0
7F325
7F4FA
7F9D1
00424
7F684
7F9B6
00124
0034A
7F98D
00B03
00952
7FD2C
7FAF1
0075B
7F3C6
001F2
000DB
7F64C
00495
00424
00935
00365
7FEF4
00D84
7FBCA
004F3
7F38E
00200
7F87E
00EE1
013B6
7EEB3
00E78
7FFAB
007E0
004C8
7FE75
008DA
00244
0066C
00803
00D70
7FBD3
00B51
7FEA9
00635
7EEEB
7F545
00180
00C98
7FEB4
7FB39
7F70A
7FE03
7F72E
7FDC4
0033D
7FE52
00710
7F600
7FBE6
006FC
008DE
007F8
000A8
7FEBE
00CD3
0096A
00217
00912
00DD0
7FD5D
7FD08
006D1
7F700
7EF3E
004A8
00472
00A83
007DA
7F1F9
7F3DC
7F7F4
00EA6
005DE
7F792
7FCD9
7F488
002D6
7F6D0
7FCD9
002D5
7F627
7F9FB
7FF51
005B5
7F71F
00CA6
7FD4D
003E5
7FC8D
7FC12
7F427
7F73D
7FC2C
004B1
7EE57
00733
00040
003BC
0045B
7F028
00599
002C4
7FF26
00DFB
00584
01256
005E0
008F3
7F4F8
00D84
7EED4
00200
7E87C
7FA07
00C92
00293
7FEAA
7FCB3
7F481
002D3
7FF10
7F201
0025C
7F08B
7FFFD
7F978
00113
7F600
7FB16
7FDFC
00342
7FAF4
7F2B6
7FDC2
00066
001A9
7FC10
00601
7FD65
7F5ED
01517
001D4
0046C
005FF
7F727
7FA06
7FD65
004BE
7FB62
00123
0071F
7FD2E
7EF65
7F200
0092B
005CF
00890
0014F
7FEFC
7FA01
00011
7FDFC
0006E
7F5BA
7FEA9
00468
00650
7F658
008C3
00600
004B9
00BBA
008E2
00363
7FDDC
7F800
005F4
7FF44
7FF26
7F52A
00080
7F77E
7FF4F
7FC14
7FCF1
00130
0084A
007F9
7FDE6
00185
00174
7F7B6
7EF74
7FD0C
00585
7FB9A
7F56F
7F178
7FBE0
00C78
7FAB6
00068
7FCCF
7F33E
00222
00BAC
0062F
005A9
7FA21
00A13
7FBC1
00441
7F8E1
01264
7F911
7FDC7
00CD7
7FCB8
00773
0010B
006D2
7F489
7FA8D
7FDD7
7FAFC
7FD88
00157
7F436
00CC1
7F624
7EF5A
00785
7FD16
0070A
007BA
0023B
7FB7C
7FEE6
7F91E
00C00
000AE
007B5
7FD1A
01327
7FBE6
7FA25
0009D
0033F
01030
00ACD
7F85A
005CB
7FF21
005AA
7FA09
002D4
7FC2E
7FCC2
7FB5A
00310
001CE
7F952
7F7DE
004C5
001A4
7FD1D
7F437
7F7D9
7F649
7FEC8
7F7B8
003FF
7FB39
7FB9C
7F88D
01150
0000E
7F29B
7F60F
7F82A
7FC8B
0046A
0006F
004A1
00062
7FFA3
00E2C
7F785
7FE87
7FA70
7FF9C
7F2E8
7F77D
016CC
7FFE0
00424
0029B
7F048
7F419
004BC
7FF8A
7FB83
7FFDE
7FC00
7F80F
7E95C
7FDF1
0120E
0047E
7FE74
7F846
00C29
7F9B1
00A7C
7FB72
0089B
7FF05
7FD5E
0012A
00117
0026D
00FD5
00933
00A3B
002F9
010B2
7FABD
7FFB3
7F910
008E2
00153
7FB74
002F7
001CB
7F6C3
0087C
7F535
7F3CC
00010
7FE13
00FD3
7F94C
00262
7FC08
00159
007E5
7F66D
00902
7FE81
7FFB7
7FDB9
7F2F0
008F5
00B93
00595
0012F
00622
7FC0C
7F8C4
0020E
7FE43
7EC6D
7FE62
00414
7F0D9
00502
7FFAE
7FE00
000A4
00438
0000D
7F4B7
7FF5A
009A0
7FB48
7F03F
7F771
7FE6D
7F655
00F09
7FD4B
7FEB1
003D4
00400
00173
00458
7F352
7FE84
0032E
00113
0070D
00568
008E3
00DB9
7F756
01792
7F66E
7FB12
0039D
009FF
7FCB2
00170
00004
7FDA2
0022C
7F65E
00174
7E7C4
00437
7FBEB
7FB9C
7FB4C
7F700
0014E
00AA4
00400
7F9AE
00150
7F3A7
7FF26
007BD
7FEED
0052F
00294
7E7AE
7EC9E
7FDC5
7FE13
00427
004EF
7F6E2
00400
005D3
004BC
7FA0F
00994
7FEF6
7F224
004B6
0075B
007E3
0012E
00172
7F435
7FCB3
7FAD0
00120
7FE9B
7FC93
00701
00609
7FD29
00969
00606
00689
00153
7F748
0003E
7FD7F
0006C
7F745
7FEB7
0018D
0016A
002F1
00244
7FFA2
001FF
7F2B1
7F8C6
0095E
7F8FE
7FD85
7F2AD
7F8B9
01000
002C9
0078F
7FF3F
7FBBA
00975
7FE03
7F9E3
00451
001B0
7FCC6
7F95C
7FB8C
004FB
00443
7FE00
7EFEE
7FDB3
7FCDA
004A2
00200
0100E
7FA58
7F817
000B7
7FAB6
7FFA8
7FF2C
002ED
00693
00521
7F84F
7F39B
00D11
7FE29
7FAB2
7FBC2
00B05
00302
000CA
0030C
006DC
00BD9
000D9
00CEE
7FA71
0049B
0027C
00C4A
003E2
7FAFC
00483
003FF
00918
00A24
7ED1E
00918
7FA84
7F514
00408
7FC9E
7FE8F
7FF2F
00A3E
7F692
7FD9E
7FF14
00740
0043E
003D4
7F9E6
00191
7F252
00F39
00C35
00119
0055A
7FD60
00686
7FEDD
7F933
7FA69
00C61
004A6
7FE00
00370
7FFC7
0058D
003A4
7FEE4
7FF1C
00872
006BB
00D3A
0087C
00431
00522
7FF05
7FA35
7F828
001DA
01124
7FC10
005D4
7F90E
00984
7EFA1
00536
7F9C7
00273
7F642
7FD14
7FF21
004FD
7FDC1
0138F
009E7
7FC1E
7FF23
7FB0E
7F9BC
7ED1C
0045C
7FB10
7FAA4
00205
00229
7FFC4
7FC4C
7FAD6
00E87
00437
001AA
00894
7FBAF
7F2FC
007D6
7FF15
7FB5B
00F52
7F506
0055D
00CCF
7F854
00629
0042F
01277
0110F
00800
00069
00D5D
7FEC9
7FC22
7EF82
7F382
00206
008D3
7F9AD
7FF88
007B2
7FF55
005AE
00BD3
0082D
00000
00478
7FEDB
0023E
7EEA9
001AF
0050A
7FFE1
00456
7FDB9
7F97A
00419
0080D
009E2
7F8D0
7FE86
7FC00
00105
00093
0070C
7FF30
0067D
7F41D
000C1
0032C
00FFD
0045F
00275
7FB02
7FE0A
007B7
0050C
7FC02
7EFAA
7FE83
00399
7F60B
00400
0080B
002E5
00FA7
0030E
7F750
0060F
7FD99
7F6B8
7FEF5
00EB4
7FA00
00908
00D21
0000F
7F742
7FD0A
7FC8A
7F142
009CB
7F9FC
7F57C
005A1
00D4C
7FFBF
00BA9
7FB10
7FDB4
00AE6
7F4D2
0039E
7F9EA
00502
7FB51
7F7E8
7FECF
7FD9D
7F3E4
7FFEC
00969
7FF43
00583
00299
7FBC3
005C2
00A27
7F5DA
7FCB2
7FABC
0069A
00C3A
00972
000E3
001A1
7EB50
7FB10
000E8
7FA19
00877
7FF6C
0065A
7F523
7ECBA
7F316
7F7FF
015DF
7F478
7F68E
7FCA9
0077B
00538
000E3
00283
0000D
7FF17
01400
00857
00487
00B5B
7F8F4
00334
7FAD4
7F516
009FF
7FC61
0005C
00464
7F721
011DE
0099F
00AB7
0087A
00A5A
7FB3B
0003C
00117
00213
001F4
000BD
00424
0098B
7FCC8
7FD07
003F1
00836
7ED70
7FEE2
7F402
006F7
7FB2B
7FFD4
000CE
003C7
7FEA9
7F8FD
7FE06
7F943
7FC93
7F43B
006A2
7FA3C
7FB8D
0081E
002D4
7F488
7F0DF
00655
7F839
7FED0
011C3
006C1
7FB39
004E4
7FE9A
7FE65
7FDA7
00D12
00527
005B2
00C00
00F68
7F3AC
007A7
7F960
7FEAA
7F986
7F724
7F684
7FD37
0032F
0076D
7FAD2
00605
7FAC2
008B9
005AB
7FAAB
7EE19
006D2
7FC53
00206
00487
00806
7F687
0006C
7F1CF
7F517
7ED55
003AE
7FFCC
7F49F
7FD2D
7F894
7FD7F
7F8FE
00E08
000F9
7F829
7FB4D
7FEB5
00DF1
7FB5A
00157
7F60A
7F6D9
7FCB2
7F5D8
00116
7FC9A
00653
7EE78
7F777
00A9C
0013B
7F945
0080C
00C52
7FFEE
000CD
00118
002F8
7F5A7
00129
7FC00
00ABD
7F81A
0098F
7F1F8
7F648
00463
004F5
006D4
7F9EC
00146
0033F
0146A
7FE2D
0029C
00255
7FC01
7FA88
00C05
7FEEA
0024F
7FA14
00653
00E73
003FF
7F995
7F7EE
003F3
7F8CE
008D5
7FCF0
7FCD3
007FF
7F787
004A2
7FE28
00B33
009A6
0043E
00B5B
0012C
7FCE7
7F871
7FA3E
00D08
008B2
00E4D
00CD8
00001
7F9E4
0028E
0000A
00085
7F932
00108
7F956
00400
7FD9C
0030B
7FC92
7F5BF
7F869
00223
7F735
7EE00
7FF64
7FB42
0051D
7FDDC
00DDA
7F872
0001E
00268
004C1
01091
006A7
0084A
7F461
0055E
7FD9B
7FCA1
7FED1
7F6CB
00736
7FE6B
00206
7FCAD
7FC8C
007C5
7FA72
7FD79
003B7
0021B
7FF6A
7F676
000F5
7FE97
7F94E
7F7C9
7F30E
0099C
00DE7
7F051
7F99B
7E843
001BB
7F26A
7F8F5
00B64
7F5A9
7F578
00B90
005FC
7F828
0031B
009A2
00E6D
7F6D6
7F073
00B9F
00384
7FFDA
00CDC
7EEF5
7F638
000C8
7FC93
0004B
7FE00
002A7
7FA98
0008D
7F2F0
7F604
00599
7FBDD
7FFE0
0056C
7E99A
0118D
00782
00BB1
009BC
7FC47
7FE97
000D4
00C17
00D16
7FBC3
006EC
7FD4D
009E7
7FB19
00781
007F6
00D8B
0030A
7F72B
001A6
000D1
7FC01
00C5F
7FB1A
7F030
7FD15
00636
7F2F8
003ED
7F53C
7F415
00B4B
0040E
0017E
00848
006AD
7FED0
00169
7FE3E
7FBA4
0068C
001AF
00DE8
0128A
00486
006A0
7FF6C
7FF57
7F458
7FDF9
00093
7FAF3
7F9F7
00C00
00870
7F8F6
7FC46
001F5
00C57
7FB3E
7FCCA
7FB8D
001CF
7F288
00581
7F44A
00194
7FE83
00588
0064D
00105
7FBDD
00620
00B33
7F4C3
0149A
007E8
7FBC8
007B8
00052
7FD84
7FCAF
001FC
7FD3F
7F509
013CA
7FE6C
7F95F
00594
7FD5F
0019A
008F8
7F46A
7F508
00256
002F2
00CB8
0058D
7FD66
7F727
7F14E
7F82B
00226
7F490
00A51
7F60E
7FE17
00598
01410
00560
005C8
00B1F
7F055
7FB4B
7FB2D
0072F
0095C
00000
00100
7FF0C
7F62B
7F386
7E63F
009E5
00D03
7F546
7FAC8
00510
00500
7F47A
7F597
0067B
7F4DD
001FF
00045
7FABF
7F8DF
7FC05
7F7B4
7F89D
7FF4C
7F497
7F807
002F1
00683
00763
005A3
0079C
009CC
00000
7F90C
7FCD3
00206
001A9
00B9A
00C3F
7F514
00EBA
7FC21
0044A
00B69
7FD63
7FD5D
7FEB7
7ED54
7FE00
7FB57
7FE11
7F994
7FED0
000CC
0013C
01065
7F76B
006B9
7FF06
009BF
006C1
7F1C5
0032F
7F6EE
7FA00
7F35A
0038C
7F8EA
7FCFF
0039D
003AE
00316
7F35B
0003D
7F390
00CD1
00550
7F8CE
00103
0003A
7F961
006B7
7FD1B
00180
7FFA5
009A5
00808
7F676
7FB76
7FBFE
7F398
006B6
00355
00A2A
7F683
00297
7F8EE
7FB8A
7EF99
00AB6
7FA35
7FBD6
7FA7C
7F42A
7F76C
0077A
7F1C4
7FA48
00151
7EC64
7FC97
7FFAA
7FBFD
001C0
00D58
00063
7FDA2
7FC53
7F736
00654
7FE6C
7F4B2
004CB
003D5
0027D
00659
7FA09
7FE50
00600
7FEAE
008E2
7FDC1
004CA
00055
01317
006B1
7F82A
00508
00290
7FF12
00520
005F3
7FF3B
00355
002D3
008C3
00165
7FB49
7FF0B
00894
7F389
7F592
007D7
00C63
7F3B1
008DF
001CD
0018B
008DA
000D8
7FE00
7FE36
00339
7F41C
00DCF
7FEF6
001E1
00504
7FCC2
0062F
00204
7FC3B
7FEFB
7FE29
7FD77
7FDEC
00000
003B7
00B8B
006F0
7FCF4
00086
00A3A
00DD7
7FCC1
7F17D
00EDC
004EB
00133
0004D
004B9
00D36
00000
7FECA
006BB
00206
002F0
00A41
0080B
7FD61
7FF42
7F837
00511
7FB1F
00B18
7FBA5
00DC2
7FF74
7F808
7F69D
7F7F2
0024A
7F953
7FAAD
7FB1D
7F86C
010C9
00CEC
7FB43
0058D
7FB01
001CE
7FE87
7FF7C
7FE96
7FEA7
7F211
005A0
7FAB9
7F345
0012F
7F3E5
00014
005B3
7FFA8
7F7D8
01406
7FA32
7F5C9
009E7
7FFDE
00109
0027D
00665
7F63A
7FBE6
7F805
00C84
0054E
0054C
7FD69
7F8C0
00F4C
0019D
7FA8B
00392
7F600
7FF9B
00E34
001EC
7FF49
7F8E4
7F94B
0066E
00295
00B86
008AA
005FD
002C4
7FEDC
7F634
01133
7F401
0099E
002FC
00EB5
00177
7FD58
7FEB1
00896
00712
005A4
7FAF1
0005E
00027
7FF42
0052E
7F319
00200
004C4
7F949
004EA
00A5E
00C95
010A6
00CF2
00569
00905
7FAE6
7F8B1
0013B
7F1D5
7F699
00118
7FC01
00552
008D4
7FB1C
7FCE1
7F9DD
7FAAF
000F0
7F8EF
7F91E
7FE2E
0004D
003DA
00CBA
7FAB6
7EDB9
7FC00
7FF7E
7F8A3
002A6
7FF7A
0077D
7FEB5
7F701
7F156
00D93
7F945
7F769
7FDE6
0093B
001B2
7FF76
7FCA0
7FA71
005AE
7FCE8
000DB
002DB
7FC19
01158
006F9
00A0C
004AB
7EEC5
7F8F1
0065E
7FC79
00426
7F8EE
00D9F
7F581
7FEF2
00593
00355
008D5
0005F
7EC9E
0004B
7FBF2
0075C
7F54E
7FE88
007D1
7F16F
7FA02
7F6D1
7F81B
7FBB5
00506
7FDAC
7FF73
7EFE2
7FF16
00328
7FE95
00290
00A8E
004E1
00F2B
00DA6
01200
7FC5D
7F936
00BE0
00775
0041E
7F531
7FD9C
009DF
7FA3C
00894
7F90B
00756
7FF2C
7FB70
0012B
7F61B
7FB08
00194
0015D
7F57B
006E8
0094D
7FB52
009B0
7FC10
00001
7FD60
0009F
7F8C2
00242
006ED
00000
7F3CE
7FDA9
002F8
00446
00DE1
0009A
005AE
7F341
00919
006D0
00093
7FB19
7F775
7FEB5
7F972
7F347
7FE60
0002C
7F18E
00593
0117D
00885
005DE
7FD85
7FA6A
7FEA4
00B83
7FCE4
00E58
7FFDC
7FFC7
00E00
002CB
7F67F
002B1
7FD2F
7FD22
00090
00721
7FAB0
7FEEC
7F797
00639
009B1
7F563
7FE69
7FE6F
7FEED
7FB5B
00002
00545
0055C
00ED5
004C3
7F8E4
0031A
000C1
7F724
7F7A1
7FC92
002B6
00150
00AA3
005A8
0097B
00C68
004C1
7F984
00C9B
7FC6A
00585
0019E
00A91
0004F
7FA70
00152
00410
7F6E7
7FC7D
001FA
7EA41
7F848
7FAF6
00227
00C17
00AF5
7F983
00E69
00647
0011E
005D9
0083F
7FDB5
7FD1C
0125F
00600
0044B
00FFD
0024D
002FD
00D74
00438
013B9
000D4
00880
7FC55
7F7E4
7F9E7
00167
000C6
7FFCA
011FF
7FC41
7EFD0
7FECB
00597
7F65C
7F77F
0004F
005FE
7FABE
7F8B2
00269
7F979
7FB7F
00C5B
00960
009FE
7FACD
7FC52
0002F
0097B
00237
7F33B
7FDD8
7FB2E
005D5
7FD3D
007BA
7F1A0
00BCE
000AE
7FFF5
00600
00CA7
7FBE2
006B9
7F5EB
001F8
7F26F
7F61E
005FF
7FEF0
005BC
005F7
00305
7FF4A
000CF
7FEE4
00800
00009
7FFAD
0070B
004DD
00540
00868
7FBF9
7EDEC
0009A
7FA2D
7F933
7FE77
00937
7FDF9
00495
005FD
7F66B
004D0
7FDA3
7FE62
7F2B7
001FF
7FECA
7FB98
7FCC5
7FAAE
00739
00186
004D4
00A00
00417
0016A
7FD4B
7FD58
7FDFD
7F990
00C99
7FB54
7FA57
007A8
00971
7F7F3
7FB5E
7F96C
00BBE
7FC97
00511
7EEBE
00291
001CC
7F59E
7FF1F
7F82D
7F215
0029D
7F085
01161
006F0
7F15B
7F66B
00543
7FBE2
00699
7FE00
7FEC9
7FF8B
00BEB
0057B
7FBF6
7FF7C
00081
001B8
7F43A
7FEC7
0093C
7F979
00CEF
00DF8
7FB0A
7F783
7F765
004D2
7FD91
008DF
7F33C
008C3
00157
00A00
7FEB4
008D8
00295
0012F
00793
7FF95
0047E
00600
00271
0019A
7F533
00711
00B89
00E5F
7F734
7F478
7FA51
7FBC5
7F578
7F55A
004EC
7FE00
7F715
7F4B0
003F7
7FDFE
7F877
0011F
7F820
7F833
7F64A
001FB
0042C
7FF76
004C9
01109
7EB32
7FA5B
00AA8
00A00
003E4
0105F
0001E
7F8A5
7F9F7
00737
002B5
7F710
7FE5B
7FD48
006EE
002F5
7FF64
7F0DC
00492
00187
7F937
7F70B
7FF77
001DA
7FE73
002A0
7F5BE
7F81E
7F514
7F9C4
00B65
00AE5
00329
7F98D
7FADB
005A7
7F663
0056C
004F1
007D8
7FB52
009FE
7F43B
00278
00773
0010C
7F85E
7FD5D
7ED6A
7FEFA
7FBA0
0022A
002AB
00164
00360
00EB3
0061C
7FF05
7F551
7EB35
0023C
7FC81
7FB09
7FB07
7FF87
00711
7FF7F
00800
7FB6C
7F950
7FA08
7FF9F
7FBBC
7FF3B
7FD78
7FF2C
0095E
7FE8B
00569
00644
002F4
7F468
008C8
7FC00
00E12
00CF2
7FCFD
7FB7E
7F363
00429
7F7B5
7F586
0084E
7F831
00DF4
7ECC9
7FCA6
7FFBE
0004C
7F801
7FE80
7FEDD
004FD
7F3E7
004D8
7FA3F
7F9AC
004D4
0187B
7FB67
7FE9D
00BDD
7FBF3
00CE2
7FB53
003FF
7F978
00BD7
00124
008FF
00774
7FCB5
004AC
0067D
7FB00
7FCE4
0177F
00913
00268
0049E
00178
00000
7F92C
7FA83
7FD54
001D9
7FDFD
002D1
000ED
7F792
001AF
009D4
00874
00661
00470
7F854
7EC78
00733
7FDDD
0067B
7FBD5
7FFD2
00DAD
012D2
00302
00C34
7F58E
00F62
0016D
00937
008EB
7FE09
0045D
00B51
7F4FD
7FE50
003F1
7F0EA
00EC2
7F8A0
00337
7F7A0
0148B
003A0
002B2
01007
7FBE8
7FB6E
7F9B8
7FD62
00D57
7F85A
7FCE0
001F3
00E86
7F53F
7F8B5
7FCD5
0013C
006A1
7FF89
7F82B
0076B
7FE61
7F4EB
7F800
7FC84
00786
00676
7FA93
00794
002B9
7FCAA
7EEEE
0046C
7FAFD
7FF05
7FA4E
7FCD0
7FB08
7FF9A
00712
7F9EA
7FF4C
00243
7F6A2
00161
003E1
7FEDF
00094
7EB40
003B5
00282
001E3
001C6
00CB0
7F72C
001FF
7FDA0
7FA2F
7FE4D
007AF
00E28
00B97
01012
00094
7FB67
7F809
002D7
7F263
00C2F
7FE9E
7FD4D
00711
7F746
00287
00820
7FB27
7F756
004F7
001DE
7EEED
7FB60
00656
00DD7
00343
7F4BA
7EAE0
7F8B2
00800
0001A
00ADD
7F78F
7F999
7F847
00346
7FF54
7FC28
00905
004B1
7F838
7F851
00870
0010E
7FE0D
005FD
7FFC7
006B1
7F303
00F8B
7FD00
7FDF9
00098
7FE9E
00503
7F840
7F479
008F2
7F9B3
7FFE4
7FF2B
00440
00B8B
00814
7FEB7
7F57C
7F4D8
7F75F
7F5D3
00044
00698
7F966
00BCC
7F77A
7FA96
7FF33
00D24
7FB5A
7F8A7
7FDBB
010BF
7FE6D
00221
004EA
005D9
7E83B
7F4BB
7F8F0
005A6
00670
7FA18
00337
7FEEF
7FE00
0032B
00C44
7FC80
7FA76
7FC82
0015D
004C5
7FFC2
00F65
00087
7F822
009C1
7FAFE
7FDBC
0096B
00000
0030D
00081
0031C
0024A
00AA6
7FAEF
00AA3
7FE96
0028D
001F4
7F723
0048D
7F3F3
7F5C3
7FA36
7FA01
00446
7FD29
7F815
0058B
0007C
7EFCF
00498
0083D
0006C
7F39A
00D90
003E5
0094E
7F919
7F646
00FFE
00BDF
00F0A
7F77A
7FDB3
7FC6C
7F63F
00B04
0016A
7FDE0
000F2
00D5D
7FDCA
7FD0E
00112
00DB1
00800
007E8
004A1
003AF
7FCC7
7F6F7
005E0
00AF6
00D4E
7FC15
7F71F
004FA
00675
01124
7FE08
0019D
7FEC7
7FA93
7F73B
7FFF9
7F4AF
00862
00A09
7FEA4
7F5AE
007DF
7EEA4
7F84F
7F738
7F949
009C4
00013
0016A
0094F
00060
01107
7F88C
001DC
00703
006B3
7F56A
7FE94
00BFA
00620
7F356
003DE
00B89
0081E
00390
011AB
7F833
009D3
00199
7FDC1
7FBBC
7F4E3
7FD23
00843
00C96
0035C
0059E
7FC30
00869
006E5
7FA00
7FAFB
00042
000BA
7F902
001E8
7F591
7FE9D
7EECC
003ED
00365
00548
00101
7F48E
7FCBA
7E997
002D4
7F3ED
7FDA7
00D64
7FC48
7FFD8
7FEA7
7FB25
0030E
0168D
7F110
7FF91
00F71
7FBCD
7F615
0020C
7FE01
7FF7C
7FA3F
00231
002D5
7FF38
7F747
7EA52
7F5D1
007D4
7FB66
0076C
00073
00F92
7FC23
7FFA0
00000
00243
7F2A4
00508
00307
7FB26
7F8B7
7F8C8
7F89C
7F896
00298
00519
7FF98
7F2E6
7F53E
7FA2F
00000
0029D
00B28
006D4
7FCFD
7FDDF
7FF4D
7FDD0
00386
7F7DF
7FE36
7FE75
00E0D
7EAA0
7FC73
7F0D1
0062D
7FEC8
7FEA5
7FBB6
003EA
7FFF5
7F940
7F2A3
7F5CA
7FA63
7FBF8
008B9
00551
002A3
002C4
000C3
0043E
00064
003BC
7FCAC
00716
7F869
7F537
7FDB1
7F725
0076E
001BF
7FD46
009F3
0004B
001BA
01110
7FF3C
01032
00D09
7FBF3
00A24
00030
7FD0E
7FE95
7FE32
0024F
00C53
00521
7FA95
7F9E8
009E5
7FC2D
00600
7FE47
7F53B
0058A
7FAD1
00718
7F9B4
7EC19
00000
0072D
7FBBD
006A9
7F1DE
7FF6A
00E8E
0010C
7FA01
006A9
007F4
7FA1A
007A2
0005B
7FFEC
00405
7FA59
0006C
7F9AA
00C23
00A75
00190
7F876
00276
7FE00
7FC2F
007CC
7FA6D
7F4B5
7F953
00682
7F7B5
00000
7F76E
7FF88
7FBE4
7F7FF
7EFA8
7FDDC
7FB15
00201
00955
7F658
00CEA
7F8DA
0038F
7F48F
0026B
005A7
7F685
7EFC4
000F2
7FBAF
00B0C
00670
0008C
00600
0036D
7FB10
000DC
7F883
00729
00739
000FA
0097A
7F7E3
7FB8C
00FC3
7F7A3
7FDE8
00637
7F65D
7F6A3
7FF3A
7FCB7
7FA50
012AE
00495
005BA
00777
0021E
7EF67
005B4
000B7
003F9
005CD
7FC6C
7FF89
005A8
007A6
0062A
7FD70
7FFDE
7F85F
7FAA3
7FD4B
7F1C7
7FAA2
00421
00E26
00AC7
7FAA1
00008
7F624
7FCC0
0053C
7FD7B
00DA7
00650
01802
002CC
0073D
7FBA8
00FDB
008F9
00479
7FF0D
00FEC
7F7E3
001D5
00C00
7FB97
7FA01
7FAA2
0036B
006F4
7FE4E
7FB91
000C4
7FC41
7FB85
7F1AB
00BFA
7FD56
7FBD8
001D2
7F61B
001C9
00AD8
7FB5C
01162
0070F
005C6
00729
7F84B
00866
7FC9E
00721
00791
004C8
7F6DE
7FFE2
00DFE
00667
7F876
0091B
00367
7F079
7FEE0
00323
001D8
7F376
7FC34
7F6F4
00503
00060
7FC4E
7F11F
7F61B
7FFD5
00224
7FFB8
7ED2E
00847
00807
005DB
7F87B
7F901
7FCB4
01000
7F46F
7FD60
7F88C
7F53E
00800
7FCBA
7F819
002DA
7FC8F
007E0
7FCB5
001E9
00332
005E7
7FAE4
7F61D
006BE
7FED6
00B58
7FE5B
7F1DC
0040D
00098
7EF60
0059D
00D45
00D77
00A5E
0053F
00587
00324
00200
00B74
00363
0130B
7FB3F
7EF0A
00579
006E8
004D1
005D0
00533
7F3DE
7F784
7FA16
0157B
7F64D
005D1
7F75B
0167B
7FED2
00CC7
00188
00111
0040E
00362
00BAA
7F58E
005F3
0011E
7FD53
00FF2
7F4A4
0009D
7FDD7
7F5E1
7F5EE
000FC
01000
7F61C
00133
005A6
7FD30
7F44E
7FD7E
00A28
0076B
003CA
7F4EB
7FD50
00554
7FBF7
002F6
00078
7F601
7FC18
7FD86
7F3E5
7F8D6
7F7B7
00659
7EE4A
0023D
7FA9E
7FDF9
7F2E7
00409
009DA
00737
7F1C7
7FC00
00608
7FE63
7F992
7F52A
7FD27
00585
00711
00496
7F5B0
7EDFD
7FAD3
7F505
7F91D
002A4
010FD
005FF
01122
003DC
0069C
004D0
7FBAB
000FD
00134
7F9C3
7FDD8
7FE28
7FFEC
0019D
000EC
008D6
7F75E
00600
7FEE8
7F5C3
00074
7FFE1
7FFDA
00195
00239
01074
0031B
00772
7FABD
7F716
7F900
00486
7FEB9
005CE
7F97B
01106
7F124
005BF
7F64B
7F80B
7F4D2
7FA5D
7FF33
7FA94
00302
7EBDC
7FF55
005CF
00563
00712
7FCE1
00CB8
00271
7FCDA
7EAE9
7FDB4
000AC
7F79C
0011F
7FC49
7F0A7
0038F
7FC21
7FC5E
00FFB
7FDB4
7FB13
00894
01404
0066E
7FC70
00347
003B2
7F823
004EA
0039C
00147
7FC0D
7FF39
0060E
003B2
00200
004EE
7EE05
00058
7F7D8
7F7AC
00384
7FC0E
7FE27
00AC4
7FF8F
009B2
7F6CC
7F74B
002F4
0004C
00711
7F428
003A0
7F58F
000B2
003BD
7FF15
007FA
7FF3B
7FD60
7F97F
7F977
7FAC7
7F70A
7F9FB
00443
00800
00706
001F1
7F058
00278
00F75
00DED
7F853
000C4
0037E
009C9
7F3B5
7FB89
7F5AF
00FA0
003F9
0043D
7FF16
00616
00282
7F644
000B7
002B9
7F480
001D7
00770
7FC78
00548
009FF
000FA
00C52
7FCCC
7F200
01441
0021F
7F883
0054D
7F7E8
0066D
0008D
7F40D
7FD65
7FFC0
00BBF
00198
7F3E7
008CE
7FCAD
7FB8A
7FC6C
7FCC5
7FFAB
7FFB0
00CDF
7FA9B
7FFE4
7FCA8
7FB9F
7F6B3
000E9
005CE
7FC20
006C5
00068
7F619
0013D
00054
7FD03
7F1D1
002D2
0003A
7FBA6
7F70F
00451
00B07
004B9
7F6B1
005EC
7FCF8
7FC4C
7FF0C
7F4E9
7FE78
7F233
7F1DE
7FCF8
00DC1
0011F
0038B
00BD9
003D7
7F899
7F72E
7FB04
7FED9
0008B
7EA00
0040E
0010D
7F5F0
7FC14
7FEC4
006F9
7FACF
003C2
7FFB0
004CD
7F9F4
7F5CB
7FEAF
0048A
00621
7FC00
00154
7FA4B
00697
00F6E
00F6A
0001D
7FCB9
7F8EE
7F84A
7FE25
0096D
001C2
00812
005B6
7F509
7F601
7FAED
7FCCA
00576
00643
002EA
010B2
00205
00C3D
7F871
0006D
7E73F
7FC8C
008E9
7FCF8
7F122
7F402
7FED7
007E0
7F25B
7FE39
7FE8C
7F834
000E6
00711
7F9D4
7FCA2
0010C
7FBE5
7F750
008C7
7F940
7FE00
00159
7FD9B
00B63
002E3
7F3AA
7FCF3
7EA75
7FF83
7F6FF
7FAFE
7FEA1
7F3DE
00AFD
7F9D6
7EFD9
019D0
7FFA6
7FAB9
7FBBD
00638
005D5
009D3
0055E
00DE2
000A3
7FE11
7FE5D
7FD9A
7FC74
7FCBD
7F4CC
7FE95
00781
00218
7FA57
0000D
00002
00148
7FF9E
7FAA7
00815
0001D
7FD7B
7EC45
7F678
7EB00
7F776
00518
0101D
7FA7C
7FD2F
00496
7FCCA
7FCB9
001A1
7EC95
00A5B
7FD1D
00269
7F9A8
7F5A2
7F8EF
00263
01400
0061C
7F2DD
7FF22
7FD90
7FFEA
7FD87
00773
7FFAE
7F768
7FF61
7F7E8
7F983
00B19
7F396
00DD1
7F8EE
00386
7F593
7F7D5
7FEA2
0015A
01531
00B01
00784
7F418
0043B
002AD
0104E
003AE
002E4
002F3
7F601
00BC5
00A92
0091C
7FAF7
0053A
7FB80
7FE47
00475
00181
7FBFF
00A25
7F1A2
0035F
00828
00594
7FE96
004A3
7FE28
00123
7FD63
0073E
7FFF6
7F3C6
7F84B
01210
7FF3A
000D2
7FDB9
7F786
00A85
7F9B6
7FA00
7FD30
7FAC8
00065
7E7F5
7FD93
7FA31
004CE
0001B
002C0
7FC7B
000A7
7FD13
7FB9E
7FDB6
7FCC0
7FE79
7F79B
7F58E
004B8
00897
00217
7FD3E
7F58E
007F8
7F589
7F970
0028C
7FCF0
7FDEE
0048A
7FBF9
7F784
00155
7F70C
7FA9E
004EF
01147
00023
7F885
00D18
7FBA8
00659
7EFD1
7F210
7FECD
7FE24
7F7BE
0067C
7FDEF
7F706
000C2
00156
7F498
00786
7F5AD
7FE4E
7FC37
7F984
00454
7FA60
7FABC
7F63B
7FE4B
00200
0030F
7FF1A
00021
00472
00605
00293
7F922
0012B
0075A
7FFAC
7F4D3
00072
005F0
00CF5
7F8BD
005FF
7FF88
7F60B
7FDCA
7FAAA
7FFA7
7FA30
7FC7C
7F786
7FBA3
00187
7F88E
0042C
7FBC1
0004E
7FE4C
00200
00326
001C3
7F1ED
7F8BB
00584
7F910
7F12C
006D3
00204
001A1
7FE58
7F4BC
7F9EF
7F991
009BF
7FE00
7ED39
0036F
008E3
0082B
7FD89
00485
7FC2F
0087B
7FCBA
002D3
006E2
7F6A7
006F8
7FED5
7F0F8
7FA00
00190
0011C
7FC7F
7EEF1
7F659
7F23F
00616
002EF
0021E
0017F
00867
7F9B5
7F72A
7FE30
00968
7FDB5
00597
7F8BC
7FF18
7F4CF
004A1
00B6A
002AA
7F9F8
7FAA3
000AC
00BBE
7F6F8
7FC38
7FC98
7FF33
0016A
0024B
7F798
7F95C
0092B
7FA0F
7F903
00AA9
7F102
004CC
0034D
00523
0116A
00B81
00248
7FA34
7FBFC
00413
00DD6
7F288
00B76
7FE44
0051C
00303
7F1EC
7FF49
7FD5A
006B4
7F42E
7F2DE
00B21
003ED
00400
7FD31
00B02
00173
7FCB4
7FB5B
7FC0D
7F9B2
0030F
7F838
009DA
7F8F3
7FCDE
7F4EC
00709
7FFAF
7FFFF
7FE26
0050F
0033A
0023C
7FCC9
7FDAC
7F81C
0053A
006E5
7FCF9
00AE0
7FE54
7F94D
7F7C8
7FDC8
7F402
0035E
00449
007CD
0066B
7F5B6
7E97E
0071A
00763
7F51C
002F9
7FFB0
0057E
7FD9B
7FAF7
7F9AB
00000
00709
7ECF5
7FE07
7F279
001A3
0008D
7FC5D
7FDD7
7F26A
7FAAB
7ECAA
7F9E7
005DA
00103
7FED0
00200
7FA19
007EA
00EFC
00360
7F8AB
7F836
7FCDC
7FE2C
0070C
0044C
7F83B
7F743
7FDDE
009C9
7FDAC
7FA33
01B49
00919
0065E
00A42
0088C
0091A
00635
7F241
001A1
005AB
00840
00974
7F77B
00792
7FED8
7F8EC
00174
7FEDA
00B12
0002C
0056E
00A65
00136
000E2
7F15C
0024F
000C1
00527
013D4
7F84A
00383
7FF3C
0016F
7F55F
002F8
7FA24
7FCFA
7FC68
00885
7FA65
7FDA8
7FD04
0079E
7F85B
0100A
001B0
00898
7F600
00030
7F696
7FECD
00160
7FFE9
7FF5B
00BF2
00D12
00FE0
00264
7FB10
00B25
7FFA2
00815
000D0
00BFF
00853
7FB08
7F219
01095
00778
7F8BA
7F0DA
7EEEE
0066D
00070
7FFFA
7F722
7FD25
0092E
7F2C0
7FA00
00169
7ED9F
0059F
00572
00585
00175
011DC
7FEED
00621
7F878
7FD5E
00155
7F7E5
00943
006E1
7FC01
7F89F
00576
00826
7F09A
00E01
00B23
00172
7FD13
00C55
00004
7FD9A
00462
0051A
000C4
000C3
00000
00C8D
7FD68
00018
0020C
7F1CD
7F72E
0115E
00746
7FDEE
7F916
7F9E9
003BF
7F384
00821
7FFEE
00517
01141
0014D
00CB6
00DF8
7FC04
00A4E
00493
7FD03
7F1CF
00A63
7F486
0095A
7FB0D
7F98E
0121A
7FBC2
7F8FA
006B2
00214
007AC
00D54
00893
003BA
00598
009B0
00183
0052B
00289
7FE2A
000A0
7F52F
001DA
0078B
007E5
0051C
00B64
7FF56
7FA6E
7EFD3
7FEF5
00496
7FC3A
7FDD8
001D7
0019A
00140
7FEC4
00600
7F61E
7FC30
7FEA7
00980
00507
0089D
7F208
00A00
00386
7F53E
7FDD4
003E9
7FFD0
00229
7FDB2
7FFFF
7FE1B
00586
00167
7FD65
0041C
7FEC2
7FFEA
00382
0060F
0110A
0133C
003E4
00213
7F966
7F152
011FE
7F7B5
7F325
006EB
006C2
7FD79
7FCEB
007F8
7FE05
7F47B
7F81A
008A6
7F697
001B5
00663
7FEF1
7FD2D
7F8FF
7EF96
7FEC2
7F4A2
7FA8B
00347
7FEE6
7F24F
7FC61
7FCB2
7FA60
0096C
00376
002A4
002B5
00000
7FB03
00521
0045A
7FAA3
7F995
00375
7FC21
00A94
0083B
001A0
7F9A6
7F834
7F85D
7FFE2
7FDCE
0095D
7FB92
7FA0D
0058C
7F563
7FB65
7F56C
003D1
00424
7F44E
0066E
7F260
0087C
00218
00C66
7FC90
002D4
017FF
00BE8
7F5C2
7F5AA
00D86
7F989
003FC
003C9
0028F
00D82
001CF
001DD
7FCF4
007E6
7FDAC
00D0F
7FACC
7F941
00D99
00A04
008B0
0067D
7F1AC
009E7
7FB86
7FE02
002AF
0023A
7F83B
7FB79
7FFA8
7F400
00308
008AF
7FAC2
7F9A1
01208
00722
00682
7FE96
7F655
7F514
001BC
003BC
00C0A
00265
7F08D
00600
004C2
00578
00227
00720
7F664
0075F
7FA5F
000ED
7FC9E
0077F
7FF44
7FA92
7FEB8
0074A
001D1
00BFF
005B7
7FC4E
7F5B8
004B8
001EF
7F679
7FF80
0016A
00945
002E1
7FF14
00DEA
7FCF9
7FCF2
7F685
00A00
001E0
7FB33
00251
00287
7FA94
000AE
7FF01
00F11
00463
7FAE8
7FAFB
00BC4
00355
7F3B9
007B9
00400
7FB0B
7FFE9
00CF2
003A9
003BB
7F1F7
0067B
7FCB2
01211
00134
003C8
00656
00579
7FE7A
006CA
00B89
7FF1A
7F243
7FF86
006BB
7F7EB
0065A
7F5F7
7F8DC
005DC
7FE02
0010A
7FAAE
7FBA2
7F5F8
7F206
005AA
0032B
7F3BE
7FA92
7F568
0128C
7F931
00206
7F8D3
7F6F1
7FB66
001B9
7F4A9
00022
00EB4
00344
00AE7
004C0
7F9EF
7FAF1
7FD86
7FD14
7FC6B
002C4
00163
00652
003E6
7FE35
00186
00491
7FDA9
7F9B8
00000
0059A
7FECB
00D9A
0039F
7F35C
004DA
7FEB2
0024C
0051F
7FDEC
7F9DA
00EFE
0051C
7FC93
7FCF7
00CBA
7FFEA
7FCE0
00BA3
7FA0E
7F844
00537
001D9
007B3
009A0
7FAA5
7F35E
7F3A4
7F436
7FC6C
7EEBD
009FF
7FCF7
00834
7FD70
007EE
00163
7F829
0019E
0058A
001B7
0005B
00558
00394
003F5
7FFF8
7F28B
7FBC2
004D8
00005
7F829
7F99F
0010C
00F2A
7FE4B
00785
7FA45
00078
00835
00428
00D4F
00105
7FE83
7F200
7F66E
7F5DE
7F751
7FCCE
7F982
7F4DC
7FD27
7F665
7FE6F
00394
7FF51
7FD81
7FA2E
00D1D
7FF41
006A1
006FB
00807
7F161
7F287
008B4
00D1D
0015C
7F769
7F688
7F960
00587
7FE33
003CF
7FBF7
7FBE6
7FBC3
001C3
7FA03
7FF31
005D8
003B6
7F584
00538
7F9D6
7FCA6
7F18D
7F898
0014A
7F502
0028B
0108E
7FD83
7FD92
7FC52
00214
7FCC6
001AE
7F97E
000A3
00639
00ED1
7EAE3
7FF15
0045D
01073
7FBE8
00C76
00A00
00B8E
7FCAF
7FD40
7FA48
7FA21
00355
7FC48
000D4
7EE1C
00313
7F88F
7FAAB
7F651
7EDAC
7FE06
7F600
0003C
00238
00892
003DB
7FB00
005C4
7F7F2
7FE00
00CE3
001A0
00092
7FC6F
7F59F
0000F
7F3B0
00600
00634
7F83C
003BB
006E4
7F705
7FBDA
7F920
7FB2C
00169
00184
7F870
7F42D
003CA
000FA
0193E
001FF
7FDA4
008DD
00706
002F8
7FE18
7F65C
7FF8A
7FE02
00A93
7F9C8
7FDDF
7ECC0
00F69
7F5FA
00827
01200
00CF6
00F32
7F159
002F8
7FE92
7F48A
7F7B1
0040B
003E5
7F380
002AB
7FF6D
7FF54
004EF
0042D
7FDD5
7FA29
006B9
7F64F
7ED8D
0058E
7F857
0122A
7FD9B
7FE40
7F79E
7FF1D
001ED
00F35
00645
7F75C
7FA59
7F34B
00211
00013
0008C
7FF4C
7FFCA
0125E
7FACE
7FB44
0054F
003D2
7FB1C
7F676
00063
7FCDE
7FB69
008DE
7FC38
7F0C6
7FB24
7FD4E
7F7BC
0000B
7EC53
000BF
7EF4D
7FC11
7FC91
00737
004F6
7F894
01200
7FD8A
7FF79
00BB2
7F94E
7FD27
7FE59
0034C
0093C
00174
7FBB5
7F78D
7FB6F
00B6D
00D54
00B58
7F61A
00DF4
7FF1C
0004A
7E9A5
00582
00628
7F760
7FDB4
004AD
01436
00366
001BD
7FC11
7F4B5
002F2
7F800
7FF4E
00DA4
7F859
7F8D4
00E45
7FFE8
7FF26
7FC2C
7F18D
00258
7FE2E
00575
00412
0002C
7F9D2
009E5
7F534
00085
7F428
7FE16
000E8
7FBAA
7FEF8
0058A
7F681
7FE10
006BF
0018A
00301
7FE40
7F7AF
00800
009DA
002F2
7FA95
7F7B1
7FE0C
7F345
005C2
7F9D2
7F70B
00843
003F5
7FD11
0058A
7FC4A
005BA
7FD64
7F77E
0021E
0006A
7E84A
00281
00A2B
0023F
00615
7F68C
7FF9F
7FBA3
002A3
00149
00FC4
00A1D
002D3
00D35
00DFD
7F9F0
00CA9
7FD97
004EA
7EB80
00F4B
7F72A
00930
00A66
7FC12
005F0
7F076
00E48
00FDC
003CC
00187
002CD
7F9A9
7F508
7FD27
000B2
7FF3A
7FFD6
00AC4
7F87A
00D1A
7FCAB
7F606
7F714
00000
7F061
00401
00505
7F969
7F8F9
7FD58
7FBC0
00201
00322
00C85
00315
004B0
7FE4B
00111
7FB77
00000
00663
006C6
010A6
018B3
7F2FC
009A0
7FEB9
0054F
00151
0082B
0079F
7F574
7F824
00AC8
00E38
007FF
7FF78
7F5A7
7FB07
7FE1C
7F47B
7FCBE
0036E
00200
00B61
00AB8
00673
003CB
7F96B
0052C
00359
00000
00AE3
7FE98
7FA5D
7EFCC
7F53C
006A1
002B4
7EEB2
00C4D
00190
7F3C8
00211
7FD3C
004A4
00257
7FE00
00712
00828
0072B
7FA93
00A4E
7FB97
00568
00A36
7FEA9
0038D
7FD2B
7F701
00806
7F6D4
7FD2C
00136
7FFE2
7F2C2
003CE
7F400
00693
001CD
7FB59
00755
00208
7F0DD
00579
7FB73
001C1
7F1FE
7FBC1
00169
0060F
005CF
00CC0
00B31
005B5
7F9F8
7EFD6
00869
014D4
00462
01084
00C8A
005CA
7FBB2
7FDC6
0024C
00566
002BB
002AD
7F717
0055E
000D7
00904
0009E
7FED2
019DA
7FDFC
7FB20
7FF5B
7F4F8
00238
7F600
00097
003E5
7FA0B
7FB87
7FD05
008E0
7F292
000A3
7FC66
7FC7B
0034F
7F712
7EDE1
7F6C9
00D5F
7F786
013B9
00BBA
7F9DA
0098B
003EC
000D8
0093B
7FDD7
7FC17
7FD2D
00661
00DB2
7F072
007DE
7FFCA
7FA01
0065C
00641
000E9
00386
7FC2D
7F88C
7FD78
7F714
00D15
7FE0A
0029F
7F6A9
0014F
00748
7F1BD
00000
7FC9F
00A2E
006C9
7FB78
7FC26
7F619
7F276
7FAC6
008BB
7FFD2
7F11E
7FC5D
7FF62
008DE
00A3D
7FC00
7FEEA
008EF
7FA7E
7FBDD
7F4B8
7EDEF
7F452
00B16
7FBE0
7F9CF
00604
7EE93
7F8AD
7F381
7FEB9
0027B
00485
7F82F
00228
7FD2E
7F1BA
008E2
008E0
00949
7FA76
00858
00C06
7F436
00464
0001C
7F805
7F8EF
7F84B
7FFBB
006E4
7F9CB
7FD8A
7F5A8
7FB2B
7F4A0
00E05
7FCA3
00A87
00900
0074B
7FDA2
000C0
7F651
000B3
0015F
7EF31
00155
001E4
001B6
0088D
7EC84
00A95
00C19
0072E
7F9D9
7F38F
7FDD4
00037
7F200
7FE25
7FB47
7FBB4
002AD
7FD2E
7FDA6
7FABC
00495
7FF9A
008E6
00ED5
007C9
7FDA0
7F485
7F839
00001
000E5
7F8EF
00126
7FA6A
7F7D4
0048C
7EE19
7F897
005A5
7F619
0003A
7F194
004EC
0052E
0091E
7EA02
004A4
7FCAC
7FFD5
7FEFB
7FDD1
7FD9C
7FDCD
0076A
00A0C
7F7C3
0027A
00785
010EE
7FD2A
000E3
003FF
7F6CF
00975
7FAE6
7FBF1
00972
0012C
7F88B
7FB6B
00637
00EE3
7FD80
0071D
0003C
7E82E
7F7F9
00600
00344
006FD
7F962
001AF
7FF88
000BD
7FE46
7FF0C
7F7E0
00797
7F6F0
003D3
7FDB3
000C7
7F603
7F4EB
000D7
00A31
7FF42
7FC00
7FC64
7F8D6
7F93E
7FCE1
00244
7F714
00032
7EF72
7F5B6
7FB50
7F55D
005A7
00179
00349
7F39C
7FF21
00042
7F44A
00533
7FB98
7F823
00ECF
005ED
0090E
7F9DD
7F422
00EFE
00B59
7FCB7
7F81B
7FDCF
7FD73
004B8
00A12
7FAA1
7F4E6
000F7
7F3ED
7F7EC
7F889
7FF01
00B5E
7EE73
00800
7FA29
00669
7FA38
7F513
7FC96
00CBA
7FD44
7FF5D
7FA62
00384
7F22B
7FBA9
7FF40
7F53F
7FA83
7F4B1
7FB47
7F079
010F4
7FDF4
7FABA
00984
7F4B1
7F93F
005D1
00C03
7FA52
0006C
000E6
7FA96
00918
7F000
7FD30
7F7F0
7F32B
7F64D
008C3
7FB76
7FE81
008EA
0036C
004C7
7FB82
7FD19
7F98A
000EE
7F3F7
005A7
7FED3
003D9
003FE
00273
7FFD2
00790
0008B
005DB
003A1
7FE9F
7F7E2
00221
00B80
001E4
7FD11
00600
0085B
00D12
00C76
00876
7F703
7F418
7FEF0
00351
00104
7F903
7F6F8
003CA
7FF8F
00336
00623
7F427
7FECB
00D7B
005DF
0063F
7FBC9
004BE
7FDE2
00B17
7EF1A
7F5A1
7F425
7FB40
7F5B7
005F9
7F944
009E6
0085F
7FCDB
7F299
7F5DF
7F8E1
001C8
002D2
7F6FE
7FC0A
0089F
7FC56
0038E
7FA86
00873
7FF5D
7EC50
7F6D5
0097C
7F9E5
0003D
7FE60
010B7
7F71F
7FADF
7FE41
002A8
0025A
7FA8B
7FC9F
7F000
00428
7F800
004ED
7FA39
00182
7FEB8
01C46
7FBF4
00E46
7F9C3
005F1
7FCE2
00C31
7F20F
0025F
00BEF
7F7CD
005FF
7FDB3
7F26B
7EF58
7F60C
7FBDB
7FE5B
7F656
7F9C3
00A8F
00636
7F690
7FAB8
7FF2F
7F031
0008F
00800
7FE55
7FA28
001EA
00DC1
0062D
7EDCC
00544
0023D
7F6D4
008E5
7F592
00177
7FBDE
7F8CF
7FA24
00200
7F8B9
7FA95
7F974
00578
00441
7F495
0028F
0023D
003AC
002A1
00024
009C2
7FB58
7FE62
7FC62
00000
00775
00B5A
7FADC
00A44
7F905
00128
00504
00587
0090A
007C5
0076C
7F578
0016F
7FA6C
7FFE9
7FC2D
7F7C1
00551
0006B
00C63
7F73D
7F62E
7FE38
7FCFF
7FFCA
0057F
7EFBD
7FFFC
0079B
00393
004DC
7F61A
0053F
0033F
7FCDF
7FD71
0037F
7EEE0
7FE1C
7FBAA
7FB18
0031F
7F8BA
7FC22
00982
00D3D
7F0EB
00CF0
00227
004BA
006AD
002FD
00A00
0037D
7F11B
0062D
00097
01026
7FE7E
005E1
00279
7F462
001D0
7FE00
0068F
7FFF3
7FD4C
006E6
7E92E
7F9F8
7F7C2
7FB69
7FC4D
004F2
0010F
7FE8B
7F97F
7FEEF
7FE9F
7FA59
7FF9D
7FF41
7FDAE
0000A
00D93
006F9
7F784
00763
00601
7F5FE
7FBDA
00EF0
7F90F
004FB
004ED
00600
7FAA1
006E6
7FE02
000EB
0009F
004D4
7F3E2
7F4EB
0042E
00031
7FF36
7F415
00476
0160D
00160
002D4
7F9B7
007E9
7FB32
7F4B6
00313
002C7
002EB
0030F
00514
7F16D
7EC84
00056
7F864
00358
7F7AA
7FC00
00274
7FB4B
00122
7FBDE
7FF3D
7FFC0
002C7
00020
0009F
00F38
7FC0D
0107A
7FE82
00999
00754
011D7
7FAEF
0035C
00747
00628
7FBDB
7FB70
7FA71
00432
00679
0102D
7F5CA
00181
002A6
004EE
00799
013CA
00709
7F631
7FA68
7F7F1
7F9FD
002F4
7FC04
001FE
00868
009D4
7F889
7FBEC
00198
00341
7F49B
7EE2A
7FE93
002B6
7F62C
001E6
7F2E2
000DF
006E9
0127D
00655
0011A
7F74B
00057
003AD
7FA05
00F49
7F000
7FF6F
7F37E
001D3
7E80A
7FE04
00B60
7FF71
7FED3
006D0
7FAF5
7EC5B
008C1
7FC85
00498
00002
00BFF
7FF4C
005BF
00078
00616
7F205
001AA
004D6
00C7B
7F520
7FB77
00098
7FC24
7EE2B
7FD83
7F8A7
00800
00606
006A1
00A87
008A7
00439
7FE60
7FC83
7F92D
0004C
0007B
7F877
7FB3F
7F57A
004C4
016AE
7FC00
7F9A2
7FA7D
00429
0013C
7F7D4
0058C
004ED
7FB85
7FC03
00EBF
7F2FE
007DC
7FD25
7E82B
00190
7FC00
7FA90
7F621
00E20
00006
0094D
00794
7F861
0042E
7F47B
7F4E0
00963
7FF8E
7FA26
7F3D9
00396
001AB
000BD
7ED0A
00619
00464
7F79D
7FFAC
7FE45
000D2
7F5A1
7FDF3
7F5B6
7F8C7
0038A
00886
00665
00CBA
004F9
7F133
003D8
7FEC5
001EB
7F78A
0077C
001E4
000B4
003AA
00BD9
7F6A4
7F822
008EF
7F8BB
0031E
7F69F
000DE
007E2
00D98
00090
000AF
7FC8B
7FA97
00097
7FD76
7FAB9
7FFC5
00709
7F95B
7FF85
7FE00
00929
7FA3E
7F9BF
003FA
00426
7FEF4
7F75F
7FEEB
0047E
00557
00415
7F363
001D3
00D9E
7FAA0
0087B
000A4
7FF43
009B8
7FD6A
7FFB7
005FA
7FF94
00C6D
7FB8A
7FE25
7FAB8
7EFA0
7F77D
7FE01
7F933
00600
005B4
00AF3
7F709
0013F
7ED13
7FFD2
7F669
0029D
7FB48
7FC43
008FB
00B69
00290
00564
00D30
005A8
7F72C
7F513
001DD
0077A
0000A
000CA
0129F
7F1AB
7F2B1
7FF11
00796
00820
00831
00015
7F28E
00600
7F2C5
009BB
00351
00011
7FB1C
005A7
7FDEE
0043B
7FD1B
7FB0F
7F94E
7FF63
00E62
7F10D
7FA48
0058C
00550
003C4
7F6E9
00550
7FECB
7F714
7FD8A
004B3
009E3
00C22
7FB06
7FB3A
7F842
00078
7FA97
0043D
0008F
002B8
7F78D
00D28
00592
7FB6D
00E2D
7FD14
7EC55
7FF22
7FC01
004A8
7F7FE
00275
7F91A
7FE57
7FBDC
7F9E4
00760
7EF18
00772
004BF
00373
7F9CB
008AC
00795
7FB01
003EB
7EC9C
0045F
001D0
7FA00
7FEDD
00829
7F8A6
7F41C
7FEC0
0078C
00CF9
7F5C2
00325
00245
7FE8F
0010D
7FF6A
00792
00C9B
00000
00486
00B1C
7FA8F
7ECF9
7F495
7FB81
7F7CA
7F6EF
00E2A
7FD95
001BE
7FF1A
7F4C3
002C2
7FF29
7F602
7FF56
7FC4B
7FAB6
0085F
00826
7F77C
7FDF1
7FE3F
0036E
00539
00CA0
7F822
7F3B7
7FE04
7FEF1
00000
00288
00964
0050E
7FE8D
00111
7F7D0
7FFE9
00510
007F2
7F1F5
7F4D1
7FFBB
7F9A1
7F552
7FE05
00800
0060D
7ED1F
7FA6D
7FE73
00752
00A07
7F436
7F9C3
7FE59
7FE69
00788
000B3
004FE
7FAFD
7EE32
00F8A
00F00
00172
00F3B
00A9E
0029D
7FDE2
00064
7F19B
00449
7FDC4
009B4
7FACA
7FAC6
002FA
00EBD
7F619
002D9
001F6
003A5
7FD86
7F07C
7F851
00989
00F04
001E1
00942
000AD
00034
7F92E
7FC45
7FDAE
7FECB
00358
00A9C
00460
7FE9E
7F78C
00AD1
7FC6D
00841
0126E
00601
00535
00CC9
00574
7FA7B
00556
00400
7F8B9
00091
002F8
7ED90
00EF2
7EC52
0008B
002C0
7F76F
7FE13
7FB4B
7FC79
7FC16
00D70
000B3
00CBA
0092E
00B0E
00199
01099
7FDFB
7FE29
7FB08
0069F
7FECA
7F969
7FC74
0046E
0072D
7FB44
00677
00200
000C6
7FD1B
7FC70
0077F
7FCA4
7FAF6
006A1
00BD9
7FD20
7FAA3
0002E
7FD42
7FD11
7FC76
7FBC7
0016A
7F808
0045C
7EC9E
7FD31
7EDB9
7F6D4
7FBC7
004E8
7F8BC
00BE9
7FEF5
7FF71
00257
7FA00
7F3A1
7FA00
0034E
7F4CB
7FD86
7FB14
7FD8D
7FE05
01387
00145
7FD5F
7FFA0
00970
7FEA2
007CF
7FE43
7FE0D
0029C
006A8
0044B
002D0
7FF0D
7FE04
00B06
7F64E
7FE7A
007F4
7FE2C
7F6A3
0133E
7F66B
00C89
00689
005A8
7FDE3
7FB71
7FBB7
001C4
00149
7F64C
7EA73
7F2F8
7FF53
7F1B5
00663
00902
003FA
00211
003E0
7FB3B
7FDEA
007FA
7EBE7
00564
7FEAB
007A1
00560
0003C
0054F
00237
00518
7FA97
7F836
7F5E6
006D9
00000
000EB
7FF47
7F9CE
7FF26
001CB
7FE71
7FCCC
7F385
7F385
002BC
7F591
7F8C0
7FF2F
00005
00598
7FC01
003EC
7FECD
7F7B3
00927
7FC1F
00849
7FDBC
00BFF
00293
00B17
00292
006AB
7FB15
00224
00E30
7F401
7FCA5
7FAA2
7FF78
0045F
008E1
008B0
00853
0047C
7FC91
7F9CF
00AB5
0086C
7F55C
0039E
00E25
7FFFF
7FDE8
00CF2
00002
00B52
7EE23
0063E
002F2
00BFD
7FDF4
7F2B7
0058D
0002A
00B70
0048D
7FEE6
7FE00
7F24E
7FAF3
7FE6A
00860
00709
7F597
008EB
008E1
004E7
7F742
7FF20
00798
005BB
00A5B
0043F
00188
008C2
000E3
7F1B0
0071F
7F52C
7FCE2
00802
000F6
00256
7F9CC
0037D
7FDEA
007B9
00693
7F5C3
7FD2C
008BD
7F4CB
7FE79
7FF2C
7F6C7
7FB88
7F311
00258
7FD51
00479
7FFD5
007D6
0038A
0023D
00DB0
7FAC7
00410
7F91A
00F9B
00C06
7EF51
7FF71
7F5FC
7FD6E
004B7
001ED
00110
7F9ED
7FAEC
7EC8A
7F731
7F600
7FE55
7ED0B
7FEBA
0064A
006F3
7FFCF
7F54A
7FA75
7FD6D
7FD42
0093F
008F6
00FAF
7FB9D
00A8C
7FBC3
0064A
00189
0064D
00631
0037D
7FB0B
00278
005FD
008B7
00531
7F712
008A5
00F9B
7F470
7FF24
00BFF
7EAC7
0058E
7FAB4
006E5
001DB
7FDCC
00899
0024C
7FC63
004A3
00523
7FB6C
000E4
00A64
0056F
7F8EF
00372
0007E
00524
00524
7F1E9
7F6E8
7F7A2
7FBFD
0046E
00A85
7FC7F
7F786
00196
00B13
0056C
7FC00
00408
007AB
7FDFD
00A11
00B09
000A9
7FE7F
7FA91
0066A
005E2
7F57C
00E56
00C56
012D5
7F005
001A9
7F669
7FF8D
00411
00E7B
7F986
7FE88
7FC93
001C7
7F855
006F9
00246
00615
7FE5E
7ED38
001E4
0043E
7FF4D
00605
7FD81
00C8A
0075B
00037
0002F
7F6A2
00C13
007CC
0069E
0016E
00659
00485
7F6ED
0062C
0032B
7F261
001A3
00200
7FDD8
007BE
00A51
00170
7F997
7FFC2
7FD3D
001A2
00158
002B8
7F2CB
00C00
7F8D6
0023D
00205
7F942
002C2
7F8CF
7FFD9
000D4
7EE96
7FD05
7F5F1
00FDC
7FD3F
00804
7F3C1
00400
0007E
7F4A2
7F2DE
00845
7FCA4
7F7C2
7FFD4
7F508
00764
7F38C
7F7BE
008BC
7FA33
7F8BD
00179
00FFE
7FCF4
7FAC2
0016D
7FB6D
7F776
7F82A
00605
7FB2D
7FAE2
7F2EF
7F91C
7F024
00187
012BC
00572
7F7FF
0091C
00409
00216
0030B
7FE15
7FB02
00B22
016F7
7FFBE
006D9
7FA30
7F745
00218
008CB
7FB20
00600
7F8D2
0031F
014B5
0043B
00169
7FEE1
0073F
7FA95
00B08
7F89E
002A4
00648
7F880
00AD9
002C3
7F9B1
0046B
7F6A7
7F9C9
0078B
00064
00B20
7FE95
00DCD
006F9
7FDAB
00478
00567
00D32
0004A
7E8A2
005A8
7F777
00239
00813
7F940
7F5E3
7FE65
0031D
00522
0056F
7F7FA
7F808
007F2
0049F
00D5F
008C3
0095E
7FE31
0099F
7F207
00110
7F4F0
00A1A
00893
0082C
008A7
0000A
7F851
7F7CE
7FC1A
00582
00279
00600
7F7CC
0055D
7F855
7FFE2
00B84
7EDBB
00555
7F2F2
00C04
7FAEB
7FA53
00A9E
006F3
7F88A
00183
01972
7F426
7FA96
7FBF4
00831
002D6
7FE3A
7F614
7F600
7FF0E
7F470
7F77C
7FBB4
7FE81
00141
7FF1D
00600
7FFB0
7F41C
005D7
7ECB1
7FB98
004E6
00473
7FA97
7FAD0
7EEC3
00656
0021C
7F98D
00A1C
7FECA
7FA57
7F8F8
001D3
7F230
00EAD
001CF
00D1E
0043E
7FE05
002F8
00A63
7FB8E
002DF
7F446
7FC9B
7F7AC
00400
7F472
7F81A
00848
00164
7FC6C
00182
7FE1F
7F888
00546
00181
7F7ED
7F6FC
7FEDA
7F789
7F383
00B14
7FC08
00479
7F78B
00DEE
007CC
000C8
00193
7FE78
0082E
7FFD0
7EF55
7FE81
00939
00538
7FC24
7FD2D
00299
00819
7FE8E
7FB84
7F541
00447
7F32B
7EEB8
00EA9
7ED54
014BA
01231
7FEE4
00AC3
7F899
7F1DA
7F666
7F737
7F947
0031B
00077
7FC8E
7EE53
7EED1
7F983
00473
7EFDA
002A2
00232
7FDA3
7F756
7EE00
7F6BA
0027E
7FE0E
7F234
000B8
00295
000AB
009A7
7FB4D
001D1
7F97B
7F643
7FA96
7F9EF
00EA2
00600
7F9AC
7F4E8
7F253
7FCE1
00032
7FA07
003C4
7FD2D
7F3A6
7FBE1
001FC
7FD72
001DF
7FB52
00283
00200
00C24
0018E
7F898
7FA7E
7FC4A
00179
00376
7FE59
00A1B
7F983
0048E
7F417
001D7
7FD13
7F88F
01200
7F51A
004B3
00452
0066F
006B9
7FF93
0005D
002D5
7FEB0
7FB23
7FC0E
7F838
01469
00004
004AF
7F400
7FC6E
7FD08
00F92
00116
005FE
7FC6E
7FC09
0048A
7F68E
7FDDD
00AD9
00338
7FD96
00C41
7FB49
002AC
00576
0057F
7FF99
004E2
000F0
00226
7FC37
7FFE0
7F72E
0073A
0160D
0068F
000F5
00528
0037C
009E5
7FAC3
7FB7B
7F2EE
7FC0A
00675
000AF
00531
00990
7FA67
00B4C
00462
7F6E1
7FF9C
0065D
00019
7ED96
00900
002AF
00AB7
7FC85
7FD09
00A4E
7F5F7
00993
00D29
0039D
00226
00984
006A6
00821
7FC42
00000
7FB86
7EE40
00BF8
00E96
007EE
7FB83
004B1
7FD63
00423
006F9
7F5DB
003B5
7F9EA
7F7B3
7FA06
7FD2C
7FD9A
005A8
001D1
7F6DF
7FC56
00B2F
7F4DA
7FE07
00E12
7F561
7FF2A
7FCCA
7F8D7
00DFA
7FB85
00FFE
7F478
7FE0E
7FA64
7F9A0
7FDCC
00C75
7FD8A
7FEEB
7F865
0046D
7F4CE
7F49B
0058D
004C9
00167
002D4
003A0
0035B
00578
00C99
00F73
7FC75
00519
009FF
008B8
00085
7FABA
7F8A6
00B47
00870
00199
00800
7F4B0
007F1
00AED
7FCCB
00E33
003C8
7FD19
7F517
0064B
0021B
7F961
7F2A2
7FEDE
7FFF2
00018
00390
7FCAA
7FC08
006BC
005D6
00782
0034A
7FD59
00B3B
7F9A3
7F73B
00502
7FBE5
0088D
7F415
00EF0
00712
7FFEB
004F3
7F63F
7FAF4
7F9BD
009DB
00494
00C74
7F837
004D7
00B33
7F982
00467
009DD
00378
00138
7F278
7FB5D
00300
7F222
7F0C9
00415
00332
00A08
7FEE4
7F9B3
001B2
002C5
7FCAD
00339
00A36
7F600
7F5C2
0087E
001FB
7F37A
7F9FE
7FC41
7F6D7
7F92D
7F3CA
7F9F5
7FE7D
7FEAA
7FD65
7F789
0076A
00201
7F4AD
00587
00BBA
7FE5C
00EAB
0030A
7F9EC
7FC01
002AC
005A4
00FF4
7F5F4
7F826
7FD96
00105
00200
0062C
7F570
0059B
7FADF
7FDD2
00868
00677
7FED4
00014
7F29A
00902
002FD
7FCE2
00469
7FB5C
7F601
00079
7FA34
7F9EF
7FB4E
00903
005F4
7F24C
7FC00
7FD16
00027
00D3A
00068
7F967
008CF
000C0
7F400
01180
7FE9D
7FE73
7FC75
008EB
00274
7EBC9
00273
00409
0040F
0041B
7F194
7FDEE
7F45A
004C6
7FD40
7F794
7FA0C
000FC
7F776
7F50C
7FBB2
7FFAB
7F9B3
7F061
009F7
0006E
00D2D
7F679
7FD7B
7FC12
00712
7FC35
7F559
7F5B3
00458
7FF77
0084B
0033A
7FA2A
7FA4D
00A21
00247
7F722
7F497
7F1BF
011CA
000C4
01124
00ECB
7F572
00ADA
7F973
7FEF7
00970
00218
00176
001FF
001F2
7F799
7F5ED
00B5F
001F0
00C00
7FB72
7FE10
7F65D
00D06
005B0
7FDDB
000E3
7FD85
7FA66
7F6B9
00A63
7F22C
00003
0009F
7F85C
7FBC3
7F3D5
003C1
7FF06
7F48C
7F967
005A6
008A8
7FAE9
00988
7FCCA
00038
0035E
007EC
7F5FE
007F5
00200
00ED0
7FEAC
7F003
7FE81
7FD6A
00946
7FE37
009AE
006A4
0072E
7FF54
7F987
00154
001BF
7F87A
7F61B
0058F
00244
00E27
7F9A2
01011
7F5E8
0053E
7F768
7FF58
7FA13
7FBB2
7F48A
7FFAF
7FD35
7FA86
7FA00
7FFA5
7FCC9
0031A
0033F
00159
7FC7B
7FE4F
7FF46
7FBF2
7F7F0
00AD1
7FFE6
0016F
7FB5D
7FDA7
005DC
7F5F1
00660
7FFC1
00318
7F88B
004B7
00983
7F763
7FB85
00386
7F2B4
00176
004A3
00E13
7FCAF
7F4B0
7FA0A
7FCC4
7FA1D
7FAC4
7FCF9
00842
0051C
00146
0076B
7F430
7FB45
017B1
7FD46
7FD47
7FA79
00537
002CE
00C47
7F560
7F556
00689
00978
7FE08
7FB00
00E73
7F3CC
000A4
7FD0D
7FBF1
00E25
7F50D
7FA00
004C8
7F70C
0003E
7EC58
001FF
00005
7FBD7
001FF
00389
00F87
0037A
006BD
7F97A
7FCCC
7FEE9
00600
00155
7E4C6
7F7D8
003A2
7FA00
00147
006B9
00200
00211
7F668
00441
7FCF6
00426
0009D
7FAC1
00200
000FD
00027
7F1B6
00059
00A72
004F8
7FC5F
00200
7F9BC
7EF74
7FC13
00494
7FFA9
0059A
000BB
005FE
7FF2B
7F312
7F6B8
7FFAD
7FEF5
7FF62
7FFFC
00200
015B5
7FB98
00062
7F7BC
00200
7F754
00200
01000
00995
7F055
7FA9E
7F6FB
00125
00A15
7FF75
7FBF0
00362
7F8BA
006B5
00772
7F12B
003BB
7FCFF
0022A
006CF
7FA8C
7F9C9
0141A
7F8C1
7FA7D
003AD
00A05
7FFD7
00066
00132
003EE
00DDF
004D1
7FADD
7FA58
00762
7FF84
00E25
7FD0A
00543
7FBC4
00000
7F19A
7FCE5
00416
7F83F
008BB
00CEE
005F9
7FA9F
00001
00956
003A3
7FD44
003C6
00541
00206
7FF88
7FFCE
0019F
0017E
7FA28
7FB69
7FA59
7FEA9
00CCB
00000
7FFD2
00912
010A6
004DE
7FE37
002FB
7F445
005FB
00453
0014B
0085C
7F8F3
00670
7F864
7F045
7FBC2
7F177
7FFF6
7FCDA
00188
000D8
006F1
7EEEB
0093C
0068B
7FA80
7F79D
006C2
00444
7FD87
00FFB
00200
7F61F
7FB85
002E8
003F5
7F7D2
7FFAA
7FF55
00404
00140
006D6
7F6DD
00BEC
00023
7FEC6
002FD
0016A
7FF2D
0013C
7FC50
7FC37
7F345
003D8
00B8C
003D2
00C11
00506
00CB6
7FCC6
7F292
7FD76
7F52C
7FA00
0033D
00FCF
009EC
7F6B2
7F87C
7F70F
7FCEE
00314
7FF58
7FACF
7F593
7FC79
7FB03
7FD00
7FF06
7F4EB
00107
7FFB2
004E4
00B39
0082C
7FB1C
001FD
7FA6D
003F7
7F34E
00999
00823
008F1
00343
7FA16
005A7
001B5
7FCAB
008D9
7FAE3
002BF
7F32B
7FFF2
00181
00162
7FF1F
7FC71
00AF2
00410
008D2
000F2
7F673
00BFC
7F33D
7F678
7FEC4
007E4
7F110
7F07A
7FE9B
00C5D
001C1
00092
00715
00684
007FB
0075A
00200
7FB63
00310
0052E
7F1D9
7FF7E
7F1A4
0063C
00097
00052
001BF
7F35D
009F1
7E692
7FFFE
7FBAC
7FC01
7FE24
00A84
7FCA4
7FB37
00A2F
00F84
006AE
0023E
7F8F5
7FC46
7FD4A
004F5
7F159
7FE27
7FC1F
001FF
00AE5
011B5
7ED73
00228
7FDC2
00094
0001C
00369
00A01
00352
0089A
7F469
7F930
7F849
7F82F
00FFE
003BE
7F9AE
005AC
7F8C9
005DF
7FBED
7F25E
7F9C3
7FB2E
7F5B2
001D0
004B3
7FAFC
7FBEA
000A3
00000
009ED
7FA57
00AE0
00846
7FEC0
00393
7F72E
7FB08
00166
7F8AD
7FCE1
00EC1
7FEE3
00C24
0009C
00AF3
7F559
7F92C
00F5C
00025
7FB1A
7FCB6
7FFEB
7FF07
0005D
00938
7F48F
7EFAD
7F4F1
7F319
7F360
00F8D
7FC11
001FB
7FE0B
002A5
000AB
7F5A5
7FA52
001FD
7FB2A
7F687
00C0B
7F760
7FF56
7FA90
0079E
0027B
00066
7FD55
00A2C
00CF2
7FC3A
7EE02
7F4D4
7F25B
0059D
00145
002AA
7F401
7F472
7F7F1
0022C
7FE00
7F9CF
7FB96
007BA
001F7
00AB2
00536
7F808
7FDD5
7FA34
00221
00B93
7FF79
0048C
00802
7EE12
7FA59
00498
0074A
0022C
7F4D3
00167
00926
7FEA6
7F716
7EFB3
7FED4
7F2DA
7FE43
7FACD
00551
0075F
7FE01
007E5
00571
00225
7FCA0
0036C
7FAFC
7FCAC
00539
0085F
00110
00CC2
7FFA5
7FFC2
002AD
00371
002D4
7FAFC
004C8
7FC5C
7F205
0000F
7FAD5
009DC
000A3
7F70C
00544
7FA98
7F73F
007AE
00C62
7F1D7
7F800
00065
003FD
004F4
00A55
00DEE
7FC43
7FE51
00313
7FD46
7FB39
00850
7F721
00F22
010FC
7FE19
004C5
0088C
7F932
7FB69
7F9F6
7F2FD
7FCF7
7ED35
0048B
7EE56
004C8
00C52
7ECAB
00A17
00501
00807
7FA59
7EFE1
00477
7FE63
7FD64
7F36A
7FBBC
0021F
00181
7FD76
7FE37
000EB
7FFBF
7F6F5
0075C
7F2D4
00C6C
7FCB1
00426
7F870
7FF2C
7FB57
0072C
0004F
7F544
7F273
7FF80
004A8
7FA13
7F84E
00027
7FDD7
00000
7FA65
7F7F9
00537
00189
7F5F9
7F549
7F760
00296
7FCB3
7F741
7F9BD
7FE58
005DD
7FD1C
7F158
7FE00
00182
0013D
00863
7F608
7FA55
7F9DF
0059E
0056A
0040E
7FC44
7FBC9
7FBF6
7F2B9
001EA
001C4
003FF
0063E
7FEF4
7F3D3
7FFA2
7F48E
00032
7FF47
0056A
01188
00A26
7F746
7F87C
0015F
00030
7F4C5
7FE00
7F3A9
7FEDD
0024C
010CB
7FC1D
00300
0093E
00296
7FE8B
01B4D
7FF7D
7F537
7FE75
7FE72
0029E
7F200
7FAB3
00BD1
0005E
7F933
7FD0C
7FCC7
7FFA3
0010B
001E4
7EFA3
0043E
7FCAB
00A1E
7F900
00A8B
7FA25
00CCC
7F4C0
7FC03
7F5FA
7FDF3
7F973
7F96F
009A7
7F644
7F49E
0007A
7FF8F
00263
000AD
7F5D1
0087D
00185
7F89D
7FA8D
7FE84
7F5CE
0034A
0018B
7F6B5
004C0
7F6D7
7FE43
00133
7FA79
00C40
00EF8
00000
7F139
7F1AA
7FEF4
7F7A4
0080B
7FE20
00DD5
7FE46
007EB
00EDE
7F848
0062B
007BE
7FE47
7FA0B
00400
006AB
00959
7F6CB
7FE43
003FD
0103D
0041C
00B88
7FA3B
0026B
7FF8D
7FFFC
7EEF7
00DC4
7EA28
005A6
0087A
7F0A1
7F631
7FF78
7F7A7
7F9E7
7F52E
004C8
007AC
0080A
008EF
7FC18
001F5
005FC
7F8D4
7FFFF
004FC
001B0
00151
008BE
7FB6E
7F3CC
0015B
001B8
7FBFA
7F984
7FAF4
00D52
0072F
005E0
7FBE7
00000
7FCAD
00A2F
001AC
00059
006A9
7F034
00AAA
00424
0027F
7FF01
7F85B
003E7
7F47F
005AC
002AC
7F600
7FC96
7EB15
00054
00117
7EA33
003A7
01420
7F81E
008CC
00027
00A17
00B2A
00A55
7F92F
7F97E
7FA76
0051F
00547
00B23
7F293
0054F
7F18F
0044A
0041E
00040
7FAA6
003EA
00B80
7FAD9
7FFCE
00A40
0016B
0166B
00980
7FDB0
7F59E
007E3
002F6
7FF9B
00EDE
0041A
7FFF7
7F935
003DA
7FB9E
0009F
0014D
7FFDE
7FFC4
00AF3
0033C
006CB
00271
002E5
7FEC8
0081C
00E7C
7FF5C
7FC3E
7FBFA
7F9F7
7F1CE
0021B
7F600
7FEF2
007D2
7EEDA
7FFB7
00147
7ED57
7F90B
7FA59
7FB07
00234
0092A
001E2
7F457
7FF63
7F6E1
7FE01
7F3AA
002BF
004AE
0021D
7F514
0071F
7F9F0
00401
00090
7FA43
7FDCD
00449
7FDC9
00330
7ED4A
7FE01
00223
00585
00DDB
0071C
000FA
7F8B1
0059A
005A7
00713
7FA9D
00505
004F2
00C1E
7FFD8
7F976
7F602
7F47A
00336
7FBCC
7FF0F
006CC
7FF88
002E1
003FF
0041E
0059C
7FD73
7FCE5
7F3A3
000E5
00049
00200
7FE54
7FF19
7FB8C
00EE1
001DF
7F10B
01186
00260
007D6
7F083
7FA7D
7FFAE
002C1
0058F
0108A
00712
00045
7F77B
00645
00275
7FEEB
0055B
7FAE8
00B12
001FC
007E4
00856
7FA62
00675
7FF6E
7F546
0016B
0021F
0044E
00368
7FB20
7FDC5
7FF12
0036F
003F8
7EF4E
7FA57
0034D
00ABE
0040A
7FFDB
7FC27
00208
002AA
7FE3B
7FF44
7F97B
7F93D
7F907
00CF8
7F6F6
00330
000F4
0005C
7F772
00531
7FFE6
0043B
00600
7FFB0
7FAE8
004D2
7F27D
0090B
7EDA7
7F923
7F715
00C0B
0003A
0032A
003C2
00453
7FFF3
7F55B
005A7
7FF0E
00D6F
00132
7F8CF
7F7C2
004EF
0064A
00847
7EE58
0009B
00067
7FA41
7F4F1
00564
7F968
7F601
7FF97
7FC55
00279
00B16
7FF3E
7F80F
00008
7FF5F
7FF51
005C9
7FB99
7FA62
7FAA6
7F91E
7F6AA
7F1DC
7EFD0
002C8
00324
00A53
7F392
01230
7F9E7
7F673
00052
007A0
7FC3F
00123
0047D
7FFE3
00B1D
00400
009B2
009A8
7F302
7F1F5
7FB06
7FDD0
00A5D
01519
7FF06
7FECC
00122
003C2
7FBE5
7FE9A
00080
00848
7FC89
004CD
00761
0090A
00D32
7FA33
7FA3C
7FF56
7F347
0039F
7F812
00556
00FB5
7FE02
002B4
00000
00512
00027
01327
7FB03
001AE
0078E
7F665
7F25D
00730
00243
7FF05
7EC6F
00671
7F9A3
7FB06
7F672
7F05C
7F569
7F918
7FE01
7F7BB
004A5
7FBBB
00085
00265
7FE70
00638
000E4
7FBD2
7FD7D
7FDC4
00A00
7F98D
002C1
7FD38
008F8
00B6F
7FC96
007F5
7FF2D
007D4
7FB2A
7F4D8
7FBB9
007AE
7F70B
7FCC5
00200
00907
01201
004C9
003F2
0002A
7FE3F
00735
7F985
004B6
7F6B4
00084
7F095
7F799
7F783
00E5A
7FA01
7FF22
7FFF1
00296
000AD
008B2
7F233
7FE1B
004D4
008DB
7FE6D
009C0
00DEF
7EB77
7FF22
7F6D6
001FF
7FDA2
009EA
00368
7FA64
00899
7FAFC
7FABA
00A7C
7FB46
00117
008E3
00DC5
00858
7FA52
0060A
7F600
0092E
006EE
7FC26
7FA87
7F33A
7FD78
00789
7FCB7
000E6
00184
7FFFA
7FB5A
7F677
00A74
0111A
005AE
000AD
00227
001AF
7F7B6
002AC
00421
0028E
0032E
0015F
7F495
00B32
00A9C
7ECED
002F6
7FF84
7FA56
7FD68
00065
001D9
7FB97
7FB68
7F6F2
7FCCF
7FB09
7FAA6
00517
0068F
00A5B
00053
00339
7FF0C
0015A
7F4B8
008F7
7FEE2
003A1
00A0F
00503
006F5
7FF23
7FB27
7F3BE
004E2
7F14C
00660
7FF53
00104
00800
00AF3
002ED
00188
7F9EC
7FFA5
7F6E6
7F97D
7FC9F
00C04
7FFA6
7F840
00F23
7F60A
0018B
7FDE9
7FE96
00003
003FF
009AF
7FD46
7F85C
00A55
00189
00333
7FA84
7FED8
7FD84
002CD
00411
00B91
00546
7FA01
7F6B4
00B9B
0057E
7FEED
7FB68
7FF4D
000F1
7FD12
00E2B
7FECD
7F8B8
0129F
7FB81
0105E
7FF1C
7FE95
0082A
00B5E
0012E
00F4E
00959
003A0
7F942
7EDD8
0054E
7F2DF
7F9D7
006EB
0036E
7F916
7F79E
00A00
7F92E
7F875
00364
7FE85
00773
00CCF
7FC9D
00917
008A5
00C45
7F418
0013F
006FC
006D3
7FEEC
7FDB5
00A5A
7FB17
006F6
00EFE
00B09
00856
006FB
005AF
0011A
7FED6
00894
7F9C0
7FAC2
00325
008F1
7F346
00437
7FBC2
7FBDD
7F858
00803
0002E
0027F
7F986
001F9
7FB76
7F404
00074
7FDB7
000AC
007AB
0027B
00D73
00338
000A4
00423
00879
00823
7F25B
7FBE8
001B9
7F173
001A2
7F625
7FF9F
7F46D
005C2
00600
7FB3A
7FCF5
7F6CC
00CC8
0046B
7F6FE
00418
7F001
013F7
7FFA1
002DB
00508
7F648
7FFB9
007E1
005FF
7FCDD
7FBD6
002E8
00786
003FD
7EF0C
00272
00000
004F8
0099C
00025
0011A
00A4D
7FE71
7F866
7FE00
7FAB2
00241
7FC81
7FA0D
00595
7FE11
7FBE3
7F002
7F74F
00B52
7FAE2
00421
00E40
0010E
7FAEF
7F601
005B7
7FBFA
00B89
7F9A5
00663
002F1
0064A
7FFFF
00BEF
00467
7F512
00DB8
00817
009BD
00761
00200
7E936
7F6D5
7F23A
00625
7F5FB
7FB55
7F4CF
000BF
7FDA9
007BD
00684
001A9
7FF3C
7FF39
7F59E
0004F
00CE4
7FAA3
7F91A
7F292
003A5
7EFE8
00313
00785
7F8E0
01234
00332
008BC
7EA56
7F8AD
7FD85
00712
7FDD3
000A2
00AB3
00982
7F82D
7F99C
7FDD3
00954
7F969
00BA6
00720
7F46A
00223
7FD26
7FE7F
7FD13
7F53F
7FDB8
00644
003A7
00863
7F06B
7FCEB
006F2
7F5B1
00433
7FA92
0008B
7FC65
00001
0045E
7FE00
0088A
00E59
7F5BE
7FF5A
001AF
006A6
00250
0090D
006E7
7F8A5
00FC9
00218
00140
7E6DF
002B1
00711
003C1
7FCC0
7F55C
003C2
00359
7F4BA
00C2C
7FB18
00482
00D62
7FCDD
00732
00927
7FB15
7FD20
00000
005E4
00463
7F8EB
7F9C5
7FBC3
000ED
0001B
00B68
004FF
7F3D2
7F68A
7F3B1
7F7EA
00404
7F6F7
009E5
7F913
00A12
7FE87
7FE69
7FA31
001A9
7FE70
0069F
00963
7FF1B
006E6
7F5CC
7ED05
000DD
7FD5F
00E00
004FB
7F526
7FD91
7FDB4
00C8B
00040
0020E
00807
7F694
7FFAE
0057F
7FF42
7F18C
00527
7FD3B
00EE9
7FA29
7FDBC
7FC67
00876
7F77C
009D0
7FA22
7FB0F
005FA
018ED
7FC61
001F4
00050
7FA83
004EE
7F8EC
00A12
007A9
00133
7FE0E
7EFA8
7FCC1
0102A
006B7
7F822
7FBD1
00023
7F396
0093E
00452
7FFC7
00711
00389
002B2
7F801
0030D
7FB0D
7F7AC
00211
005BB
007D1
0054F
7F587
7FA61
00353
7FEAC
7FF08
7F400
00340
7F71A
7FE70
7FE86
7ED02
7FFF6
7FEF8
7FA5A
00167
7F312
00293
7FF64
7F92F
004BD
0074A
00BFE
7F957
005C4
00A79
7FFA0
7F1FF
7EFB9
7F7CB
7FC01
7FA31
000BA
7F8B7
00315
7EED0
00783
00C3D
7FC01
7FC94
006BE
001A3
00B23
7F916
7F6E6
7FB10
005A8
005BF
01227
005E1
0049D
007FA
00BCB
7FC6D
7FC00
001AC
7FC66
00138
7FEBA
7F82B
002CD
7F9BE
7FC00
005C2
7FA0E
7FE5C
000EC
7FDD8
7FE93
7F92C
7F800
7F4C3
00BEC
00357
00A92
7FE39
7F592
004DE
7FD2D
7FE5C
008C0
00639
007E2
7F7E8
00035
7F54B
7F3B5
7FD17
7FDC4
7FE2F
7F54A
7F3C0
00634
7FC72
00091
7EF48
00E65
008ED
7F91C
7FDF4
00481
7FB70
0016A
00662
7F3C9
7FD33
7F838
0048A
003EF
004AA
0055D
00C70
7F0CB
00BB5
7FA8C
00894
0152A
7FF25
00517
7FECD
0037C
7EE59
7F469
0020F
0066A
7F33F
7FA1B
00A69
7FF85
00141
7F187
00147
7F470
7F94E
7F600
005DE
0029C
0151C
00D08
7F342
00A88
7EDD4
004C6
7FB5D
7FADC
00A15
00680
00551
0058F
008B8
7FA58
00379
000B4
00809
7F9A4
7FB7D
7FF5F
0030D
004C7
7F2CD
7FE64
004C3
7FFEB
00558
00A81
00151
7FA01
007DC
7F28C
00097
7F74B
00564
7FF7A
7F7C0
7FBDC
7F9EF
001ED
7F517
7FE11
00518
00AD9
7ECD7
7FD2C
00512
7FE50
005FE
7FEBC
7F2CD
011AD
0011E
00426
00060
7FFBE
00B90
00AAC
00B22
7F8C1
00E56
7F200
00184
00773
7F782
7F9EB
00CE7
7F379
7FF72
7FA90
008AF
7F7A2
003C1
7FF03
00B8B
0050E
7F2C6
00B38
7F73C
00530
7FDAF
7FAA0
00CFA
00022
7F042
7F1EF
7F4AD
004B8
0037A
007BD
7F3B6
7FB77
7F98A
7F346
7FF34
00EB2
7FA37
7FB42
7FC0B
7FD79
7FB1F
00BEA
008E6
7FE84
7FF7B
0089C
00394
00389
7FD40
7F49C
00977
7F495
7F62F
00632
7FD02
0059D
7F17E
7F977
7F7C9
00105
7FFC7
7F655
7FBB2
7FD5D
00475
00000
0087C
00DBE
7FB83
00D9B
7FE9B
0021E
002A0
7FF14
009BD
7FCB0
7F982
00318
00402
7FF5B
00071
7F202
007DF
7FD1B
7FC36
0077E
000D5
7FCEA
00155
00297
0047D
00ADA
00A4C
7FC21
00697
7FF4F
7F930
7FC00
007F0
7ED3D
7F86C
7F5E9
01074
003BC
7F9AB
7F0EE
7F32D
0000B
0109D
003BA
7FAFA
00764
00097
7FA00
7FDD3
7FC9C
7FAF6
00CFC
00EE0
7FD3B
00B05
00568
00879
003B8
00078
0050B
7FBA4
7F9F3
7FD20
01600
7F61A
7FA53
001A0
0051D
00195
007BF
7FD1A
7FE76
00D71
7FEB0
7FED3
00187
7EC91
7F82C
00274
001D8
7FFBC
7FB60
7FDC3
7FB50
0019A
7FECC
003FA
0006D
7EE67
0009C
00306
00207
00540
006DF
7F03C
0016A
00E72
007CC
7FD05
00A82
00689
7FCFD
008FF
00BEE
7FFE6
7F398
7FD9B
7FB94
7F698
7F91D
7F734
002EE
00289
7FA85
7F7DD
7FD1C
004FA
0015F
00AA0
00801
00897
7FD21
00663
7F2F3
7F976
002AD
7F8CB
7FC00
0086E
0017C
7F7EF
007B1
0004D
7FFD6
005C4
7F736
001AB
0000E
7F61A
00842
0003A
00377
7FC5D
7FE96
7FC5D
7FB09
00820
00142
7FDEF
7FA90
0095B
001D9
00247
7FB3E
7FCF4
7F727
01383
001C7
7FD22
00200
7FC3E
7F935
7FA4C
7F36F
008D8
7FA5E
007DF
00A22
004BB
7FA35
009B1
7FC7A
7FE42
00236
7F77D
7FE96
00C21
003DE
7F17E
7F4D2
7F94C
009B9
7FF85
000C4
00343
005A2
00C7A
7FB01
00144
7FFCB
7F920
00000
7F058
002D8
7F1D3
00C48
0062E
00064
7FDC2
7F9B8
00429
001FD
002BB
7FBC8
00D46
00D95
7F78D
7EE2A
00B2F
7F9DE
00FF2
0048A
0013E
7F94E
7FC16
7FBA9
7F916
001AF
7FBAF
7FBC4
003C5
7F3B3
00A29
7FD2D
00D15
00336
0005E
0079E
7F5AD
7F930
00442
7FB01
7F055
011CF
7F788
7FF44
7FE68
7FCCE
7F446
7E80A
00366
00214
7F736
7F7D9
7FC40
7F71A
7FA05
7F934
7EFC0
00336
00204
7FF84
006BE
00F5C
00392
00600
7FF20
009AD
7F6D4
003AD
006E1
00047
7FCA9
003A7
00233
7FC8A
005E2
7FAE4
00C42
0036B
0017B
00200
7FB5E
00035
0022B
7FFFE
00616
013C0
7FD28
7FB2B
00660
0065B
7F24E
7FFE2
00A21
7F5B7
00982
00200
7F72D
000AC
007A7
01275
00470
00882
00F60
7F857
7F66F
7F039
0003E
00248
00010
7F692
7FA8A
7EE01
7FD82
7FE6B
0192D
7F9DF
7F62F
7FC6D
7FD87
000D5
00B31
7F3EC
7FDB9
002F2
0088F
00755
003BC
00000
00A50
7F77A
7F827
7EF86
0039E
0012E
0073E
008AC
004ED
00005
7FD1D
7FB76
00064
7FF6B
00B61
7FF3C
7FEE9
00E2E
7F79A
00166
003D6
0004A
0076E
00A01
7F6CA
0028D
7F511
006B6
7F42B
7FF2D
00175
7FBC3
7F737
7FFF6
7FC52
00804
00547
7FB04
0083E
00BF1
7F9F5
0088F
00580
7FA22
0096A
001E6
00E8C
7F498
7FA16
011FC
00B38
7F69D
0031A
00360
7F51B
001EC
7EF98
7F99E
00186
0049C
7FB1A
0002A
0103C
00400
7EF98
7F5E9
0013E
7FF5D
0027B
0034B
7FBDF
7FA75
7FC67
00984
7FB1E
7F0EE
7FAD4
7FC7D
00723
7F346
000B2
00B13
7FFD9
003C2
000EA
7F684
00964
0055B
7FA04
011CD
000DA
000C8
00003
001F1
7F8C4
7FE00
7FC2F
7F470
001CD
7F9C5
00898
00822
0058C
0024B
0044B
00729
00A22
7F58E
7FB22
008DE
7FA64
0043D
7F6CE
7F9E9
7FBE9
7FE67
001A7
001B1
00679
7F313
7EEFB
00D9C
00679
7ED12
7FE19
002B1
7F5CA
7F600
7F9CD
00CB0
7F48E
012E7
00188
7FDF6
004CD
00775
7FA4D
7EEF9
7FE4D
00088
00C83
7FE6D
00A89
00711
00352
007CE
7FFFF
7FECF
7FCB7
0039F
005AD
7F3B8
00297
7F44B
002CF
7F9BA
0040F
004AB
0054B
7F8ED
00EDB
7FE9B
012C2
7FFC1
00B69
002F3
7FE6C
002C8
0044E
00D75
7FA32
7F3D1
00AE5
002DE
00707
001A9
7FA97
0036A
00101
00A50
006B9
002CD
7F859
003E9
010DC
7FA3D
0015F
7FA69
00877
00366
7FD38
00000
0051B
0172B
00DE3
007BE
00A26
7FBB0
002A3
00E7A
0038F
7EF3B
7FFF8
000B0
7FAEA
7F612
00BDA
7FFFF
7FE73
7F765
006A8
005C8
0013C
7FFBF
01310
7FDFF
00623
0015A
00EBD
003F4
007D5
7F85B
00129
7FC00
7F7BC
00353
7FDD5
009E9
7FD45
7FA96
00F08
7FD84
7FFD1
7FD24
7FE06
008F8
7F8A7
7F938
7FD91
7FC01
00BB1
7EE1F
001F2
0008F
7F67F
0054B
7F5B7
7FE00
0061F
01247
7FEF0
7FA65
7EED9
7FD0D
7FAF6
7FE00
7F887
7FF1C
7F4F2
7F9B1
00002
0004C
000E3
7FFCD
7F891
0101D
00799
7F42E
7F63D
0119B
00147
00403
7F90E
0013C
7FB0F
7FA6B
00A39
0064F
00847
7F392
00103
00091
7F8E1
007CA
7FC39
005EF
000EF
7FBC3
0081D
7F9EF
7FB3A
005A5
7FE11
7F6AF
7FFFE
7F452
00474
7FCA7
00500
7FF7D
7F623
00260
003EB
7FFDF
7F8C5
00268
7F357
0062A
00449
00525
000AB
7F0D9
7F8C4
00349
7F791
00C53
7FD13
7FF0E
0003E
7FC00
7FEDD
00555
7FCE5
00152
7FCCC
7F612
7F1D9
7FEEC
7FBCF
00257
7F11E
0047E
7F6AE
00806
00C2E
7FA59
0026D
00321
003AA
004DE
011FC
7EC9F
7FE60
7F82B
00657
0014E
7F67B
7F7CC
7FE8B
01027
00025
00000
003B0
006A7
0038B
7F961
00715
7F998
7FA62
0029E
7FEED
7FB04
7F87C
7FAE2
7FCB9
000E2
7FF0D
00B4F
7FF37
00673
0000A
7FCBF
7F673
00767
00FA5
0033E
7FFB1
00F17
7F7C8
7F4C7
006F1
007F3
00AB8
7F400
7F8EC
00638
009BF
0044A
0033D
7FBA7
00905
010F7
7F844
7F98A
7FF63
00111
00655
008FC
0033F
00AA1
7FBB0
00030
0065D
7F7E9
00869
7F01D
0012E
7FD6D
00013
001DF
00614
7FBED
7FA89
00A16
00AC8
002D4
00933
0066C
7F4B8
7FBF9
7F175
008F5
00412
016A5
00231
007B9
0029C
00872
0045A
00CE9
7FEB5
7FD63
7FCC1
007C4
004C8
7F5BF
003D2
00CEA
00AB4
7F354
7FF43
005B1
7F034
005F8
00534
005E6
00BC4
7FC00
7FD17
7EDD1
00518
7F886
00CBA
00923
002D6
00DA8
0025B
000DA
00442
00163
01236
7EE77
0095F
7F401
7FC0B
7FE5C
7F9EB
7F99E
001D7
00154
004D4
0074F
000F6
00A67
7FC2C
00514
003DE
7F9CC
7FBF7
00400
0137C
00650
7FE89
00523
00637
7FB59
002A4
00258
002DD
00EB0
7F60E
0069D
7FF2E
0050D
7F8D7
003FE
0051E
0048A
00886
7F8BA
7FDD0
00328
008DC
7F0B2
7FCC6
7FF03
7F824
002EB
00372
7F9B7
7F9F7
00000
00C48
00388
00217
7F5F6
7FBC5
003E5
007D9
000E3
7F83C
7F9A4
00159
004D5
7F921
7F844
00BE1
7F87B
00C38
7FEE8
00929
7F947
0004F
003B5
7F77C
0027F
7FF85
7FD59
00472
008BB
00629
00E14
7F964
00CB8
7FEA1
7FF4A
010D2
7F5E3
0059B
005D1
003F6
0041F
0057B
7FF4D
7E7C4
00A86
0075C
0053D
00BFD
00E75
00355
001D2
7FFCC
003AD
001C0
003DC
7FCD2
00D6A
7FC53
7FA2F
7FBDC
7F2A6
7FCE2
7FDC0
7FB26
01400
007F5
004C3
7F982
005A2
7FE34
00A15
00234
001DA
7FD7D
7FB94
7FA92
003C3
7FE9C
7FB29
00F1D
0043F
7FAED
00654
005F7
7FB72
0018D
7EEC6
7FD3A
00165
00536
7F6D5
7FC96
7FF5C
7F740
7F9F6
7FA21
7F600
00BE0
7F9DE
008C1
0025D
005FD
7FF75
0034C
7FF3C
7FE13
7FA42
7FA8A
00197
7FFB8
00769
01957
7F8EE
7FC20
7FD78
00A5E
007DE
7FBD6
7FE2A
7FACA
00714
7F914
007C9
00A18
0063B
7FC90
00A53
7F567
7FA00
00A3B
7F6DC
7F346
7F9B1
7F8B0
7FE25
00321
7FEFE
7F978
007A1
7F7D6
7FE93
00D1B
7FE48
7EE11
000C4
7F5D7
000F9
7FF02
0033C
010C5
00440
002AE
7F7B6
003DF
7FA41
003D7
7FB84
7FAE4
7F98C
00675
00712
002B1
7F6D9
002EF
00344
00275
7FA06
7F5BE
7F5FB
7F9EC
00763
00D71
0081B
7F46A
7FC43
7FEFB
7F9D2
7F80E
7FF74
009FC
0009C
00D30
00486
7F736
7FABD
7F8F1
00583
00982
7FC8C
7FEF2
004D5
7FFBB
7FE00
7FF5F
00987
00005
004F1
00001
7F72D
00518
003FF
7F951
00842
00C9F
7FF36
7F73D
7FFE0
7FE17
7F601
7F88A
7F8C6
001D2
00449
00EE8
7FBA3
7FDBC
7FA59
7F736
7FF55
002D3
7F02C
0066F
0055E
7F4E4
7EE01
003FC
006C6
7F998
001E2
7F962
7F46C
00182
003FF
7FCD9
7F551
7F8A9
00AED
00835
003A4
7FE72
7F601
7F8CC
7F6ED
7FE72
7FCE3
00305
7FD7A
00A6F
005A8
00750
00319
7FE05
7FDB1
0056D
7F26F
7FFCD
00600
7F491
7FA46
7F8CA
7FB0B
7F8C0
0030B
00079
0032C
7F2FA
7F891
7FE8E
007ED
7FC45
00036
7F0BB
0067E
7F72B
001C9
7FA3E
7F6C8
00573
7FE34
011A8
00310
7F055
7F933
00481
7F6A4
7FA3A
00734
7FFB7
0087C
001E3
7FB51
001DF
7F582
7F97F
7F146
007CE
0052F
7EB3C
00EA5
009C9
00941
006B2
0034F
0091D
008EA
00D54
7FF5A
7F90A
00674
006D4
00B44
0032C
00783
00069
7EF33
7F814
00458
008B6
00C0B
002B9
7F400
003CD
0032F
7FE67
0090F
7F7CF
0098F
7FFAE
00423
7E7F5
002E0
004DD
7FC1E
0112F
7FB56
7F87D
7F785
7FD48
002C4
002C6
7FF87
7FB54
0014D
7FB42
7FA55
0081A
7F86B
00715
00A38
7EF33
008F2
00238
7FC01
001B4
7FE14
00D16
00D90
000F6
7F454
00A66
004C7
00C37
7F5FB
00929
00A83
7FE13
00CEA
0022E
0087B
0031A
7FFED
7FB44
00261
001D7
00E5C
0017F
00878
002D6
7F9F9
7F795
7FCDF
0050F
00595
7FD37
00200
7FEE8
00088
7FF92
00646
00ACC
002E5
7F311
7EA3B
7F560
00049
7FBA5
003EF
7FDB0
003C8
7FE48
7FDD6
005E9
7FDBB
00DBF
00638
7FB1E
7F04C
01749
00B0A
7FB21
7F5CA
7FDB6
7F5D4
006D8
7F7CF
004D8
00000
7F864
7FA10
00B2D
002A2
000EC
004CD
00311
7FED0
7FFD1
7F3A8
7FBB4
7FDCD
7FEFF
7FE6E
00106
000A2
00088
003C8
7F254
00E41
7FDA9
7FAD3
004D1
7F52E
7F1E4
7FD8F
002ED
7FCF1
7F891
008F0
000CC
7FE00
004E7
00447
7FB43
7FF30
004FB
7F1EF
00186
7F8D3
7FF0C
7FFAE
7FD97
7FF62
008E2
7F480
7FF95
00DFE
00647
7FB7D
7FA4C
00205
7FFE8
7EFAE
7F9F3
0067B
00553
001D6
0131C
00314
00319
0029D
7FE9F
7FE00
7FCCB
00D8F
00177
01020
7FE78
00047
7F168
7F32D
7F9C1
00196
00208
0049C
7FCE0
7FB19
000E1
7FE00
004D2
7F2AE
7ED6A
7F6AC
00EA0
7E780
003AE
7F586
7F9C5
7FCE3
00429
000EA
00077
0046B
7F50E
7F600
008B4
00516
00410
004BE
0098E
00461
00695
7F3AB
0002C
010E3
002A3
005EB
005E6
7F482
00070
00A52
002D3
004BB
00281
00526
0043A
7FC7C
7EF73
7FCE4
7F417
00612
7FB08
00432
7FD2C
7F74B
7FBF2
7F074
00264
7F9C6
7F8AB
7FA1A
7F74A
7FF13
00ADD
003E6
7FF7F
00758
00040
00159
7E5F3
00614
7FDF2
00136
00E3E
7FFE4
7FDE6
00125
00245
7F9C1
7FADD
00756
0079A
7FC69
7FFA3
002CF
7FED5
7F068
006F2
7FA00
7F6C1
002A7
7FF37
00414
00A53
00617
00468
7F0E7
7F3A4
7F16A
7F96D
00320
00238
001B2
7FC9B
7FBC2
01055
00589
0083C
7FE35
00BA4
0018A
7FE25
7FB8B
005F5
00E0E
7F9AE
7FC92
0005F
0065D
003A7
00000
00155
001AB
7FB4D
00008
003EA
007FD
7F88E
00A95
00ACF
00B36
7F8E4
7F34E
7F6EA
00721
00047
0043C
00DCC
7F576
00188
7F9FE
00232
01114
7F9CC
00052
008C9
00011
013FB
00102
005DB
00295
005A4
00200
7F518
7FC78
00962
001A9
7F7A9
7F83C
00F00
004C0
7FEF2
7FA02
00792
7ED63
7FEDF
00167
002CF
7FE06
7F4D3
7FB95
7FE1F
7F877
7FED7
7FE89
00191
7FF2D
7F4B6
7FF0B
7F022
0144D
004FA
00E30
00F5C
00000
7F36A
00427
7F4E5
7F286
0051A
001C2
00031
000BA
7F194
00279
7FAFE
001E6
7F40C
7F803
0005E
00650
7FF4B
7FDA4
00859
007AD
7F1BB
7FE63
7F88C
00050
001CF
7F3A2
7FC50
7F581
00D41
007BB
7F3A3
7FC00
7EE50
7FDCB
00112
7F4A3
003BA
00C80
008EC
7FB6A
0086D
7F4EE
7FEF8
007A8
7FEA0
00537
0089D
7FE00
7F3E5
0061D
00F52
7FF88
7FC91
009F0
004E7
7F9C3
0018E
7FCF5
00B18
00204
006CD
7FFC1
7F95E
7FC01
00637
7FF82
7FDC3
7F93A
7FAA0
00E43
00471
7F897
7F207
0008D
001F5
7F984
00AFA
0018E
007AE
7FA01
0046A
7FA3D
0046C
00A9D
7FF06
00F8F
7FF73
0023D
00BD9
7FFEA
00CAF
004D0
000F5
7F531
7F948
7F800
00410
7FFC0
7F50E
7FADF
7F809
000A6
00372
0094E
7FABE
00364
00002
7F475
7F985
00411
003C5
7F054
7FD65
7F52B
006B9
006AF
7FAC9
00D2B
7FEC1
7FEFB
7FA82
0064F
7FC0E
7F18D
7F95C
7F8C8
00E9A
7F784
7FE0C
7F6CF
7F8CD
7FEE6
00188
00014
7FAEB
00768
005C2
7FAA1
00C62
00762
7EF52
7FEBD
7FEEA
7FBAC
001A5
7F614
001E1
0111F
7FC51
7FEC9
003DC
00134
7FD7B
7FC6C
7FBFE
00495
7ECC1
00311
00101
7FC00
7FA54
7FB25
7FBC6
7F965
001A0
000C6
0118A
00138
00BB3
7F6B4
7FFB0
0043C
0024C
0005D
005D7
7FBC2
00367
7FE07
006CA
7FDF2
7F663
7FB20
00AD3
7FDB5
004B6
7F775
000B8
7FFBA
7FF89
7FA33
7EFC0
001FF
7FAA7
7F950
7F5A7
004CA
7ECB6
7FD2B
007A7
00827
7F747
7F3C5
000AB
0097C
7FAC4
000BA
7FE7A
7F61B
005EE
001CF
7F2BE
00423
7EE6A
7F76D
002DD
0058B
00C6D
7FC18
003B3
00A62
00205
7FE13
00C8C
00C00
00023
00251
0042B
005D3
003BE
7FCAC
0068C
007F9
00BAC
7FEA0
7F30F
00CB9
01078
004A8
004DC
00114
7FC9B
00877
7FA51
00071
7F814
00016
7F136
7F71D
00679
7F776
011D4
00BA6
7E8B2
00865
002CB
7FFFF
0027F
7F90F
00C43
000F9
0023E
00147
00BD0
7FD06
00493
00ABA
00513
00BB5
007F1
7FF95
7F0C0
00071
009BF
7F5EC
7F9A6
00975
0079A
7FC8F
00428
7F9BF
7F02E
7FB74
7FDB2
7FC65
008C6
7F94A
7FE5F
7FA00
004B0
001A8
0028B
7F403
00675
7F49C
002D5
00201
001C6
7F4AE
00746
01374
00207
000F2
00382
001FF
7F2B7
7FE2C
00B8C
00A70
00328
7FD37
7F134
008D3
0024B
7FF3D
00951
7FE65
0100A
7FACF
00008
7FE00
00C89
010BE
7FA60
005DA
7FB5A
7FD26
7F80C
001FF
7F9F7
7F76B
00834
00059
00BAF
00BCC
005AF
00600
7FD15
7FE0E
00684
00BB3
003E5
7FDB9
00626
0032C
7FA54
7F60A
7FED6
7EDD2
00003
7FBC6
7FDE7
7F600
7FBB5
0167F
00119
0048D
7FCCA
7F8B2
7F8C0
7F66F
7FD20
7FC82
00CBF
7F9E7
7FB66
7FDF0
00B92
002BE
0063F
008B5
00437
00D73
7FB9E
7F924
7FCFA
7F15F
002BD
7FD82
00D7C
7F3CA
7FD3A
7FCAD
00A31
0043D
00011
7FD5D
7FC0B
7F4CD
7FE80
0030F
0019A
7F8EE
7FF5F
0129A
002E7
01103
7FFD9
7F939
7ED12
006E3
006F9
00816
7FF60
003CD
0090A
7F983
7FB0E
00477
008A2
7F81E
00122
7FCCD
00756
00764
0018F
00600
7FEF4
00970
7F87D
0046D
7FEA7
7FE4A
0026B
7FAC7
003D2
00780
7FBF4
010A8
000BB
7FD22
0059C
002D3
00057
7FE3C
7F220
00574
7F976
00917
0034C
00189
7FD5B
7FDB7
005E7
7FD77
7F67A
7FC13
00360
00200
7FF17
7EF9E
00616
7EC08
7FE30
00F00
009E2
7FDD5
00007
7F8A5
0075A
007FB
7F23B
7F62E
7F977
00000
00C4B
01418
7FAE2
003EF
0050F
7FE11
7FB70
7FC4E
006B8
003F0
006DE
7F8C8
00131
003A4
0043B
00800
00355
00514
00232
0029C
7FFBC
7FF8E
009D0
7F89C
0068E
7FEB3
7FA87
7FEB6
7F599
7FDE1
7F8F6
7F405
0056F
004B7
0046F
00CFC
002E2
0055C
000D1
00626
7FC3F
7FE68
7FE22
01AFE
00935
00823
00019
00000
00D2B
7FEBB
7FAA6
7F9A2
7F765
7FD72
7FE0D
006E9
008DC
7F73D
00A0A
7FC3D
0050B
7FE2B
00F17
008EA
00DE7
7FF4E
7F237
003A9
005FD
00CCD
00424
00099
00673
7F899
7FE91
0037D
00580
7F939
00052
7FE00
00311
7FDFA
004E1
00CAD
7FFD7
7F924
00E79
7F72D
00221
00254
00BE0
00321
7F75B
7F581
7FC13
009FF
7FD1E
00333
7F9AA
7FA6B
7F404
7F523
7FB66
7F3DE
0081A
0047E
7F7FF
7FFA4
00818
00337
00415
00DFF
005F8
7FDFA
7F5CB
000F8
002AF
7F48C
0081F
7FCD4
7FE85
00255
7FD4B
00A85
003DC
00C35
7F610
7F200
00471
00332
00081
007ED
0046D
7F439
0075F
01022
007F3
0047E
00EAE
002B3
0066C
7F40D
00BB6
00200
7F93F
7F866
003EA
00022
001F6
0104E
009BA
00190
00968
7FCFD
013C9
002FA
7FA2F
7FC27
00246
011B5
004CF
00DF3
010D5
7F22E
7FDBE
009F8
00101
7FD7C
000D5
7FD2C
008FC
7EBA4
7F86B
7F891
005D9
00712
0008F
7F51F
00602
00B64
00383
7EEBC
7FF57
7FA5B
0045C
00311
0117E
7FE11
0009F
7F9A9
00423
7FE28
005C3
000E2
7FE29
7FC7D
000DB
00967
00088
0033D
00443
0060F
00335
7F979
7EE12
0004F
7FBB8
00400
000BF
00730
7FD63
7FFA5
7F27B
7FEF0
005B1
7FE57
00579
7FA94
7FD30
7FDE3
00AFD
7FBAF
00875
7F073
7EC30
7F817
00682
00E07
00340
7FF99
00C14
00138
7FBCE
00036
00F1F
00972
00A4C
0044D
00B29
7FDFF
00316
7F4AC
004F5
00276
00A35
00146
00771
7F18C
7F867
7FF8D
0092D
007A1
7FB8E
002BF
00066
01262
007D1
7F592
7FCF7
00391
7F40B
00747
002AD
7F7D8
7F98F
0071A
7F4E0
007FF
003B6
0035B
7F67C
00000
00CC1
0069C
00254
7F476
7FCC1
7FD6B
7FB09
7FD04
000FF
7EC68
7FAA6
7FDF6
7FCBD
0058D
00294
004B9
7EBDA
7FF29
7F194
7F917
7FCDB
00223
7FA0A
003B7
7FCE4
7F406
00919
7F0EC
00758
7FE5C
0076D
0016B
7FFC5
001DF
00528
004D8
004EC
7FC50
005C8
7FD17
007C5
7F27F
7FC28
7FBCA
7EEFE
011ED
002C5
001D8
00C5E
7FA57
7F9DE
00237
7FDF1
000CD
7FAB9
7F877
7F8E9
00885
007C2
7F171
7F9EC
0055A
7FF67
01000
00359
01202
7F67C
7FFFC
7F7D2
0027E
012BC
00BE6
7F22B
7FF1A
7FBC7
7FF76
7FDAB
000E3
00D80
005FE
7FF01
00524
7F0F7
009FC
7F3B1
7FB5A
0019F
7FF6B
7FE75
006D4
00172
7FD49
00369
7F35F
7FDA2
7FC00
0034D
004C5
006C6
00802
005BF
0001B
7FF0B
7F81B
003C9
002C7
7F583
7FAE1
008FD
000D8
7F88C
7FDFF
008A6
7F414
7FAB0
7FE03
7F430
00D5D
00C5A
7FC96
00898
00749
0026B
00860
0052C
7FF97
7FE84
00000
00323
7FCC4
7FCEE
008DC
7F549
009ED
00535
7F412
7FD71
008B8
7F7C6
00972
7F935
00741
001F4
7FBDD
7F8B6
7E9C3
00FCE
00205
0079D
7EECF
007A4
7FE3F
7F0CE
7FAF6
00E0B
0042A
00150
0008A
00691
005A7
00AC3
0096D
7FB88
00242
005C6
00504
7FC7C
7F843
00427
7FFDB
7F346
7F8F0
7F588
7F851
7FB03
7FF2E
7F80E
0037B
0085E
00989
00C0F
7FB41
7F191
7F305
00E17
7FE6D
002EC
008BD
00532
003E2
7FF65
7FE00
7FC9B
006FE
00AB6
7FAAE
7FA54
003B6
01196
7FBAC
7FDE9
00016
00419
7FCE6
7F85B
7F1E3
00DA8
002D4
7FA5F
007BC
7FA47
7FF68
7FCCB
0037C
00DEF
00187
7FF21
7FAF0
7F8BE
7FB05
7F8EF
7FE3B
005F8
7F202
7FAAB
7FECF
0094A
7FCBC
7F287
7FF69
7F9FD
00A73
007BF
7FD2F
7FAD7
0025D
00131
7FF92
0099C
010F7
0031E
00F7E
7F8DC
00885
002AC
7FBE9
00A04
7FC4E
7F8DC
7FFED
00363
7EECE
7F9E2
00E39
7F020
00600
007E8
7FDEE
00047
00B71
005B5
7FACE
7FCF5
001BA
7FD2C
7F734
001B3
7F595
0022B
00838
7F7FB
7F5AD
005BE
000B7
7FA38
7E69D
7EFAA
7F656
7FDEE
001D6
00484
0035B
7FB2C
0084E
00589
7F95C
7EF3B
7FBC1
00929
00867
00B81
7FF72
004CE
7FA36
01124
7F207
00822
0053C
010C8
7F9D8
003EC
7FCDA
7FD22
7FFAD
00093
00191
00765
0097A
00450
7F94F
00602
002D0
0047E
000A8
00349
00544
7FBD4
7FE8F
006DC
7F600
7FB10
7EBCF
00001
0051D
7FFB5
7FCF8
00698
0032B
7F9EB
7FBBC
7F0AC
7FFC1
00C12
00E32
7F917
7FA01
00497
7FC42
0088D
7FD0F
7F9F0
7F6E1
7FB93
7FA02
002F0
7FB89
00CB2
0083D
7FB8C
7F78C
7FF27
7FA01
0014E
7F7F5
00320
7FDBA
7F07B
00565
00489
008D3
00462
006F2
7FED2
7FFC2
7FAC2
00371
7F871
7E601
00906
7F95B
7FE4B
0001E
005C6
7FB71
7FE17
7FA00
00017
0086A
00522
0083F
0026C
00222
7FF36
00C00
7F718
0120C
0053D
7FA27
7FE63
7F3C4
7E439
7FAE8
7FEDA
7FCBE
00045
7FEE9
7F617
006C8
7FA71
7FA03
7FDD8
7FE81
7FB50
00059
00BDE
7FE36
003FC
7F8E4
7EEB0
00361
7F648
0069E
7EF3F
003EC
0050B
0043F
7FFF1
7F927
7FCDB
7FF12
7FB8C
003AC
7FDEA
7F8CB
001D2
7F3CA
00988
7EF44
7FFB6
0064C
0133C
7FBFD
7F4BB
7FB5D
00623
7FBF0
00454
00B01
000D2
7F1C2
00836
0027E
7FF1B
7FEA0
0035E
00213
00A66
00400
7F144
00697
7FB77
7FBD3
7F8E7
0020A
7FA1A
007D7
7F49B
7F682
7FE94
7FED9
7EEE0
00286
7F2BD
7FD2B
0065B
0042E
00AA7
00333
00A10
00767
7F133
00424
7FF50
7F973
005A6
00F1B
7F79C
7F6F8
7F6FF
003FF
008B0
7F3B5
000DC
7FC82
7FA5F
7FD35
7FE29
0033F
7F532
7FD20
7FC02
0054A
0060C
002D5
7FDD5
0087D
7F0CC
7EB0B
7F6E5
002D8
7F60E
0028F
7FAD5
7FB3A
7F69D
00A24
0082E
7F2CD
00902
7FB40
003E8
00600
7FFB2
006DC
00F07
7F28D
001DF
7F5A9
00422
008EA
7FB70
0000C
0015D
7F998
7FFD2
7F790
007E6
00381
7FC2A
7FA37
00376
7FDCE
7F74F
008D8
7F4A6
00514
7FE73
000A7
7FD5C
00666
0047C
7F7C5
00666
002D6
0094C
7FB5B
00BC8
7FF21
7FCB2
7F2D1
7FF16
0016E
7FCE7
7FAF2
00010
7FC8F
7FECF
002F5
7FB23
001B8
00E76
7FC9A
7EECD
7FAFC
0097D
7FCDE
7F1DC
00454
005D6
7FCA0
7FD55
7EF89
7F3D3
00627
7F6F5
00200
00312
7FF6A
01335
00718
001FD
7FAD3
7FE58
007E7
0002D
7FD20
7F484
00559
7FECE
7FD39
00BC7
00FFE
7FC65
005C6
7FA2C
0090A
7F91B
00012
002BF
00D11
7F1BC
7F911
00B99
00590
00FAA
006DB
7F3F7
005FF
7F930
007C6
7FF6D
007BA
7F5BB
7F781
7FEA4
7F41A
7F576
000E9
0007A
003D2
7FBCA
7FC73
7FBB9
7F001
7FE07
7FE5A
00B4B
00020
00262
0024B
7FE49
7FEEE
006A7
7FD95
0029D
00942
7FDDD
00AC7
00B33
00200
7F6B8
7FEB6
7FE27
7FDC5
000C3
7F8E7
00F4E
7F1EE
003EE
0002C
0071B
011D6
7FAAE
00494
7FF7E
7FF5D
0005A
0093B
0117C
7FFBA
7FC1F
7FB14
7EE0A
7F926
7F83D
005CD
00014
7FC30
008C2
7FEEF
00A02
00000
7F76E
7FC3B
7F7A4
00759
7F83C
0055B
005B8
00878
7F7E9
01516
7F9C0
7F1EF
7F8F5
7FDA9
7FA17
00848
7F8E8
7FF0C
7FFE7
00588
0015B
007E8
001CC
008C2
00A84
7ED98
7FE6B
00583
0015B
7FDEB
0039D
00800
01338
7F8AC
008E9
00862
7FBD1
7FF95
0002C
01205
7FD15
0059C
7FE28
00B79
0032E
7F533
7FDCD
7F1DC
7FDDF
7FB58
7FF9A
7FFE2
7FE9B
00702
005FD
7FE49
7FC64
00E27
7FC97
0056A
7F894
00189
7F435
7FFFF
00886
00B7C
7F87B
005E4
7F993
7F79B
0084E
7F20C
7F4CE
006AB
00C02
7F908
0002E
0074B
7FFB9
0087B
00117
00518
7F635
0086C
006EA
0042F
7EDE7
7F478
7FA87
7FE8B
7F8C3
7F64A
00EFD
7FCCF
7FE43
7FC00
7F874
7F4D0
00653
7EF85
001EF
7FF38
7FBB5
7F320
0015A
001B6
00C58
00BA0
7FCBB
00838
0103E
7FD12
7F742
7FA9B
00183
0038D
0020A
7FC6D
7FDFD
7FB2A
0037C
7F013
00033
7FA38
00AE5
00334
7F973
0043E
00589
7FD90
7F221
00833
7FFD6
7FBB9
006B4
00FA9
0046D
7FEAE
00871
7FE66
0001F
002DD
00E6C
0058A
00CB0
00213
00DC9
7FD45
0047E
00327
00AAC
0007A
7F9D1
7F9AE
7FAD1
01434
00048
7F547
00632
00400
00310
00597
7F2FC
7FD25
00976
004CF
00320
00C7A
0086A
00C75
7FD83
00582
0075E
7FCDD
00420
00400
7FEC5
7F505
7FDDE
7FB30
7F70D
7FBEF
7F5B9
009A8
7F79E
7FD22
002CB
7FEC7
002B1
00711
7FA5A
00000
00110
7F51C
0014F
7EE5F
002A5
0031D
7F5FE
7FB84
7FDF4
7F611
001B0
7F3AD
0066A
0041C
7FF2A
007FF
7F465
002A2
7F0CB
0014D
7FB1C
7FE7C
003C2
7FE59
7FF6E
7FE01
7EFC0
0000D
7FC90
005A0
7FB17
01200
7FD6C
7F960
004F5
7F8A1
7F667
7F060
7FCE3
00818
7EE2E
004BC
001AE
7FD22
002B5
7F86C
7FBDA
00052
007C2
00669
00833
008B9
7FEEC
7F405
7F8EB
00808
00004
7FAAF
7F8B5
00362
00C2F
014CC
7FBAF
0043E
7FA3F
7FE86
7FECF
7F545
7FABC
7F91B
0037E
00B4F
7FB23
000BE
7F8C5
7FC76
00B31
7FD4F
7F2CE
7FF3C
7F990
002BB
00551
003C5
7F438
7FC15
7F1DE
004C8
7FFB9
004DC
003F1
00076
7F53A
7EC8D
7F970
00200
00BA8
001E5
7F4E8
7FF99
00854
7F9E9
0016C
7FECA
7F1A6
7FC95
002E3
7F0F4
7F9B6
7F68F
00384
7F61C
7FDC7
7FDF3
7F87C
0058A
00D05
0035B
00673
7E78A
0087A
00054
00031
0018F
7F8FF
00637
7F258
00800
001C4
7FC2E
7F861
0083D
01029
7FC5F
7FF70
7F7D8
7F6F0
7F0AB
0051A
7FE73
7FFBE
7FB08
7FD1C
7F347
00267
7FE34
004E7
00619
00182
7FC60
7FF7C
7FC5D
0022C
7F63D
7F8BA
000A9
003AA
7FC74
7FD53
7F200
00246
7FDF3
7F7A1
00B24
7FBE5
7FDB3
7F96B
00204
7FFB2
7FC1C
009AD
7F456
00E0E
00410
7FB50
7FA77
7F220
7F29C
0125B
00A39
004E5
7FB07
7EE5B
00760
0003D
7FF5A
00A14
7FF18
006D2
002BA
00226
0043E
00D9D
7F772
00433
7FFC0
00A0F
7F3FE
00757
7FC4C
0139E
7FA7E
7FE86
0003C
0046D
7FB54
7FE8F
003D3
7FCCE
7FD3A
0025F
7FE3B
00086
00A8B
7F25F
0054B
008B3
0070E
004E1
004E1
7FA32
7F5B6
001C6
7F800
00391
004BD
7FA19
7F639
7F4F8
7FA6D
7FFF6
7ED47
7F026
00CAC
00885
7F8B6
00DA2
0087A
7FDFB
00200
0056D
00233
00053
7F414
7FF96
00BE1
7F79B
00911
7F91A
009FE
7F1EA
00324
7F032
7F8EE
000BA
7FC00
7FB7D
7F737
0000C
0076E
00389
7FE78
7F385
006BA
7FDE8
7F7FF
008C0
001A2
7FF83
007E6
00273
00201
7FF3B
00433
7FC42
7FE44
7F267
7FD92
7FB12
7FAEE
00522
7FEFF
7F615
00282
0082E
00458
008B0
00800
7FA32
7FC17
7F6CD
7FB1E
00B5B
7FD41
7FAE3
7FD4C
7FC92
7FFE4
7FD05
006DC
7EDD8
7F7CA
7FFA6
00475
00818
7F3AE
000FF
00427
003E7
0040F
001CB
7FC08
7F75B
7EA08
0058C
000B2
7FB86
00D28
002D4
0043E
00837
0120A
00139
7FC3E
004B3
002AE
7EC73
00B42
0067A
0020E
7FE78
00508
7FD9F
001D6
7FDB3
0027B
7FA7A
7F83A
7F21B
7F857
7FBA8
7F7EB
00409
7FDA1
7F97F
7F4BC
7FF89
7F963
00A2E
7F756
7F7D4
00600
006B3
7FFD5
00A91
7F9ED
002F0
008FB
00290
7F001
009D6
7F6B4
005E9
006EC
00618
7F430
00BAB
7FBC4
7FCD3
7EF3F
009A3
006B0
0075E
7FEED
7FE7F
002EF
003AE
7FDD0
7F54A
7FDB6
009DA
00030
0072C
7FC00
7F5A7
7F221
007D0
00470
7F4E9
7F754
00709
7FDF8
7EF38
00A81
0042E
7F8FA
7F901
00520
01027
0043D
7F3D5
00575
7FBFC
005E2
01143
0059C
0049A
00362
7F854
7F40B
00781
0013A
00BCA
7F944
004B6
7FC00
002FF
7F99A
00376
7F768
7EFDE
00314
00005
7FEC3
00247
7F8B1
7FECF
7F8C1
00901
009F8
7EE37
001D9
7FF41
7FB55
7F7CE
7F9B2
7FA01
010AB
0178F
00502
00AA0
7F51A
00BA8
7FACC
004B3
7FB08
00BB1
7FE95
005EE
7F71E
000DF
7F9C1
0016B
00175
013ED
7FD9F
00387
0011F
005AA
7FF00
001A0
0060F
7F9C3
7FF3C
0048C
7FD0C
7F0F1
00E29
0034E
7F150
7F447
001F2
00264
7FDB1
01239
00870
00307
7F512
7F4A0
00600
7FD47
001BB
00182
7FFD3
00041
7FDD1
7FB5B
00B67
7FB84
009AC
004BA
7FFE1
001F0
7F8B9
003CC
7FC01
009CF
00380
7FF79
0053C
7FB04
00AA3
7F8EC
00511
00A16
7F908
7F070
7FC9D
7F9F9
00BAA
7FBCE
7FE00
7FF34
7EDA9
002A0
7F82D
7FC8C
7FE5E
00CF3
00896
7EADD
7F338
7F35E
01115
00483
00BB4
00873
00001
0007D
0051C
7FDFC
7F2C4
7FA12
7F5DF
7F96C
7F6EE
7F8C1
00212
7EF44
7F26D
7FDB4
00335
003EC
00200
0017F
009A0
7F158
7F43A
7F662
00AA0
0045F
7FB61
7FA4B
7FFDB
00329
00325
7FD6B
00644
7FDA1
00539
007CB
7F5EB
7F05E
001EE
7EFA7
7FD7B
7F64F
00274
00F86
7F5FE
7F704
003DA
7FFB5
7FE2E
7F999
7F785
00638
0023C
00863
7FEB9
00667
00A1B
002B3
7FBEF
7FC17
7F787
0069A
7FDAA
004CC
00993
7FE3F
7FC4E
7F97A
00DB0
0060B
7FB6D
004D6
003B2
001CB
7ECDE
00BA8
7FAF7
00675
7F9E4
7F72B
7EE64
7F140
7FC00
00773
7F70F
7FDC4
0043F
007E7
00FFF
00A5D
7FEC9
00A3A
7FED4
0055E
006C5
7FC5C
7FA1F
7FB80
7FE95
00499
7F518
001B3
0067C
00128
00E9F
7F426
7F7D9
00344
00114
00038
7FE49
7FC53
00954
00424
00DFE
7FB8E
0033D
7FDE6
003D5
008B2
7FB36
7EAAD
7F7D8
00625
7F8EE
7FC1A
00B31
00171
7F36A
7FEFF
00F8D
7F07D
007C0
7F920
003A2
7F2DA
7FEFF
7FED6
7FECA
7FA53
7FC52
00366
00323
0006E
7FCD5
00278
00400
00068
7FCF3
00444
00D45
7F9AF
7F990
7FD59
7FE43
7FC18
7FB73
00610
7FE60
7FAE1
7FEEC
005E9
01165
7F7AB
7F721
7FF20
7EC36
7FBDB
00016
7FFD9
00717
00E5A
7FF94
7FA38
00577
7FB30
7FE2C
0019D
01972
00A2C
00C31
7FEB9
0088D
7EF08
0054A
00621
7FF78
7FECA
7F45E
7F518
00B83
7FF1C
7FB66
002B1
7F6A2
00517
7EC94
7FBCE
7FAD0
7F59D
7FDB1
002EF
0053E
7FE2D
009D0
7FE56
7FDFB
00880
7F70B
00B05
00800
00023
003AC
00221
00359
7FD8F
7F7DC
7FE9A
00494
7FF9D
7F8F1
7F6CA
7F3D2
7EEB5
0001B
00682
00600
005EC
00122
7FB42
00742
006B6
7FA76
014E5
00096
7F333
7F3AF
0036B
00148
003A5
000F0
000B3
00000
00BF2
00EE6
7F8E6
001D2
00234
00F38
7F892
0076A
7F9A6
00608
0065F
0095A
00708
0007F
7FA13
011FF
00736
7FF98
002BF
00392
7F7BD
7F677
009B4
00369
7FA4F
00A09
7EFC9
0018A
0086B
7F678
7FF93
00600
7EF1C
00317
011DA
00031
7F387
00992
0020D
00D53
00074
011C3
00732
7FD7E
7F94B
7FC84
7F8C9
7FA75
7FEB7
7F76B
00D82
001E6
00641
00A90
00163
00323
002B0
001F0
001BC
7F883
00128
0003C
004BB
009E6
7F782
0083F
00085
00B47
7FD24
7F638
00C57
7F79C
00038
00698
0077A
7F8EB
7F526
0041C
0078D
00828
0044D
008FA
00F92
00E7E
7FD53
7FE69
7F739
7F55A
0121B
009BE
00380
7FE83
7FB04
7EF3B
00413
00000
7F00D
010AA
00455
7FBE5
006CF
0019E
7FD34
007D6
7F98F
7FC41
00950
7FF68
7FD4B
7F6F9
00C80
00B4E
7FE66
0104E
00CEC
01136
00D82
00274
009E7
00424
7F64F
00045
7FA35
7FAAE
7FD0F
0054C
008D1
7FC00
7FD2C
7FC9A
0046C
00992
7FC80
7F65A
00F0A
0033E
00E10
7F8A6
00B6F
7F77C
7FDDE
7F1E7
006FF
7FA57
001FE
7FC46
7FED9
7FAC8
003AF
00307
7EF88
7FB3B
7F6FD
7FE51
00AF1
00344
000F1
00556
002C5
7FC00
7FC86
00BD4
7F7F0
00413
7FDCA
7FD46
7F17C
7FAAE
7FE31
7F3C9
7FA31
0023D
0018D
7FC45
7F295
7FD84
00D66
00180
000CF
007E2
00B8C
00770
00111
7F9CA
00786
00073
7F9BD
7F882
009C2
7FE60
7FD00
0043D
7FF97
7FA30
00221
00872
00F56
00D64
00AD2
003B9
00FA0
7F5C5
7FC0C
7F9D7
7F08B
00922
01092
7FC2C
00BD0
7FC21
00CD7
0056E
7F9BE
7F9CB
00193
7F8EE
00103
7F8A9
003AF
00228
000A2
005A4
7FD56
7FE00
002A5
7EA83
7F99E
006FB
7FD06
008A3
001CE
7F9C4
7FB30
0035C
0059A
014C8
7F914
7F52A
00FD1
7FFFF
7FF77
00688
7FF7D
7F7F7
7FBAA
7F70D
00A3E
7F9C2
7FDB6
7F516
7FE4D
7F3F4
7FD3B
00226
7FA5D
7FE00
7F318
0011D
00664
7F6AC
7F54F
7FDAE
7FF96
0023E
00477
7FFC0
0018A
7FC30
00027
7FD21
7F645
7FBFF
7FA16
7F833
00421
7FA64
00847
01399
013DB
0023F
7F80C
7FD76
7FBA3
7FB15
00E94
7FA97
7FB5B
00400
7FF56
7FC3A
00C1E
7FF17
00814
7F65A
00CD6
00B24
0033F
00C89
0120D
005EF
7F9D1
00BD1
7F7E5
7FE48
7F466
7FF7E
7F0D1
7EB56
7FDB6
00714
006FB
00D66
7F4D6
00C95
003ED
7F980
0068A
0032E
00478
7FD2D
000AF
00054
00565
01708
7FCE0
7F5BE
7FB7A
00B9D
00370
7FD57
00288
005BF
7FF7D
7F8CA
012EA
7FCC0
7FB58
00531
7EC2F
00C72
002F4
0051D
7FE57
001F4
7FA15
00141
00081
7F9A8
7FA62
00450
00048
00200
7FECF
7FFC3
00100
7F887
00BB0
0015D
7FF2C
7FD86
00D34
00B32
00DE8
7FF2C
00A4A
7EDF8
7FDE9
0043D
00CC9
0044E
7FC57
7F7B5
00248
7FE4F
7FB6A
003D2
0005A
0046E
7FECD
00CA2
00981
7FE34
7F81F
003FE
7F90A
0016B
7F79A
7F0AE
00423
7F6CC
7F4EE
009B0
7F839
7FD54
00C8E
7FB2A
7F4E5
7F6A7
7FFEB
00CB9
7FE12
0052F
00DC1
00D48
7FC23
7FF13
7FE63
7F6C3
00698
002E4
7EBE9
0007B
00178
7F3C5
7FE37
01200
7F8BE
7F3C3
7FFC5
7FE4F
004B6
00B9C
00299
0008F
00811
7F66E
001A2
003B3
7FE53
7FB3F
7FD1D
015B8
001B8
00387
0064B
005B9
7F708
7FFD5
7F71B
004E5
00E75
7FF2B
7EFE9
005B0
7FE62
0058E
0028A
7F785
7FE7C
0011F
00D3E
7F8E5
7FA0E
7FAC4
7F716
7FDA6
7FE7D
00218
0030A
7F58E
7FF34
7FFBB
009AA
7FB3B
7FAC7
002A8
7FB05
0082E
7F6D7
00240
7FD3F
7FE02
7FA6A
00237
7F7D9
7F67D
00B44
00251
7FD09
7FE00
00379
0038F
0088E
7FA0B
7EED4
7FD86
7F7DA
7FDC3
7FFD4
00506
7F599
7F6CB
7FBB0
00044
012E1
7FC01
00480
00627
0019D
7F7A8
00392
00EF0
7F75B
7FEEE
00C27
7F987
007E1
7F5AF
7FCFC
00820
0022C
7F202
007CA
003A0
0083C
000CD
7FC5D
7FE11
00CDF
0063E
7FC8F
7F903
00D4F
0040B
006F2
0133F
01007
00400
7FB8C
7FDFC
009D4
7FD84
005F1
7FA2A
7F65C
00D10
002C7
7FD1F
7F8F8
7FF7F
7F514
7FFAD
00878
00600
00634
7F5B5
7F547
7FCBB
7FC08
7F660
7FECF
00101
7F4B9
7F778
7FCDC
7FBBD
7F9D3
0031B
7EE29
7FA74
7FE6C
00423
7FBE7
7FDD1
7FD16
00175
7F9DF
7FF8B
7FC15
7F335
7FE8B
000C4
001AC
0055A
7F19E
00711
7FAC6
7EED5
7FFBE
0154D
00ECC
7FE46
0008C
7F34C
00E4F
00166
008E8
7F93E
0039A
7F25F
7ED00
00827
7F365
7F80A
00807
00322
01073
005FA
003D3
004BC
00256
7FD51
00241
7F0C9
7F736
00E05
00837
00400
004C5
7FCA1
7F78E
7FF97
00B3E
7F772
7FF32
7FD35
00556
7F03C
7FDAD
7F761
7FB4E
012FA
7FDE1
00B4F
7F954
7FD4B
003DD
7F70A
004D0
00DEA
7F56F
7FA26
00457
7FB49
7F4EF
0046D
7FB22
00C78
7F550
00400
00AB4
00148
7FF9C
009ED
00655
7FCB5
7FCB7
00E24
0008D
008BF
7FDDF
0025D
7FA60
7F9B7
7FDFF
7F4B2
7F8E4
7FFF6
7EF98
00A70
009FD
7F960
005BA
7F93E
7FFC1
7F70D
7F80E
7F83B
00D96
00919
00134
7F800
7FA7B
7FD60
7FDBB
7F20D
0099E
00B8F
00481
00889
00A28
003B0
7F729
002C1
00633
7F457
0081A
7F8ED
0088B
0028F
7FD70
7FAFB
7F734
003EB
00762
0072E
7FF19
003EE
7F715
001A4
7FE4D
7F154
7F701
7FBC3
00996
00174
0096B
7FFA3
7F79F
7F75B
7FDFF
7FBE0
00177
7FC10
7FD4C
7FCEC
7F229
008B3
7F3B0
00B37
00566
7F893
7F3DF
7FAD6
7FC03
7FE9B
003BB
00867
7FCFA
7F22F
7EDEB
00531
00204
7EB31
7FDE4
7EA00
7FCB4
7FE09
7F0F6
7F919
7FEBD
00359
00626
7F801
7FDCE
0046D
7FDB9
00D00
006D1
00508
00168
001FF
00083
7FFC5
0007D
7F95E
000D0
7FE63
00842
0012C
7FCC6
7FB39
00056
00794
008AC
00F5F
7FA6B
7FE00
00060
7FE4C
0091A
00EE4
00FDD
00474
7F911
7F801
000A9
00869
7FFAF
7FD55
7FC85
001E6
001A3
00E00
7F55F
0098E
7EDF5
00EA2
7F94E
7F8D8
7FF73
006D4
0067F
7F248
00E71
00E10
7F696
00AAA
006F0
00400
00F09
00484
7F633
00091
009A4
00771
000BD
7F6E7
7FDFE
7FD6A
7F2C9
7F289
001BB
7FA59
0054C
7F58D
00735
00099
7FE5E
00345
7F12E
00661
7FAC0
7FC68
002CD
7F908
01293
7FECA
00A2D
7EC34
004F3
00001
009EA
7F612
00333
00207
00585
7FD53
0080D
00162
7F4F7
00044
7FA3A
000B2
00421
7FCC5
7FA2E
00FAB
7FC64
7FFEB
00AAD
7FD44
7FDCD
7FE2D
009E7
7F6BF
7F314
016E7
016A1
7FE77
00B10
7FD5D
7FA62
7F400
00058
0021F
7FB78
7FE79
00969
001BF
0073C
7F767
00304
004D5
00109
0031E
006BD
00DB4
00442
7F61B
001E1
7FABB
00759
7FCC2
7FECE
7F075
00AF0
00166
7FE7C
7F6FD
7F3CE
005FE
00836
00891
7FBC1
00200
00040
00182
7F708
7F996
7F9A7
7F986
7F957
7FAE9
0129D
7FFD3
00047
7F8D1
0031D
7F786
7FEE7
00CBA
006D3
001E0
013F3
7F3EC
7FE06
002B0
0032F
00712
7FC3B
7FEDA
7F447
7F798
00AFA
7FAA8
008E2
7F800
001B4
00144
7FFD6
00131
7FC94
009D7
00367
0027E
009C0
7FC03
7FFDE
00995
0020C
7F34A
7F050
7F58C
00016
00891
00106
7FCC5
0036F
7F75E
00AB3
001F1
7FBBD
001A2
00A15
7FE05
005BA
7FEDC
7FC9D
7FA59
00AC9
7FDB7
7F1AE
006D4
7FCC4
00034
0014D
7FD90
7FC46
7F9DC
7F616
7FA79
7F286
7F9BD
7F76F
000E4
006D6
001B0
7F9D5
0056A
0128F
7F3C0
000B1
006C0
7F5B3
002EF
7FBFC
0040F
011A9
01175
00DBD
7F600
00AC9
7FF94
7F9B3
7F7BC
7FC44
007B7
0038C
7FFA9
000F2
7F96B
7F64D
7F419
7F8A7
008EA
00468
00DFF
00158
00063
7FE93
00493
00604
0022D
005D1
7FBA8
0074F
7F6E5
0019E
7F837
009D4
7FB5D
7FA7B
005FF
00F30
7FB32
7FBBF
7FCF6
7F0FA
001D6
003F9
7F459
7F85E
0046C
7F475
7F642
7FB37
7FF5F
7F82E
7F601
7FEC3
004D6
00F73
006BB
7FB53
7F447
00416
7F059
7FBEB
00B45
7F98D
7FD72
7FD1D
7FC59
00E1F
7F800
7F720
0031A
002CE
7FF39
00972
7FB21
00959
7F5E0
00772
005DF
7FC3C
7FB5F
004BC
7FE86
0096A
01CEC
004FE
000BD
7F918
002C5
00A59
7FE1A
7F4E9
7F2FB
00531
7FA34
7FB4B
7F6BB
002A2
00A0E
7FA95
0087D
7F203
001C3
7EABC
7F7EE
7F642
01098
0021B
7FF96
00678
7FEEE
7FCE8
00E31
7FFBA
7FB17
0042B
003B2
7F9A0
7F454
0094B
7FF70
00693
7FB9C
7FD69
7FA0E
00381
7FB51
00744
001D9
7F535
0101D
000CF
7FE00
00A9B
007E2
00575
0041A
0024E
7FFC1
7FE6C
00F39
001B0
7FB7F
00279
00573
00389
0016E
00562
7FA59
004F4
0009B
00467
00CB3
002E8
00973
7FE2F
7FA54
7FFC3
7F7A5
7FC36
7FC71
00258
001ED
7EE13
001FF
7FD78
00284
7FECF
7FE58
00204
014EE
7F32F
00031
7F128
0065A
7F779
7FD5C
7FD05
00271
7FBF8
7FD2D
004A7
00306
00329
7F5AB
009AB
7FDE5
00888
00879
7F689
7FC17
7FFEF
7F92E
7FB2D
7FFBD
00B7D
00000
7F73A
00BA0
7F5EF
0037D
7F4F7
7F849
002B8
00BBB
7FAA5
7FFA9
7F704
00235
7FD30
7F320
0071D
7FBFD
7F7A0
00616
7FB1C
00B82
7FA19
7EB00
7FD38
7F0AA
00284
7F2D7
004A0
7F876
7FDAF
7FB44
005A1
00169
00076
00AFA
00A8C
7F287
7FE68
015A2
00A2F
00341
0020C
7FA59
7FDFF
7F36C
7F2D9
7FE10
00B1F
005FD
0014C
00107
7FB1F
00241
002C1
7FCE3
7F900
7FC64
7FD81
7F797
0044A
7F8A4
7FB4E
00023
7FFD8
00000
00849
7F6F6
00B63
00CE0
7FD0B
000A1
7FF07
7F01D
7F68C
7FE8A
7FD96
7F014
000D2
7FB87
7F6C0
7FE01
006E4
7F872
00C27
7F60A
7F8BE
7FD21
7FDFE
7F419
7F384
7F9BF
002A3
004B9
00914
00A67
00122
7F002
7FD1A
7FCB0
006E8
01093
00838
7F8D9
7FD6E
003E5
7FC57
7F896
7FE86
00371
7F5E7
005C3
7FA0E
00200
00804
7FE43
006B2
7F483
7FF98
003BC
000FA
007E5
7F554
004C7
002BA
7FFC2
7F29A
7F9F3
00C05
00400
006D8
7FBB8
00301
012B7
0097B
7FF17
0114E
7ED85
7F687
00035
00EC2
7F5E1
00CB0
7FCA0
7F459
0035F
009E2
7F7F6
7F26E
7FC10
00649
7FD50
7FBFE
7FBBE
7FFA8
004C9
7EE90
00824
7FD27
005BC
7FC65
7FBC1
0071C
00B80
006D0
7FAAD
7FFE2
7FEE4
7FDCF
000E5
00152
7F4B7
006C7
00DA4
0056B
004AE
00575
005FD
7FF92
006C7
7FF0F
0062D
7F95F
006A1
7F8BA
7F876
7F92B
7FF87
00192
007E4
7F8C0
7F859
00972
00200
7EA25
00186
004DD
7FE0C
7F173
00C63
7FF0F
7FB17
000F0
007CC
00224
7FCA2
7FF26
7F925
7FBD2
7FBC3
7F532
7FCBE
0066B
7FEE4
7FC14
0038B
00640
7FE57
7FD00
7F76D
7FEF9
006D9
001E6
000C9
7FC70
00800
004AC
7F5D2
7F534
00065
00866
7FF51
00CC0
7F961
7FDD7
7F92A
0018C
003A7
00135
7FF03
005D2
009E6
7FA22
00B8B
00B1C
001AB
7F41C
7F920
7FC44
00E75
7FD48
7FF17
7FC52
00086
00144
00F45
7FF55
7FC00
004AE
00324
00B83
7FBD8
010BC
7FC6B
00324
7FC5F
7F87D
00438
0080F
7FD03
008B0
00412
7FA40
7F82C
7FAD2
7FF0D
7F84E
00E63
7EF21
00B66
7F083
7F612
0051A
00DB9
000FA
7F1C8
0022D
0024A
7F6FF
7FFFF
006E9
7FA5B
00075
0011D
7FD44
002F6
7FF9E
0080D
00828
7FFDF
015E6
7FA6D
7EB48
00A2B
0021D
00879
001C1
002D2
000CD
7FC98
0000C
7FB80
7F957
7F4D3
7FE82
7FC95
00B0F
7FFB9
7F2C2
002BB
7FF1B
7FC00
7FE4A
7FC04
7F8C1
7FBA5
00333
004AD
00049
000D5
00003
7F731
000E4
7FFAC
7F6F2
7FD4F
00238
00400
7F67E
7ECED
7FE17
7FF21
7F17E
7F959
00C32
7FA00
0032F
005BB
007EF
7F98D
7F73E
00872
7F5B6
7FFFF
004DC
7FDDE
7FD70
7FEB3
7FD8B
7F8BC
002E2
7FB2C
0017E
7FA08
0006D
00854
007CA
000F5
7FEBE
00000
00858
01933
7ED7E
00685
7F5A8
7FDEE
00165
7FA01
7F4A6
0090B
7F9AC
00E73
006D0
0049A
7F3E2
00800
00AAC
001C2
7F727
01254
00648
7F0D7
008A8
001A1
00015
00646
0041F
002A1
7F75C
00028
7F86C
00340
7FDB4
00845
0013C
002CD
7F479
7F6B8
7FF1B
0135A
7F80A
7F3DF
00030
7FD10
7FE05
7F99C
7FE57
7FD2B
000B7
7FC17
00781
7FAC7
7FBD2
003BC
7FD4A
0040D
00356
7F7D5
00C4C
7FE6D
7F67A
7F215
7FB43
7F0C7
003BF
01240
7F82F
7F814
7FDF0
0051C
002B9
00371
0094E
7FC1B
7FE1D
7F62D
00310
00C09
7EFD3
7F600
7F884
0001A
7F689
004DB
0078D
001C1
00163
7FC7F
004C3
7FF55
7FF96
7F900
001FE
0008B
7FDFC
7FA58
7FB10
00405
7FD47
7F307
7FCE8
00289
00D58
7FE48
00C09
7FF3D
7EBB3
7FF1F
01308
00054
00210
009FF
00A1C
7F178
7F93E
005A5
7FC5B
0002A
0084E
7F24E
00158
7F6EC
7FC0D
00A7E
7FE48
7F523
00176
7FD2C
00444
00547
7F54E
0008B
0116C
005DA
0072B
7F477
0016A
003A1
7F7C8
0002B
00526
0151A
00EB0
7FC00
0049A
7FE69
00180
7FDA4
0128C
00811
7FFC0
01852
00EB2
7FDB6
00468
7FCF3
009FF
7FAAC
7EE2D
7F1FD
00682
00331
0031B
7F712
7F339
7F612
01758
00931
7FA08
00567
7EB9E
0050E
7EDAD
0091C
00269
00712
7FB8B
00676
0008C
7FFB0
0086E
7FAE0
7FBC4
7FF09
7FB82
00035
7F444
005CF
7FF0A
002D5
004AB
7FCA0
7F6B7
00471
7FEAA
7FBD7
0053B
7FC7D
00510
00C6F
7F35A
0055B
7FA28
7FFA8
00859
00162
00068
00600
00B7F
013BD
0015D
7FDEF
00784
000BD
7FF01
00311
7FA4F
7F63D
00111
004F4
000B9
00421
00410
7F001
7F94F
0076C
00070
00100
00B8E
7F820
7F960
00968
00AE2
7FEAB
7FB1F
7FEE2
7FB65
7F900
7F760
7EE02
7FC29
0020A
0004E
00596
7FAB9
003E5
0018D
7F4EF
7FF21
006C1
00F02
7F9DF
008E5
008C9
7FC76
003FF
00706
01169
00135
0137A
7FA36
00B3F
7F2C3
00694
003B2
005B6
7F81F
7FA4C
002FC
00214
7F4C9
7FE00
00236
00589
7F628
0016E
01348
7F2E9
7FC0C
7FBF4
7F2C0
0041C
7F38C
7FAC1
00933
7F220
7FBCB
000E5
0079C
00CE3
7FDCB
0080A
7F857
0088E
7F88A
7FD41
7FA80
004AF
7FB60
000B4
00749
0044A
00DB5
7F784
00639
007F2
7FF68
00AEE
0090E
7FDFC
7F932
00531
00C34
7F31F
006A4
016A1
009C4
007C3
7FD23
000A2
7FE8B
7FAD5
001DA
7F227
0010D
7F66B
009D6
7FA57
00042
7F9D7
003D2
00024
7F11D
7FFC8
00A50
00000
0008D
7F89D
00A97
7FA3B
00188
7FCE9
7FC9F
7F519
00103
7FE45
00617
7FFC8
7FF4D
000F7
7F9FC
7F785
0056F
7F46C
7F43E
000C4
7FD56
007D4
7F3EA
0064E
7FA16
009E3
001F7
7F2C8
00139
005E2
0142E
00000
0074F
7ECA2
000C6
01778
7FBFB
7FF53
7FBC5
7F55F
7F7F1
7FD47
7FFD2
7FBA1
7FDF1
0016B
00364
0087B
00614
00649
7FC53
002A0
0040E
00595
0077F
00072
007D2
00960
7FAFF
003BC
7F8B6
00472
7FD83
00000
7F6C9
7F62E
7FFA1
7FC72
7FE3B
0074B
7FA94
7FD97
00891
0169A
00311
00392
00431
00611
00549
7FA97
00B88
7FEE1
001D5
00695
7F030
0024A
005EB
0043C
0000F
7F6E9
003F6
7F22F
7FD1F
7F841
7FBDB
7EF0A
000CD
00F25
7FF9C
7FA26
7FD68
000E0
7F739
012A6
000E1
7FA3C
004DE
7F921
7F147
7FC93
7F389
01164
7F967
005D3
7FBEC
7F6EE
7FD80
7F6C1
7FEC3
000BC
7F81B
7FD71
00DF1
00A89
009BE
00199
7FB95
00200
7F4B0
7F830
0037D
7FD4B
7F968
00C85
003D0
007A8
7FE84
7E7FE
7F6A2
00733
00055
0024A
7F74C
7F601
7F292
7EA8A
7F5C1
007EF
7EF87
7FDCE
01668
7FCD5
00115
00452
00595
7FE4F
7FCCD
00845
7FCF9
7FE00
7FED9
0041D
006F9
7FA3B
0050C
7FFA8
7FBFF
7FC59
7F889
7FA3D
7FE9E
7EDFB
00B6C
7F6C4
00A33
00200
7FEBB
00382
7FF0E
0008C
003F8
006FB
7FED4
7F72E
007B8
00F1C
00A91
7FC85
000D3
7EDB8
007CB
00600
7FBB5
00618
7F919
00586
7F381
7FCF5
004BA
00B43
7F7FF
7FB6E
002EF
7FE94
7FB25
7FC85
7F539
01113
7FBC2
7FCAD
001DF
00D6F
00756
00624
0054D
00638
004A7
00571
000C4
000DD
00103
0053D
0005B
00712
00467
7FE8F
7FA12
7F98C
7EB18
008E6
7F55F
7F1CE
7FDBF
7E854
00F88
7FAC5
00E2D
00967
7F615
7F990
0008D
002FD
7FE26
7FBFA
7F78A
000C9
7FE51
7FFDA
7FD67
011E3
7F587
00067
005D6
006AF
00091
00200
0065E
006DE
00451
7F9C5
7F7DC
00143
008B6
7FF8E
7FD70
0015E
001CE
00F1F
7FAA1
7FA98
7F56A
7FD2D
00A7C
7FA40
7FC13
00381
7FB1F
000AC
0012C
7FA53
00951
003C4
001A1
7FB7D
7FCB1
00221
7F981
7FA00
7FFE3
7FB3B
00619
7F96F
7FED4
7F8E2
7F3E9
7F9B3
7E923
7FBE3
00454
7FBB3
7FDF4
7F74A
7FCCB
00000
00771
7F9C2
7FF0C
00158
0065A
009EF
7FCB8
00878
7F91E
00D4C
7FF27
0126F
7F5B5
00C70
7FC13
7FA00
0062C
7F63E
7EB20
7EF3D
7F7C7
00420
00165
7F766
7F9C2
00711
000C8
00154
7FBAE
7FB3E
00A26
00188
7FED5
00ACD
7FCC7
00E14
7F80A
7FCD9
00188
7F749
00B17
7FB50
7FA3E
7EF1A
7F0CB
006F5
00169
7FD2D
000C7
7FD00
00917
7FE43
7F38A
7F80D
7FEC5
7ED21
00129
0078D
7F561
0063B
7FDE7
000C1
00252
00EC6
00A89
7F5D7
00A3E
00211
0085B
7F882
7FB3B
7F2BD
7F946
004AF
7FB78
003B2
7F78B
0019C
00545
7F000
005AF
0062F
7FC2E
7FC0A
7FD94
7F080
00616
000ED
0075E
0043A
00762
7F4B2
7F635
00444
7F8B1
009FF
00521
0027F
7FF8D
7F9A8
00141
00EA9
7FC6E
7FFC0
003E3
00268
0082B
7FDA0
019DF
00156
00535
003FF
00117
7F878
005C0
002CA
7F9BE
7F67C
0092E
00F10
00426
00AF4
7F7CD
7EED6
7FAF6
0065A
00224
7FA00
7F74E
00388
01082
7FF84
00572
7FF0D
00115
0083D
008B1
009B7
001FA
7F6E0
7FBA1
7FF5D
7F7DC
00600
7FA5A
0013A
7FDEA
00321
005D3
7FD20
7FB79
00F0A
7FE76
7F9C5
002EC
004A2
7F114
0057E
000AC
7FAEA
7FB7D
00539
00195
7F93E
00064
7F9A1
008DC
000F1
0064D
004A4
00C9C
002F0
7F709
7F42D
001CD
7FBC3
00567
0118C
002C5
7F40B
7F010
0082F
7F625
0068B
7FAA5
0005D
7F993
7FB93
7FD5B
7F597
00020
7FCA0
7FB2D
0075F
7FD08
00CE7
00D4F
000D0
0072D
7FF8B
7FBA8
00475
7FBA0
7FAF0
7FD57
7F9B4
7FAD1
00000
7F973
00E3D
00610
003D0
0079A
009AC
00448
00827
7F136
00410
0011E
7F75C
7FAB1
00510
7F77D
7F8EF
7FD4D
7F75B
7FB2B
0016E
00055
00015
000FA
00A22
001BD
7F7C4
7FC93
7F1FE
7F82D
7F738
004CD
7F601
7FC7B
7FF58
7F94C
00070
7F73C
0000C
7FDD8
7FEC8
004D8
7EDA6
008C7
002F4
0033C
007B6
7FE06
7FE96
7F500
0084A
00764
00A28
7F8A0
00E45
0045F
7F737
7F8AD
7FC05
001D6
00072
010D9
7EABF
0047E
00800
006C7
0009A
7F5C7
00501
7FD5A
0099C
7F310
7FDE0
00360
0003D
0031A
7F7D7
7EE09
002FD
7F375
00C9D
7FF15
7FE86
7FC80
002DB
00D6E
7F4EF
7FFD4
7F997
7FAF9
0010D
0008A
7FD35
7FC47
7FB6E
7FF05
7FA59
7FAB0
00B1F
7F6E7
7F7A1
7FF4A
7F983
006DF
00A1B
7FEDD
7F119
7FB09
7FB54
00552
0016A
005D9
00764
7FEB2
00E41
006AF
7F626
012C8
7EE45
006F6
00F91
00DC8
0001B
006B7
7FEE5
7F4C0
00270
7F9EC
7F800
00970
00091
00083
7FA56
0093E
7FAF9
00226
004D4
7FD0D
7F9A4
0074E
7F85F
7FAED
7FA02
007CA
007FF
008D7
7FE22
7FB9F
7FB33
7FAC6
00CEE
7F5A2
7F32E
7FCDC
00025
00247
7FD29
7EE34
7F2F5
002A6
00000
009C0
00278
7FB46
7FC80
00985
00119
01635
7FF2C
7FB52
00272
7F968
7F327
7FE7B
00908
7F8B3
7FFFF
00197
7F92E
00435
7F5F9
7FCD9
7FCA6
00981
7F8D3
7F879
0096E
7F615
7FF53
002B0
0045C
7F0AD
7FA00
0003F
00A52
7FCCD
00241
0099C
006B0
003E4
7F226
7FDDC
0011F
7F604
001E5
004DF
7FC1D
7FA73
002ED
00543
009DC
0081E
7FE01
00026
00455
00970
7FBFF
7FA61
00745
00070
7FDC5
00D61
00986
7FD5B
009E5
00486
009A3
7F993
008DF
7F204
7F701
7FE5B
7FFA3
00385
7FB63
00937
00B96
7FA56
7FD5E
0079F
007B4
00DDA
005F1
003DF
7FC4C
0061E
7F2C9
7FEDE
7EF85
002E2
7FEC9
01125
0113F
7FA26
7F58E
00676
00400
7F522
7EF03
000E1
7F5D8
7F40C
7F96F
7F546
00052
012C3
0023C
7F6A4
00EDD
0001B
0069C
7F1A6
7F8EF
004C5
7F9F0
01047
7FC31
7FD1E
7FE6E
7F8AA
001A8
000BE
7F869
0044F
7F5E9
00084
0027F
7FC7E
7F602
0007E
0041A
00AB8
0016C
001DD
00213
7F8D1
7FB8A
00030
00AE2
7FF98
7F8C3
003F5
00B00
7FDFD
01535
002AD
7FF20
000CD
7FF91
00209
001C0
7F6D3
7F18B
7FE69
7FE12
7F38F
012C5
00792
00D42
7F1A9
00000
7FB75
0087E
7FB25
7ED8B
7FC0F
006A0
00682
7FFD9
7FD07
002D2
7F25A
7F833
00B5B
7F30B
7FB86
0024C
7F25D
000AD
7FFAA
007A3
7F39B
7F75C
7F508
7FB12
7FA82
7FD07
000F6
0193A
7FE0E
7FD8B
7F0A2
0016A
7FF9F
7FDDA
7F2E2
7F72D
00788
7F9DD
00919
7FCD2
7FC81
7FB64
00648
00466
7FD05
7FF1F
7FE1D
7FF0C
7FE18
7FB9F
01646
00BE8
00C31
7FDFA
00147
009A0
7FD05
7FB60
7F61F
0087A
005D0
7F993
7FFE5
00200
7F834
01233
7FEA9
7FDF6
7FD07
0033A
000AD
0087A
0031C
003ED
7FF78
7F98D
7FF90
00085
7FE21
00600
00445
7F180
7FE9B
7F7E0
002BF
7F170
0017E
7FA59
00E27
00DB0
00CC7
00854
00AE1
7FF20
7F4A7
7FE01
00331
7FEEA
00524
0055A
002B8
7F994
00416
7F785
0050F
0039B
7F1CA
00E73
0071E
7F8D1
00259
7FA01
00236
00210
0145F
7F4D0
7F6B7
7F677
007DC
005A8
7F7CB
00616
7FB2E
7FFAC
00534
002DD
00CBF
7F400
7F29D
00C0C
00397
0058B
7F8E1
001CC
7FD8C
004AB
00353
7FE24
7FF62
00B5D
7F86F
7FADB
7FE56
7F146
00775
000C5
7F53A
7F8C1
00B93
00774
0035E
00364
0068E
00889
7FF98
7EFFC
0059C
000DB
7FB1E
7F346
7F571
7F93C
7FD96
7FD95
00D96
00659
7F5E1
00224
003BF
7FC4C
00684
7F4F8
7F72D
7FDA9
00845
7FAE8
00968
00055
00536
7F26C
7FB2D
7F460
7FDB7
00740
00F11
000F2
003B9
7FFC2
7F678
0052B
7F7F3
7EE00
7FE72
7FDD3
7FED3
7F434
7F911
7FDA2
005E5
7FD12
00036
00BCD
003A0
7F71B
00B56
0008D
7FA7B
7FE96
7F525
7FCE2
01299
7F5F0
7FC83
002BC
00930
001D9
7FD81
01018
7FD23
0060E
00199
00A5A
7F685
00BFF
0034F
7FB88
7F690
000E8
7F876
7F896
7F5FC
00361
7F5F5
0099D
7F202
7F53B
009B8
004A7
00631
7F61B
7FCF6
7FEDC
002C9
0119C
7FF0B
001E3
7FF5E
000C4
7FCB3
00810
7F71A
7FFC4
7FDAC
7EDED
00005
00400
0041A
00443
7F7D9
7FAC0
7F130
0071B
00338
7FB7E
7F861
7F4D8
7FE5A
7EB98
0061A
001A1
0059D
7FE99
00198
7FC8E
7EF57
000A8
7FD96
7E915
7F856
00243
00AD4
7FC33
003E0
00073
01206
00356
00036
0043E
7FE74
00120
00334
7FA69
00729
00070
7EE4C
00623
7FC12
7FE29
7F8A6
7F7BD
7F49A
7FF6E
005B8
7FFB0
001D7
010A1
7FF94
7FEF5
7E9C4
7FB13
00F15
7FC48
00112
7FE8E
7F998
00EF9
7FE44
007E2
7F7BE
00E00
00146
7FDC1
005EB
7F919
00F97
000AB
00351
002EE
7FA43
7FCF5
0029C
7F9F9
00253
004D2
7F515
7FFFF
7EB2B
0025C
7F448
7F760
7FB27
0092C
7FDFB
7FE3E
00B48
009A2
01263
7FAD5
001D6
7F8A3
7F714
7FE00
00B3A
00611
0055B
002E7
7F5B6
003C0
00355
01112
7FF80
7F42B
0007F
00D58
006BD
7FBB1
7FFF6
7FC02
005E0
7FD21
0032D
0049F
00339
005B5
00B28
7F5C3
00D66
7F1F0
00E64
7F5DC
0016E
0038B
7FD78
7FE00
7EFC4
004B1
0019B
7FE0A
7F624
7FFFF
005FC
7FD96
7F0DB
7F934
7F9A8
7EFB0
00F8A
004BD
003C9
7FAE9
002F4
0036E
000B5
0033C
009C4
002BB
7FB9E
7FA1D
00572
00137
009CA
7FC57
00F84
001F4
7F7F6
00F8E
00464
00068
7FB5A
00643
0038F
7FBBA
7FCE4
7FCF3
7FF70
00579
7F4A4
7FC73
7F6A0
00AE0
00404
7F766
01057
7F555
0044C
00553
0034A
7F2C1
0021D
004FC
7FA3C
0021A
7FD26
00577
7FAD2
7FE1C
7F92C
00400
7F324
7FA6B
7FB21
002A5
007A9
7F86B
008D7
0095E
003F5
006EF
7F742
7FCEF
004F9
0031C
7F795
00E23
7FC99
7FF64
003CC
005D8
7FC2B
7FBE4
7FF89
006EE
7FDDE
7F7F4
0006B
7F87D
00678
7F74B
003B0
7FC00
005D6
7F2D3
00937
00011
7F00A
00046
002CB
006F0
7F2F2
004F7
7FC2F
00824
001AD
7F701
007D2
0087C
7FFBA
7F7D9
008AB
7FD65
7FAA1
006D7
7FF4E
0095D
004D4
00B98
7FADA
7F74C
006A4
7FFF3
7F132
00000
00D92
7F2E5
0046C
000B9
00B1C
7F609
7FF16
00740
7F9BB
7F9E6
00959
7FB84
7F40B
00BE5
7F91C
7FC9F
00A68
7F7BF
00313
7FC7C
00048
0025C
000B3
7FB39
006D9
7F7D6
7F1DE
7E9CE
0043E
00956
7F425
0043F
0066D
7FCD1
7F826
7F1B9
0024D
005DF
0086C
00364
7F8A7
00129
0091F
01486
7F514
7F384
7F88F
7F7D8
7FDFC
00417
00411
7FFF5
7F804
00677
7FC01
001DA
7FB96
7F5B2
0097F
010CA
000A8
0103E
7F8D0
7FA00
0061E
7FE56
7F2FE
7FF25
00307
00D09
00946
000D5
00715
00511
7FF66
7F9F9
00770
7F048
7F66C
7F601
0082C
7EBB1
00270
00929
7FDFA
7FADD
7FDB8
00058
7F4C0
7FAB4
005FE
0007F
7FD38
7F21A
00A30
7FE00
7F6CF
001A7
00164
0045E
004DF
00108
0021D
7FB2D
0007E
7F6F6
7EFEC
7FF33
7EED5
7FA8C
00969
7FA01
7FAE5
7FC56
7FDDD
00B51
7FA1D
005B1
00235
00BA8
003AD
7F147
7FF62
7FE56
00C82
00473
00148
00200
7F8CE
0081D
01196
7F7D1
009F0
7F81F
7FFD4
7F4E0
7F17D
00290
00557
00050
00481
7F5B5
0043A
00C2B
7FB30
00389
7F7CB
7E88A
7FDAA
002AE
7F90F
00111
00517
004F2
7FA7A
005DA
7FC6C
7FE6E
0064D
7FA59
7F9CF
7FE6B
7F6B8
7FFA1
7F667
7FB65
0054E
007F8
7FFEF
7F3E7
7F82D
7FA1C
016DC
0056C
00CBD
7F51C
005F6
7FF3D
7F88F
7FBBF
7F496
00175
00683
7FC44
7F7F2
7FAA4
7F7DF
7F854
0016E
7EE10
00708
00200
7FC76
7F810
7FF48
7FF61
7F5F5
7F2DF
7FF90
7F4EB
001CF
7EEA1
0089A
7F8A7
7FE6C
0102E
0000A
7F4B1
7F698
7FE13
00862
004F5
000A4
7FDB9
7FA0E
7FBAE
7FE20
7F174
7EC66
003B5
7FD22
0043E
7FEDA
00200
01065
7F959
01186
7FFE0
7F691
007A0
00DE5
00497
7FE30
00A82
00538
00337
7FD4F
003E8
7FEB3
0087B
7FFB9
7FB1A
7F74B
0076B
7FCBD
00A53
005FB
7F58E
7F6CB
002EF
7FD44
7F49C
7FB88
0017B
7FF1C
7FA00
7F89E
013F7
7FBEC
002EA
002E9
0044C
0023D
006C0
00169
7FFBB
7FC48
7FB63
7F6A3
000D6
7F789
7FC70
00B46
00592
00DFD
7F5EC
002AF
001C3
01053
002DF
7F3AB
7FF23
0083A
7FEDC
7FE30
004FA
00420
0016A
7F480
005ED
7F88C
007EC
005B3
7FCB1
7F828
7EF8C
7F6F7
004B2
7FF5B
00900
7FFD5
7F774
00508
7FD42
7F8E7
00B36
000BE
00CEC
000DD
7F198
7FE77
7FC18
7F37A
7F552
00246
00838
00BAC
7FD4A
7F739
00200
7FF6E
007E8
7FF99
003D9
00A4B
00055
003CA
00696
7FCFC
7FD69
014C9
00D0F
7FE41
0012B
7FC87
7FC01
009F2
7F9EB
006EF
004E8
7F51F
7F7BE
00B46
7F4EF
7F937
7F6C4
7ED71
7F4EC
00B26
012BF
003CE
7FA00
00BB7
003D7
0026B
7F6FA
7F9EB
005EF
7FCEF
0096A
7F111
00066
7FD01
00115
00414
00974
009A4
7F001
00DDC
7FFFF
000C7
7F045
00F77
00103
004B6
00312
7FA79
005C7
7FBBA
7FCF1
00507
00398
000A0
00400
00AB4
0053B
008B6
7FCC8
7FB8F
005B0
7F95D
00304
7FD19
00817
7FCA4
7F80D
00207
0057E
7FE79
0029E
00468
00304
00253
01266
7F173
7FD0B
7FCBF
0000F
001D1
7F5CF
001C6
7EF96
7F986
7F778
7F468
7FA5A
7FF50
000F1
7FD08
0001C
7FD33
7FABF
7FDCA
00034
7FE79
7FB70
00035
01048
01179
7FAA6
7F730
00114
00FB1
7FB1E
7EC54
005FA
002BB
7FB8A
00E1D
0015E
00602
7F61C
003A8
7FF2C
