00000
00000
00000
00000
00000
00000
00000
00000
00000
00000
00000
00000
00000
00000
00000
00000
00000
00000
00000
00000
00000
00000
00000
00000
00000
00000
00000
00000
00000
00000
00000
00000
00000
00000
00000
00000
00000
00000
00000
00000
00000
00000
00000
00000
00000
00000
00000
00000
00000
00000
00000
00000
00000
00000
00000
00000
00000
00000
00000
00000
00000
00000
00000
00000
00000
00000
00000
00000
00000
00000
00000
00000
00000
00000
00000
00000
00000
00000
00000
00000
00000
00000
00000
00000
00000
00000
00000
00000
00000
00000
00000
00000
00000
00000
00000
00000
00000
00000
00000
00000
00000
00000
00000
00000
00000
00000
00000
00000
00000
00000
00000
00000
00000
00000
00000
00000
00000
00000
00000
00000
00000
00000
00000
00000
00000
00000
00000
00000
00000
00000
00000
00000
00000
00000
00000
00000
00000
00000
00000
00000
00000
00000
00000
00000
00000
00000
00000
00000
00000
00000
00000
00000
00000
00000
00000
00000
00000
00000
00000
00000
00000
00000
00000
00000
00000
00000
00000
00000
00000
00000
00000
00000
00000
00000
00000
00000
00000
00000
00000
00000
00000
00000
00000
00000
00000
00000
00000
00000
00000
00000
00000
00000
00E00
7FC56
01104
000F8
00590
0061E
7FC58
0057E
007B4
004CE
00886
7F58E
7FC02
7F8FA
7FFA6
00B68
7FE06
002B4
00132
7F37C
00B0A
7FAC6
7FD64
0076A
003AA
7FD6C
7F93A
00CF2
00404
005AA
7FC0E
7F57A
7FE00
7FD80
001FE
7FB5A
00C06
7FFAC
7FF50
7FFB8
7FC54
00C8E
005F6
7FD16
00FE2
7F530
00AD2
0030C
005F0
001B8
00152
0075E
7FB60
7FCC6
7F158
00074
7F858
7FE2E
00266
7FDCE
007EE
00398
7EF66
7FA5A
00600
7F9E6
7FDAC
7F9D4
7FAC0
00342
00C2E
7FC14
7FD2C
7F83E
00232
000D2
00726
0027E
0033C
009A0
7FE00
7F80C
7FF9E
7FBDC
0022A
0078A
7FCD6
0118C
006D2
7F56E
00324
00816
7FD24
00222
000EA
7F364
7F600
7F8B6
0047E
001C8
00A6C
00160
00CC8
000DC
002D4
7F20A
00982
006EE
00952
7FCEA
7FF22
00BE4
7FE00
0096A
7E1EE
7FEB0
008A8
7F412
7FFD8
7FAC6
0012A
00594
00D6C
009FC
0025E
004D4
0070E
7FDCE
7F400
7F5B8
00550
006F8
00138
0064E
7FD7E
00A32
002DE
002D8
004D0
7FEEE
00770
0015C
7F77C
0012C
7FFFE
7FB20
00546
7F340
7FA80
004A2
7F8CE
7FC18
00748
008AC
7F992
7FD04
7F7A0
000AA
7F050
005D8
7F800
7FEAE
7FA80
00A06
7FFF2
006D4
7FB2A
7FB12
7FD32
001B6
7FC4C
7F938
7FD08
015EA
0096A
7EDCC
7FC02
7FE76
0063C
7FC68
00C48
0079C
7FE94
00B80
7F0B2
7FE32
7FA0A
7FA3E
7FBF0
7F542
7FED8
7EE5C
00400
00522
00FFE
7FFDC
7FED4
7F730
00D5C
7EC88
00606
0007E
7F760
7F9F6
7F108
7FF8A
00A0C
7F350
7F806
7FCE4
00268
000D6
7FD82
7FA64
00000
7FEC2
7F460
7FFDA
7FC40
7FF1C
7F0EE
00110
7F800
7F7F8
7FC00
00006
00C10
0031C
00400
00D40
0097C
7FCA6
005F2
0020A
7FF56
000C2
001E0
002F8
7FE1E
7FE50
00802
7F848
7F4C4
7F1E2
7FFA4
006D6
7FC62
0025C
7FFA8
7F7FC
009C4
7FBC2
7FC4C
00212
7FC86
000CE
7FE00
0042A
002E6
7F94A
016B6
0054C
0050E
005B2
00B60
7FF34
7FEFE
001CE
001B0
0015A
7F4D6
7F532
00200
7FA92
00798
000EC
7FEFC
0011A
7FE36
00956
7FF88
7F630
00474
7F910
7FA96
00A38
7FB40
008A8
7FA00
00290
00AB0
7FEA2
00A30
7FDAA
00AF2
0136A
7F4CA
7FB24
0035A
001CA
003C6
00D16
0011C
7F120
7F61C
7F7BE
00604
00520
7FFF6
7FCDC
7FCF4
7F6D6
01078
7FFEA
7FDD6
0052A
7FFCC
7FCDC
00358
7F81E
7F800
00CEC
7FFBE
0074E
001E6
7FE5A
001D2
002D4
7FB84
00B4E
00CC8
00264
00256
0089A
00896
7F210
00000
7F818
7FF68
7FCA2
00B04
0017C
00776
7FFE6
00DA6
00910
7FBE8
0070A
7FDFA
005F2
00CC8
7F95E
7FC00
7FB00
004D6
7F96A
7F99E
000D6
0027A
7FA50
00C7C
00390
7FE4C
7F5A6
0047E
001A6
7FDDE
7F3B8
003FE
0032E
7FC00
004A2
00176
7FD54
00436
7FFC4
00258
0002C
7F904
7FA3E
00332
7F676
7FCBC
008C0
00800
003DA
7F926
00236
00016
00224
7FF2C
7FA50
00294
7F902
7FC6C
00760
7FE18
00B30
00544
0090C
005F0
0095E
7FFC2
00810
000FA
7FFCE
002FE
002D2
01254
0066C
005CA
0040E
7F490
7F700
7FFE4
00138
7FC02
00C12
006EE
7FD76
01054
000E6
7F730
006A4
00568
7F934
7FEE4
7FB96
7FA6A
7EFF6
00D5A
009CE
7FDFE
0076E
00DCE
00350
7FE8C
0058C
7EDC0
7FCD2
7EDA4
00D2A
00134
7FDE8
7F308
7FEF0
7F678
7FB4E
00000
001E2
7FE8A
7F8A8
7FA86
7FB5E
7FD60
7F7E4
00384
7FB52
7FC60
003FC
7F9C2
7F666
005AC
7FECC
7EC10
7F164
006FA
00106
7F40A
005D6
0002A
7FA48
00998
7FD72
7F3A4
7FAC8
0033C
7FC2E
7FF5E
7FEDC
00C00
001F6
7FA46
7F1B8
7F864
7FF7E
0064A
0042A
0146A
0024A
0058E
00A02
0002A
7F3B6
7FBDE
002BC
7F7FA
7FC20
7F4E6
00AC4
7F934
7F420
7FC2C
004EC
7FE56
7FEE0
015C0
7F5E2
012D2
7F996
7FF0E
00FA0
00600
007AE
7F656
7F9A8
00A24
002C0
0041C
7F1D8
7FBBC
00328
00568
00A06
00460
003C2
00046
00A22
7FFFA
7F902
7FC62
00158
00406
7FB04
7F2DA
0018A
7FA9A
00298
7FBF0
7F498
7FFB4
7F530
7F080
7F3C2
00A02
005AC
7F302
7FF10
0037C
7F91A
005E6
7F0DC
0043E
7FCFC
0017E
004D0
7FBA4
7FF18
7F7A6
7FE2A
007E8
00AD8
014BE
7FA56
7FE32
7F60A
00416
7F466
7FD6A
7F74C
002F8
7F37C
00052
00FE2
7F6CC
7FFE6
00600
7F38C
0020A
00BF4
004BE
007B8
00908
7F86C
00512
7FEB2
7F902
7F33A
005E4
7FABC
7FAF0
7FAEA
7F002
7FD94
7FEBE
7FE74
00DD8
00534
00358
7F9BA
00B68
0007A
7FDF6
0016A
7FFCC
7FAD4
7FCBA
7F2F8
7FE00
7FA16
007AA
00222
7FF40
7F434
000AC
0054C
7F6EE
7FFBA
7FCAC
7FF74
00BC2
00936
7F66A
0029A
7FC00
7FFBE
00084
7FCD2
7F626
7FF98
7FBEA
00868
00896
7FAD2
7F364
7FDD6
0068C
7FBD0
7F8F2
7F45C
7F000
002D4
7FF1C
00778
7FA76
7F8DE
7FE3A
7F86A
7EF8E
00262
7FC90
7FC66
0072E
7F66E
7FE5A
00AC8
00BF4
7F792
7FDE0
00960
7FCA8
7EC14
0075A
7F760
005A8
7F9B0
7FF58
7FA3C
7F032
001F8
000B6
7F5F0
003FE
7FA6C
00182
7F810
002BA
7FDCC
00378
00404
00080
00296
7FA8A
008A6
7FEEC
00742
00BFE
7F64E
7FFFE
7FAC0
0017C
7FCC0
0062A
7F8EA
0123C
00688
7FA66
7FD24
00994
00662
7F9BA
7F974
7F998
00352
7FA00
00A80
0078A
7FF3E
7F89A
7E464
000E4
0148C
0032C
0018E
00534
7F91E
7F84E
00370
7F3D0
7FC1A
7F20A
000D4
7FD60
00B44
7FCF0
006E2
00124
00766
004CC
7FF7A
7F70A
001C4
00248
7F53A
7F6D4
7F662
00200
003BA
7FD5A
008AE
00EA8
7F70A
00628
00034
008CA
00510
002C4
005B8
00166
7F920
00172
7FDF6
001F6
7FB1C
7FB54
0063C
7F3D6
7F2DA
00C0C
7F3C6
7FF2C
0019C
7F362
0015C
7EC32
00714
7EFC4
00454
00600
7FAD6
00028
0003C
7F924
00ACA
7FE9C
7FA0E
7FD26
7FF5A
00024
7FCAE
7FAD0
7F83E
7FC10
00776
7FA00
7FE0E
7FB7C
0003E
7F0BA
00580
0064A
00048
003FA
001F2
7F764
003A8
00506
006CE
00122
0112E
00202
7FE86
7FC00
01080
0049C
0020C
00290
00D90
002D6
7FEA0
005FC
7F44E
01070
7F9DE
00AAC
0020A
005EE
7F1C8
7FAA8
00C5A
001AC
0066C
7FAF4
7FC94
00402
00066
0000E
00DF8
7EFD4
004CE
0059E
000D6
7F800
002A6
003FC
7F8BC
004B8
006C2
7F46E
7FFF6
7FE58
0084C
7FB9C
7FDE4
7FC2A
00976
7FF5E
00596
00000
00836
7FA36
00D84
00830
00B26
00406
00230
7FED4
7F8F6
7FC34
0080E
7F4C0
0029A
7F776
7F758
7FC00
7F644
0184A
00658
7FC72
002F2
00FEE
00F9A
009A8
000C0
7F90E
009A6
002A8
7FB00
7FA1C
00D5E
00C00
009EC
005C8
7EDE4
7FEA2
7FA82
7FD44
001F6
7F92C
002EC
7F2DE
005EA
0046A
7F988
00966
7F1FA
7F600
00054
005EA
0097A
00974
7FC66
7FE36
004E8
008BE
00084
7F7D4
7FE8C
7FFF4
00642
009B0
7FD96
00BF4
00026
006F4
00E9C
7F3FC
7F49E
7F90C
0142E
00962
0095E
003DA
00B8C
7F08A
7FD02
7FB68
7FADE
00600
00348
00180
00154
7F70E
7FB5A
7FE60
7FC28
7EF5A
00746
00070
7FE0A
7F54A
7F432
00830
007CE
7F018
00A1C
7FF38
00390
7FB9A
7FB54
00CB8
7F818
0069C
002D8
00636
0061A
00A50
7FEFC
0005E
006FC
7FA00
7FB34
00A90
01014
0066C
009D2
7F996
7FEB8
7F9C0
00016
7F678
7FD70
7F978
00080
7F8D8
7FCFC
7F406
7F544
0074E
7FED2
7F7E8
7FF6C
002F0
01196
00496
7FD46
7F6DC
7FC52
002BC
001F8
00430
7F386
00E00
7FE96
7F088
7FF26
7FFAA
7F6B6
7F9C6
7EFC8
0023E
7F518
00438
004B0
7F086
006EC
7FF30
0013E
7FC06
0082A
7FB34
7FEEE
7F210
7FE5C
7FC06
7FD2E
0076C
00AE4
000CC
7FFE2
0035A
0039C
00164
0058A
7FA00
00718
7F466
004CE
00DB6
00880
7F350
0040E
7FFA8
7F9FA
7F43E
000EC
7EF62
017C0
7F986
7FCD0
001FA
0070A
7FBD0
004AE
00418
7FA1C
00ACA
7F7AA
7FCD6
7F866
7FD7E
7FD9A
0025E
002CE
7FE00
00746
7F600
7FE0E
7F908
000BC
00106
7EE04
00D4A
7FBF4
7F476
7FDFA
7F9D6
002C0
001EE
00120
00572
7FDCE
005EE
0011C
7FEF2
005E2
0050A
004A8
007AE
7FE58
7F72C
7F6D4
7FC60
7F9A8
7F490
7FACC
7FFAC
7FCE8
00400
7FC96
00824
7FC9C
7FB1A
7FBB8
7F4BA
007CE
7FC00
00442
004B4
00110
00C0E
001BE
00746
001E6
00000
01034
01122
7F81A
7EF62
002B2
7F9F4
7FBA2
00258
0053C
7F1F6
00B74
7FF02
7FC86
009FE
00980
7FC00
00B40
7FBAE
00062
7FCE4
7FE5C
7F768
7F73C
7FC00
7FEDC
00BB4
00558
0019A
012FA
7FA26
7FDCC
7F800
00154
00400
0112C
0089E
7F810
000F2
0049A
00DA8
7F992
7F4A6
0032C
00354
7FE9A
7FD8A
7FC32
7F400
00AFE
7FA82
7F136
7FAEA
7F4BC
003E0
7FD80
7F946
002F2
00054
7FEAC
7F62C
7FC9C
00162
00070
7FE04
7FD0E
7FCBC
0026A
7F900
005C4
0054C
00642
00636
002E6
003D0
7FF58
7FDBE
00C60
00390
00152
7FC00
008FC
7FBB0
0092E
7FA48
7FE8E
00A84
00736
012AE
7F34E
0026C
7F9B6
7FF0E
0012A
7FA50
010B2
00202
000EA
00520
00FFA
001DC
7FED4
00440
7FE4C
7FDBE
0102C
7F168
0002E
7FD1A
002A4
018A8
7FF86
00800
7FAA8
7FB82
0043E
00160
7FA68
001F0
7F330
00112
7FFB0
00268
7FC70
00C08
00334
00866
00B10
7FE08
000AE
7FD1A
7F860
000F2
0060E
003B4
00756
002EA
7FECC
001EE
7F632
7FC06
00268
00116
00806
7F402
7EEFC
7FACC
0006A
7FAAC
00866
00658
7FC82
7F2FE
7FE46
7FF28
7F938
00328
7F85E
00606
7FC26
7FE04
003A4
7F934
005EC
7FB1A
7FF46
7FC0A
7F382
01118
7F9DC
7FFB2
7F604
7FCA6
7F54A
7F87A
00170
00200
00912
00414
7F614
7FA4C
7F22E
00668
7FBA2
007CC
00960
7F78A
7F5C2
000FA
00214
00418
7F20A
007F0
005E6
7F49C
7F6E8
00188
7ECF0
7F996
7F602
7F6A4
7F062
00710
7F98A
7FC6C
012CA
7FCC8
7FEF6
7FE02
7F938
00882
000D6
00DA2
7FC36
7FDAE
0095E
01028
01002
7EEFC
7FD2E
004AC
7F730
7F2F6
00176
00002
7F9FC
7FC5C
7FE44
0066A
00304
7FFEC
00368
7F96C
00A66
004C2
7F0E6
7FDF6
7FEAA
7FEA8
005CC
7E800
00624
7FC3E
7F87E
01372
0033A
00134
00230
010B8
0003E
7F8AC
7FED0
7FEBE
00264
7FCC4
00E2A
005FE
00346
7F4DE
004AA
00242
0121A
7FDBE
010A0
003C0
009E4
007AE
7FCFC
7FEF6
001EC
003D6
001B0
00000
00228
7F308
7FCA8
00632
7FE3E
00D92
00758
7F746
000F2
7FD96
00244
00890
7EB62
0095C
00A94
7FA00
0028A
0008A
002E0
00C12
00334
7F37A
7F926
00C3C
7F6CC
7FD5A
7FEA0
7F1B8
00984
7F60A
7F8E0
7FC00
7FCBA
7F132
7F896
7F576
7FF96
00DCC
7FAFE
00C1A
7FF72
7F902
7FF10
7FDBA
7F2B0
7FE9E
7F9A6
7F800
7FA9C
7FF10
7FACE
7F69C
7F92C
7FD54
00350
0027A
0098A
005A4
00216
7FD12
7FBA8
008DA
7F854
003FE
7F920
7FB6A
7F098
00D56
00970
009AC
7F742
7EFE6
7F638
7FB6C
7FB88
00516
7F964
00E72
00144
7F802
008D2
0011A
003EE
00692
7FA9A
00E76
00C62
7F18C
002C8
0093C
00024
0001E
0002C
7F6AA
0061A
00200
003D2
0016A
006B6
7FEA4
7EE88
00D44
7FDB2
7F566
00208
7F8B0
0072E
7FD66
006CA
7F54C
0005A
007F4
0055A
003AC
7FD40
00D1E
0048C
009A0
7FA70
7FE94
7FA6E
001EE
7FF72
7FE16
0015C
007FA
004E8
00E00
7FA48
7FA9C
7EA54
7FA0C
7F7AC
7FF76
7F0E6
7F29C
7FE24
00354
7F4AC
00426
00714
001AC
7FE28
00004
7FE86
7F850
00B0A
0021C
7FD1A
7FCF8
7FED8
0016C
7FEC0
7FA10
006D4
7F846
7ED96
7FDAE
7F966
00000
00352
7EB98
7F9D4
7FDBA
7FCF0
7FE48
7FC88
7FD28
00C78
00724
00750
00A92
7FC1A
7F1BC
00C3C
7FC0A
0006A
7F214
00430
00E38
7FE76
00574
7FBA0
7FA64
7EEBE
00BA0
0020E
7F248
7EBD4
005D4
7F12C
7FBFE
7FDF6
00584
003BA
7F9BA
004E6
00188
00784
002C2
7FC8C
0058A
7FA86
010F8
7F528
001CC
0049A
7F816
7FA00
0064C
7F8BE
7FA4C
7F8EE
00614
005D6
005A8
7F7A4
7FE1E
7F676
001EE
7FE84
7FB4E
00376
7FC00
7FC9C
006A8
00210
7FC60
00668
7F940
01090
7FC02
00744
005B8
7FCD6
000AE
00464
00790
7F7BC
007FE
009C4
01406
003A2
7F0DE
003EC
7F334
00366
001A8
00268
00184
0059C
003F2
006A8
00F0E
0023E
7FC00
0066C
7FE84
7FB24
7FD48
00C98
008BA
7FA66
7FC00
00970
00518
7FA04
008F8
00958
7FC96
00E0C
00000
7F624
7F128
7F676
7FD7C
001C6
7F9DC
7FEAE
7F658
7FE9C
0094E
000EE
7FA64
7FE30
7FDC2
7F63C
00800
7FD04
00CA2
00A80
00244
7F75E
7FE98
7F518
00A3C
7F63A
7F8B8
7FF7A
7FF90
7EFB2
0021E
7FF52
7FA04
7FAEC
006AA
00702
009D6
7F480
7F812
7FFEA
7F89A
00354
7FC9E
7F814
00BEC
00424
002EC
7FD90
00800
7F460
7F556
0030E
002E6
00A22
7FE6E
7F8EE
001BE
7FDA8
00328
00092
7F25A
000B4
0039C
7F8A2
005F6
7FB9E
002AC
7FEC2
000F2
00356
7E460
7F4CE
7FB64
0058C
7FC3E
00672
0022A
00D68
7FDF6
7F5F2
00400
006A8
7F182
7F17A
0066A
00D40
7FBA4
00994
00840
7FD22
7FE6A
7FC24
00CD0
7FCDA
7FCDE
7FF9A
7FA0A
0041C
00C00
00974
00250
7FE7A
0050A
7F8A0
0003A
017FA
7F438
00986
7F836
7FBC0
7FEC4
7F26C
7FC02
00684
7FE14
00084
7FD8A
008FE
0079A
7FED4
7FFD0
7FC52
7FC68
00C0C
00A60
7F9C6
7FCD4
7FC32
005F8
00458
00566
7F70C
001A4
00C36
008AA
00AA6
7F7C0
00F9A
7F002
7FBBA
00874
7F618
7F694
005F0
00400
003A0
7EBF4
7F47A
00ADA
7FCB4
7F776
007F0
7F51E
00950
7FCF6
003FE
7FDC6
00000
7F25C
0022A
007F4
7F702
7FF78
00B9C
002A4
7F808
7FDB0
00354
00E12
7F906
000EE
7FB20
7FB86
7FF0A
7F1F4
7FFBE
00BFE
002E8
00268
7F4A0
7F8FA
7F6B8
7F184
7F77E
7FAD2
000CA
00552
00DD4
7F662
0039A
00DE6
01124
007E8
7FBC0
7F94E
7FC5E
00154
7FAEA
7FBD6
002E8
7F1DC
7F384
005B4
7FB5E
7F888
0071E
7FB76
00D82
00800
003F4
002E6
00C5E
7FC22
7F788
00232
001F4
7FBC0
7FC24
7F920
7F4A2
7F782
7FE48
7F7D0
7F364
7FE00
7F83A
7ED56
7F88A
006C6
002E4
7FF3A
7FD30
00D6A
00812
7FEC2
00426
0067C
7FE4E
7FD62
7F2EA
00000
00550
7FDA6
7FCE2
7FBDC
7FA12
00714
7F6DC
0043C
7FEA6
002A4
7F87C
7FF86
01032
7FD06
7FCC8
00200
7F5C4
00470
003E8
7F13C
009C4
7F528
00C50
00A94
7FA88
00320
7F456
01278
00040
0001E
7EF4A
7F000
7FDB0
00946
7FDE2
7FC28
7FC46
7F8BA
00296
004D4
0063C
0000E
00036
7EE4E
7FF76
7FD56
00F76
7FC0A
00164
7F89A
005A2
7F920
7FAFA
004A6
7F8CE
7F98A
00080
006D2
7F558
003F0
00DBE
7FA02
003FE
7F802
7F170
00AF2
006A2
7FD0C
7F778
7FBEA
7FA2C
7FF2C
7FDC8
00180
00480
00540
7F7EE
7FF98
0091C
003FC
7F6EC
7FB1E
7FF94
005B2
7F642
7EEBE
7F940
00A74
0040A
7FF96
00C2C
00084
005E8
7F118
0048C
7FC00
007DA
7FDC8
7FE92
7F6C0
7FAB6
7FF4E
008EA
7F618
001CA
00C9E
7FA22
00918
00A14
7EF1A
00666
001FA
00AEC
004C4
7F412
0007E
7F7AA
009B6
0103C
00D64
7FF76
002F6
0063E
7F6B4
7FDC4
7FF4A
7FDFA
7F402
7F132
00276
7F7C2
7FFA6
7F4D6
7F122
005BE
009E6
7FC7A
00632
0068E
00E0E
7FAE4
7F57A
003EA
005F4
7FDE2
7FFBC
00236
0012E
000C0
0112C
7FE5E
00A9A
7FBA2
00572
7FA68
009FA
7F9FC
010BE
00C44
00600
7F5BA
7FEEE
7FB56
7F67A
7FAA0
7F876
00C80
000D4
00004
002B0
7F0C4
007CA
00A14
7FDEE
004F8
7FA10
00664
7F964
7F6CE
7F8AE
00402
01432
7FF6C
7F60C
7F460
7FF40
7FC58
00774
7F8A8
01022
7F61C
00200
002DA
7FE7C
007F6
7FEBE
7FBE4
0066C
00958
7FB4C
00C72
005A8
0017A
7FFA6
7FF6E
7FFB4
004C8
005F0
7FE04
00B70
7FBC6
00238
7FE1C
7FF48
007C6
7F600
0020E
0060E
004F2
010E2
0055A
00F92
7F9B4
7FC00
00F46
009AA
00A4E
7F7BC
000EA
0024E
00C4A
00112
01558
001C0
7FE3C
006AC
0009E
00522
00A66
7F600
7FB7C
7FFD8
7FBB4
7FFC8
7FC9C
00290
00434
00096
0075E
005D2
7F378
7FFF0
00872
00132
0068C
007FE
7F4A0
7F880
00728
001EC
7FCCE
00AEC
008AE
7F2EE
7FBB2
7F906
7F1CC
002FA
7FCA8
000B2
7FB32
7FE00
7FD0C
7FDFE
7F4F8
7EE90
011CA
00034
0085C
0036A
01678
7FF66
7F870
7FE68
002D0
008F6
7F43E
00600
7F682
0066C
7FA0C
7F438
002CC
7F6AE
003C2
7FCB4
0090E
0042A
7F8B6
7EBC6
7F6EA
7F778
000A4
7F612
7F6BE
002EA
7FD74
006DA
00602
0063E
7F48A
7F53A
0003E
7FD9C
7FB08
7F99C
00096
0044E
7F95A
009FE
7F404
00192
7FFE8
7F88A
00DA4
00500
7F6F2
0133E
7FA86
003D0
7FE06
00C46
00BBC
7FE10
7E9F8
7FA04
7F5FC
00516
7F89A
7FC74
0010C
7FE16
000DA
7FAD2
00E68
00A62
7FE4C
7FE6E
7FBC6
00618
00C00
7FC00
00804
7FD24
7FACC
7FFBC
7ED92
003CE
0089C
7F252
7F650
7FC46
00032
7FB1C
0089A
00928
00768
7FC00
0011E
7F040
003BE
7FA28
7F9FE
7FD96
7FEEC
7F538
7FB6A
00582
0066C
7F72A
005CE
00000
00F72
7F002
00056
0021C
7FB2A
00B04
01112
7F9EE
7EFE8
7FDA6
00256
005EE
7FAF2
7FA32
00774
7F796
7FEE0
7F814
7F97E
7FD2C
7F7E4
00AFA
7F832
00168
7F94C
7FAD4
7FD96
7FB7C
0016A
003B6
0048E
0127C
004B6
00600
00A30
7FFFE
7FFD8
00916
004E8
0021A
00296
00A0C
7F9C4
00218
7F230
7F754
7FF46
0034A
00EAE
00DE6
00B98
7F6D0
7F5D6
7FAF2
7FEB6
0095E
7FC7C
7FB36
00032
7F854
7FDF0
7FA92
7F8BC
00068
00CE6
00202
0046E
00962
0037C
00906
00734
00BFA
7F9CE
009F8
002B0
7FA62
00666
7F45A
7FB8A
7FCFC
00474
009E6
7FB46
7F218
00800
7FB06
008F4
00618
7E950
000D4
7FDD0
008F0
7F87E
001EE
0089E
01174
7EE5C
7F800
0035E
7FF94
0020C
7FB5A
0001E
0079C
7FD7E
0043E
7F882
00EC0
7FA9A
00B0C
7FF40
0079C
00572
00200
00D26
7F1A4
007B4
00EE8
7FC1A
00CB2
7FD20
7FC3E
001FA
7FC92
7FF22
0056A
7FB7E
7F8CE
0019E
007FE
00D8C
00476
00CEE
004A4
001E6
001BE
7FDB0
7FBC0
7FD0E
0117C
7FFB2
00840
003E2
00846
7F676
7FE00
7EC62
7FBB4
7FF12
7F118
00632
00D3A
7F80E
7F3C2
7FE00
001CA
0076E
7F746
7FD0A
003FA
7FB7C
00200
001D0
00578
7F8F0
7F322
7F2E6
7FC26
7FF54
0012A
7F8D4
7FED2
7FC36
7FE92
7F668
7F30E
00480
7FA0E
004AE
7F082
7FF02
005CC
7FB84
00A64
7F332
7F534
006D6
7F968
7FE46
7F572
00D18
7FC66
00940
00A00
00144
7FB18
00688
002C4
005FE
00154
0037A
006C8
003A0
0019E
00644
7FAA2
00560
7F2F0
7FB5C
00202
7FC8C
7F3BC
7FD34
00C44
00128
7FEBE
7FF9A
7FAD0
7F874
00178
00396
00962
0018A
7F714
0014A
7F600
008BC
7F562
7F9D8
7F1CE
7FBC6
0063E
7FDD2
7EB3E
7FE40
7FD36
0018E
009C6
005EA
00548
0040E
00000
7FD0A
01290
00C0C
7F62C
009A6
7FE62
7FF02
000EE
7FC30
7FE4C
001BA
00730
0014C
00506
0023E
7FE02
0021C
7FC9C
7FB96
00516
7F73A
002DA
7F586
004AA
00884
7F754
7FCC8
7F768
7F66C
7FB26
000D4
7FC0A
004FC
7F136
0074E
7FB1A
7FAB6
00974
00098
00F16
7FB24
7F788
0028A
7FF96
7FFCC
7E99E
7FA94
7FE00
0050E
0055E
7ED06
0090A
7F19E
7F31E
003D8
7F0DA
00A80
7F218
001E0
0011A
009E4
7F6EC
003F4
00BEE
7F53C
7EE30
0081E
7E8FC
00486
00260
00134
00042
7FA80
7FFAE
7F56C
7FA22
7FB6A
7FC0A
002AA
00600
005BE
7FA7C
000D4
00516
7FBC0
7F700
7FAD0
7FF1A
010B2
00BC8
7FD6C
001CA
7F666
7FF4C
00A52
007EA
7F964
7F118
7F76C
008C2
00172
7FDE8
00856
7F7C4
00732
0033A
00782
00306
7FA62
00362
7FD74
00A00
7F964
0053E
0016E
008BA
7FE7E
005C2
009A4
7F72C
00D12
7F22A
7F8C4
00370
7F6BA
00B54
7F93C
005FE
7FF04
00A18
7EE84
7F9BA
00E78
004E0
7F44C
000D2
004CC
7FEAE
00E6C
7FA18
00E4E
000D8
00078
7EA02
7FECA
005D4
00EC4
00692
00F24
00510
00022
7FCD4
7FC78
7F84E
003D8
7FE36
7FCA2
7F9D8
006F6
7F600
001C4
0071A
7F9E4
7FEF4
00CB2
005F0
7FEE0
7FB2C
0020C
7FA94
7FC58
7FC42
00C20
00452
00262
00800
7FF3C
00842
01316
0021E
7F322
00892
7F8F2
7FBC4
7F078
0085A
7EE66
7F6DE
00D08
7F7B4
00708
001FE
7F748
7FAB0
7F78A
7FD20
00316
7FC84
7F938
011D2
001F8
00A40
7FD6A
7FEDE
7F5E6
7FCAA
7F50C
00400
00396
7FAC8
7F17A
7F712
00AEE
00100
7FAF2
0043C
7FBF0
7F3BA
7F686
7FCB2
0042A
7FF9E
7FCA6
7F20E
0079C
7FCA8
7FCB8
001B4
00164
7FF94
7F5E2
7FE20
00498
7FF4A
01054
0059A
001A0
00660
7F90E
00200
00D22
00900
7FC0C
7FD16
004E2
7FD62
7F61E
0096C
7FAF2
00D4C
7F9B8
00044
005D8
00068
00938
007EE
7FA94
00298
004FC
015BC
00A26
7FCE2
011DA
00966
7FC54
7F96E
7FF66
7E8DC
7FC1E
0089A
7FBAC
009FE
00846
7FAC8
7FAC4
7FCDC
7F32C
014AA
7F7EE
00692
7F9A0
7F7BC
00716
7FDDE
00082
000CA
0047E
7FC06
00928
00CE2
0000C
0004E
7FC12
7F8F4
7F5A6
00698
7F5F4
7FE34
00434
7F920
7FF48
7FE1E
00106
00400
00888
005D4
003BE
7FD8C
00DD0
7F2CA
7F8CA
00736
0012C
00324
0070E
00062
004D6
00334
7FCA6
7F412
7FCE8
004F0
7FFB8
7FC14
7F99E
7F4D2
00A78
004CC
7F886
7F23A
005F8
007EE
7F342
002A0
7F2AE
7FBFE
004D4
00C26
00822
003AE
7FCE6
7F4F8
006E4
00CCC
7FCC6
7F756
7F5E0
00664
00194
7F26E
0154A
003F6
7FA7E
7FF98
002DE
00A9E
005B6
0135A
015A8
7FF26
7F97A
7FCB0
00304
7F93C
00780
7F7DC
00662
00000
7FB9E
7FAA8
7F1AC
00ADE
00622
00728
0130E
7EAB2
7FD0E
7F3D0
0030C
7FC50
7F110
7F8F6
011FE
00000
00A2E
7FE68
00186
7FC82
7FFF8
00046
00188
7F8D4
7F5CE
7F2EA
7FE24
7FE78
00A70
7FAD6
000A6
013FE
7FF8E
00184
003C0
0006E
7FB44
7FBAA
00886
00150
00388
00626
7F8F8
003B2
002C6
00432
7FAE0
7F402
00028
00664
002AA
7F82E
00258
0028E
7FD94
7F32C
7F418
7F226
00596
00186
7EE00
00256
7FE66
00800
00DC4
7F86C
00CA0
7FBAC
7F69C
7FF16
7FA56
7FA3E
00AB6
7FB08
00882
005F0
00CB6
7FAFA
00B04
7FE02
002B0
7FCD4
7FDEA
004C6
000D4
00874
002AC
7FE40
005BA
7FCAA
7FE3C
0027A
00398
7F656
00164
00800
00FBC
0043C
7F706
00182
7FF60
7FD60
7FDB8
7F1CC
7F4AA
7F816
00854
7FF38
7FE0A
7F990
7FD22
001FE
7FBB2
7FE8C
7F7A6
7FE0C
7F106
00E66
00716
7F5C2
00592
0084E
007AE
00850
00334
011CC
00484
7FE00
0035E
7FEF4
7FC8E
000A2
7FDC0
00888
7F44C
7FF84
0081A
7FEA4
00FF8
00590
7FE32
002F6
006F4
005F8
7F77C
7FC72
0000A
006B4
001D2
00192
7F190
0047C
00178
7FF1E
009A8
7F9D4
7F050
7F922
003E0
00600
7FAFE
001EC
00AA8
00A2A
00180
7FB1E
00D12
01066
7FE64
002B4
7F9CA
7FD52
7F864
00B8E
0011A
7FE04
00674
7FD06
7FA9E
7FE72
0031C
00518
00218
7F37E
7F714
00542
005DA
00358
7F9C2
00DE8
003DC
00200
002F8
7FA1E
7FF20
7FD32
008A6
7F658
7F3CC
7FB64
7F69C
00288
0020E
00204
00BD6
00028
00484
7F804
0052A
7FB10
7F89A
7FA62
7FEA8
01010
00E6A
00A36
009BC
7FD8C
7EF9C
00FA4
7FB3E
002E8
001FE
7F602
7F60A
7F2E8
0021E
00B50
7FD5E
7F3BE
7FBFE
7F8B8
0030E
7FA1E
7F346
007E6
00036
0030E
7F9B0
7FFFE
7F1D8
00800
7FACE
7FD32
7FC82
7FAA2
7F354
001C0
00198
7F5E6
7FAE2
01646
002A2
0050A
7F9F8
7FC00
7FE26
7FB16
004FA
7F7CC
7FA34
0006E
001E4
00B12
7F982
01006
005F4
7FF12
7FA68
0012A
7EFBC
7FE00
7FDBC
004A6
7FC06
7FDE6
7F112
7F844
00B8C
7FF12
7FE8C
00168
00240
7FEA0
7F56C
00D0C
002DC
00BFE
7F456
00340
0020A
7FE8C
0015E
7E8DC
00020
7FCEE
7FA54
7F99E
7FE7C
004EE
00074
00318
0045A
001FE
00570
7F9B0
7FC7E
003C2
7FDB4
7FFCE
7FB8E
7F0F0
00346
00840
00512
00560
7FA10
7FD54
7F4A2
00A00
7F9D6
00B2A
7F374
7FEFE
0099E
7FEA0
7FDF8
0127C
7EFE8
0062A
006D8
0103A
00498
7F8D4
00138
005F8
00382
7F678
7FD58
7FDEC
004B2
7F536
009C8
7F338
7F462
001C4
007C0
0053C
7F840
00102
7FC78
00200
7F772
0016E
00338
00E9A
00CB0
7F19E
7F438
00184
7FA30
7F8F2
002DC
7FB06
00454
7FF9A
7FB34
7FE06
7F866
7FCF4
7F4C6
00468
7FCAC
7FF50
7FF08
7F8DA
00276
7FF1A
0010C
7EF80
7F918
001DE
7F0DC
00600
00DAC
7F1A8
00BEE
7F6E0
7FF58
7F2A2
0087C
00316
7F7F6
7FA02
7F3D6
7F5D2
00E26
7F5F8
0009C
7F004
7FADE
00046
7FAAE
0059E
00758
00962
7F720
7FBC6
7F460
7FF80
00AFA
7FC42
7FEF8
7FA2E
7FD1C
7F602
7EB44
7F9FE
00782
7FCB0
7FF36
00706
006DC
7F4F6
7F0B6
7FDD4
7FDCC
7FDCC
002EE
00C66
7F662
00BF2
00E18
7F8D6
7FBCA
7FED4
7FA72
00832
7FE52
00440
7FEF2
00402
004C8
00830
01174
7F82C
7FBE2
00600
00D56
000EC
7FC70
7F7A0
00462
001B2
00620
01052
00172
7FDDC
7FC36
00162
7F716
7EC12
7FF1A
00004
7F822
0084C
7FBA4
009CA
7F97C
7FFF4
008FC
7FFC6
7FAA8
01166
00312
00704
7FEDA
00054
7FF1C
7F202
0042A
7FBC0
00156
7F51E
7F900
00444
7FC82
007AC
002E8
7F924
7FC8A
7FE8A
002AE
7FCAC
7F34A
7F816
7F838
00B00
7FD28
7F996
7F17C
7F584
7FC8E
0083E
7FA4C
0076A
7F250
7F8F8
0043C
7FB78
001C4
00800
00F0A
7F38A
7F662
0000E
00848
0146E
00A7E
00E3C
006E8
7EFDC
0012C
7F956
7F99A
00200
001EC
00200
00BE0
00402
7ED20
00BC8
7FFBE
7FA9E
7FD94
7F896
00AE2
7F1E8
7FCBA
7FC62
7FE3A
00AAE
0089C
00000
7FEC2
7F0EA
7FEBA
7FB76
00280
7F2C2
7F20E
005C0
7FC14
7F04C
7FD28
00324
7FCDC
7F4A4
7FC08
7FE00
7FA14
002D8
00154
000B2
00698
00982
7FD68
7FB68
7F9A8
002A0
0060E
7EF22
7FEE0
7F35A
7FD34
00600
002B6
0045A
00294
00D68
00844
7FD00
00B0C
7FBFE
00D38
00066
003EC
7FC56
00948
002E2
7F762
00200
7FDB8
00412
011BA
009E6
7F47A
00C6C
7FDA6
7FA5C
7F51A
7FEF6
7FD6A
00E18
7FE30
007BE
00BA8
7FE00
7F626
003BC
7FAD0
7FF0C
7F2F0
0034C
7F4C0
7FC08
00124
7FA46
7F842
0018C
0058E
7FF98
00418
001FA
7FDA8
00716
00B5E
7F1A8
00742
7FB3C
7F440
00596
7FCF8
0030C
7F72C
00BF4
0076C
7FDC8
7FBE6
7F800
7F5BA
0025A
00540
7F216
7F364
00000
7FF86
7F724
012D2
0057C
00B5E
0044E
7FD4A
7FC54
7F8F2
00006
00FE2
7FD8E
7F52E
00418
7FE16
00424
00B96
7FC5A
00198
00AC6
000D0
7FE70
7FD4A
7FD52
7F560
00400
00B54
00896
01DEE
7FEAA
7F9EC
0046A
006BC
7FCDA
00080
00350
006BA
7F7C0
0003C
00428
00884
7FC00
7F02C
7F42C
00712
0032E
004F0
00AD8
7FD3C
007AC
000C2
7FFB8
003E6
7FD92
7FE50
7FEE6
0035C
00200
7FD80
7F6DE
7FEFA
00C72
7FBD4
003EC
7F956
7FD66
7FE48
000AC
00636
7EB8E
7F900
006B0
7FB30
7F41A
00B3E
7F774
7FB78
7FFAA
00C52
007FA
00C4E
7FA9C
0030A
00D74
00C1C
00616
7FE68
00ACE
7FC82
00DFE
00444
0081A
00656
7F930
7FDAE
7ED0A
7F4CE
7FA94
01222
00D4A
00486
006D8
00466
7F6C6
004BA
7FC0A
000B0
00312
7FE18
7FAB8
7FC84
7FC1C
001B6
7FD68
7FA36
00AFC
00580
7F7A6
0068E
00302
00BE6
7FC00
00074
00460
7FA7A
01036
7FF4C
00920
00A60
009E4
7FB58
00582
002EE
005BA
00376
7F584
00532
7F600
7F636
0008A
001EE
7EBAC
00828
0008E
005B8
7F96A
0001C
7FA00
0013E
0070A
7EECC
0055A
7F9D8
00800
002EA
7FB6C
7F668
7FB94
00096
00E58
7F9E6
7F61A
7F5D4
7FB96
7F58A
00518
7FF34
7FF96
00160
7F600
7F66C
00AF8
001E0
7F88A
7E7F4
00348
00150
7F696
7FEBA
7F996
7FB00
7FE20
7FE8A
00A3C
00AE4
00800
7FB5A
00096
7F0FE
00312
00496
7FB56
0037A
00534
0094A
00F20
001F2
7F364
7FD66
0017C
7EF0A
00BFC
7FE8C
00080
00682
7FF62
7FF84
7E64A
0083C
7F390
7F73E
7F97A
00282
00410
7FFF2
7F51E
00B26
007FE
7F988
7FD40
0094C
000EA
7F494
007EC
7FD52
00ACC
7F362
7F61A
0077C
002FE
0002A
0077E
7F436
7FC08
7FC94
001AA
0045A
00498
7F768
7FB38
7FA76
00484
7FC12
0014C
00574
7FD98
7F28E
7FD42
7F79C
00C00
01460
7F81C
005FA
001BC
00140
00484
7FBE6
007AC
00598
7F6C4
7F43A
00244
007A8
0006E
7FA08
00FFA
004A4
001F4
7F9AC
00414
00044
0032E
00232
7FA00
001D6
7FF60
7FAA8
002EC
7FFAC
7F958
00122
7FC00
00310
7F304
00696
00912
0030A
7F330
7F574
7FC50
00478
00548
00B18
7FAEC
7FF82
0021C
006FA
7FFFE
7FF8C
0055A
0013E
0010E
7FE08
7F780
00F5C
7F9FE
7F86A
00240
7FEC0
7FFE2
01690
001CC
7FACE
7FE00
7F510
0126A
00660
0019C
7FE08
013D4
7F100
00644
00656
00BC6
7FF30
7F5DA
7F734
7F8D6
003E4
00004
7FFB6
7F860
0001A
7F852
00DEA
7FDA4
7F6B0
7FEF0
7F5D2
00A1E
003E2
7F888
7FDCE
00550
7FF8A
7FDFE
7F90A
006BA
00454
00D92
7F730
00A74
0047E
7FDC2
003CE
001A8
0007A
003DA
00718
00156
00A3A
003F6
7FF9E
00BF6
7FE54
0005C
00AEC
7FD0C
7FDAA
00D10
7FC2A
7FAAE
7F368
7F5D8
00C06
7F780
0088A
00000
7F61A
00AC0
7F90E
00C68
7FCB8
7F4FA
7FEB0
7FD2C
00AFA
7FB44
7FA3C
7F8A2
00340
7EDAA
7FE68
003FE
7F312
7FE78
7F480
00034
007C0
0014A
0028A
0052A
7F3C2
00D9E
00706
000EA
7F95C
0034E
00534
007FE
7FF74
002CC
7FC10
7FEE6
7F064
00086
7F1A0
002D4
00184
00072
7FC28
7F75E
7FB90
7FEA8
7FCD6
003FE
7FF42
7FBFA
00468
7F47C
00474
00134
0005A
00AD2
7FC8A
7FEAA
7F942
7EF14
009CE
0085E
007A6
00200
7FBEE
7F798
005AC
7F3D4
7FBCA
7FE32
00D30
007CC
7F840
001CE
7FF38
0075A
00C9C
7FC32
002E0
003FC
00520
002BA
00778
005DE
7FDD8
7FDF4
7FB0C
7FAF4
7FC90
7F902
7FF7A
00110
00BB6
00498
00B04
7FA02
000E0
7F6DE
7F4D0
00E7E
00B02
00706
7F730
7F422
7FAC0
7FE7C
0034C
000A0
009D6
001AC
7FE86
00000
00988
7FED0
00C18
007BE
0087C
7FCD6
7F9DC
0090E
7FE6C
7F6C0
7FFE8
006E6
7F734
7FD8C
00A4C
00400
00076
7EDD4
0110E
0019A
7FE20
7FF96
0079E
00402
7F200
7FEDA
009E4
7FD12
00E00
7FF62
7F070
003F6
7EF6E
7F7B6
0033A
00D0C
003D0
002FE
00540
00000
00AA2
7FE4A
00B18
7FEAA
7FEEE
7F89C
7FEF8
7FC00
7FC8A
7F43A
7F526
000B4
00532
7F46A
00314
003FE
7F8DA
005E2
002BE
7FAF4
7FBE2
001A4
00474
7F412
7F36C
7FD64
00136
0008A
004DA
7FB6E
7F9C2
00000
7F918
7F5EE
7F902
7F96A
7FCFA
0040C
0071E
7EE00
0062E
00972
7F410
7FB06
0036C
7F968
7F664
7EFAE
7FE20
00336
7FF34
7FC8E
00378
002F6
00DD6
007EA
7FD36
7FC06
003E2
005B6
005A4
7FD7E
7F8BE
7FFC2
000E2
7FCCE
006DE
7F936
7F56E
00624
005F6
7F5FE
00C70
00418
008C6
0061C
005CA
7FC3E
004CC
7F840
00DDA
0039C
00352
00242
004F4
002C8
00C04
003F4
008AC
0040A
7F85E
0012A
002F4
003B8
7FFD0
0083C
0059C
7FE74
7F238
7FFF4
00510
00CFE
7F7BC
00200
7FA84
00CBE
002B6
7F8B2
7FC6C
7FCF8
00156
7FF68
00C26
004EE
0097E
009CC
7F77C
7FC66
7FE5C
00800
7F3A4
7F6CA
00E12
00A82
001E0
7FD32
7F9CA
7F1C4
7EDA6
7F11E
00806
00DBC
7FA24
7F7BE
7EF40
7FA00
7FD2A
0043E
7FA08
7FDA6
7F264
00686
7FC64
7FC96
0044C
0065A
002B6
7FC8C
00540
7F8B8
7FD7A
00400
7FFE4
00384
00A78
7F724
7F554
00AA0
001F8
7FA40
00204
7F84A
7F868
003EC
7F7CC
007D0
7F980
7F400
0065A
005D4
00D2E
7FAA2
00968
00A26
002F2
00130
7F646
00BFA
7F9E4
7FC9E
7F844
7FE84
00D40
00006
7F4F2
7FB08
7FD30
7F572
00AB4
003DA
00ED8
7FC02
7F3EE
7F602
7FFFA
7F150
005F4
00172
7FCBA
00800
001D6
006DC
00014
7FE96
002DE
000C6
007F2
006CE
00198
00AA2
002EA
00D7E
00474
000B6
000A6
7F410
00F76
7EF4A
7FB7A
00960
0044C
00A22
0135A
7FC0A
7F100
00C4A
006A0
7FC9E
7F88E
7F660
7FED4
7F400
7F770
003BC
7FC9E
7F888
7FC44
7FF3A
7FFBC
7F816
7F362
00106
0096E
7FD4A
7FE7E
00890
7FE40
005FA
7F3CA
0067A
7F920
00660
00066
00088
00B78
7EEFA
00798
010FC
7FDEC
7FDA6
7E606
7FD00
00A70
7F802
00B42
00CF8
7FCE8
7FC3A
7FC86
7F1F6
7FB44
00BDA
001E2
7F8BC
00564
01396
7FE06
7FB42
7FAB8
7FE00
7FAEA
00C16
7FD46
004CC
7FB9E
7FB10
0038C
7FD14
7FD30
001E8
7F7F0
7F16A
7FD68
0027E
7FE02
00200
016BE
00662
7F1BA
7FEC0
7F3A0
00B9C
003BA
0012E
7FC78
00598
7F8A4
7FCCA
7F8F8
00160
7FB98
7FE0E
008B0
0015C
7F70E
001E0
005DA
7FD00
0007C
0099A
0035A
00348
7FFCA
7FAFC
7F646
00038
00420
005FE
0075E
7EDE4
00286
00926
00274
7F5BA
7EAC6
006C0
0076A
00156
7FB78
00E68
7F104
7F882
7FC0C
7FA0E
7F5E8
7F72C
7FC28
0060A
7FC3E
7F9C6
7EC4C
7FE58
00942
7F922
00508
7F9C8
7FA4C
7FDF8
0090A
7FA00
006C4
7FD90
7FC12
7FB20
7FA08
7FCA8
005BE
00458
7F9C4
00174
7FA96
7F234
0061E
7FCBC
7FDB6
7FE00
000AA
00A46
007BC
7FD82
7FA78
7FE28
7FCB0
0054E
0019C
00186
0021E
0066E
005C6
7F478
00446
00200
7FA82
7F76E
7FFA6
7F192
7F1A8
7F5C6
7FBE0
00FA8
7FDA6
7FE74
7FF62
7FA7C
7F700
00BEE
0007A
7FE00
7F8A4
00E62
00646
005CA
004CA
7F1C0
01268
7EEB0
007B0
000EC
7FEE0
7FCE2
7F6D6
7F088
00820
7FE00
7FFAA
00114
0016C
7FAE4
00204
7FA3E
00032
7FE3E
00AE0
7FA64
00EB4
0070A
011F4
00364
7FB3A
7F80E
7FC50
7FC6A
7F9C8
7FD4E
00BD4
00C2C
0067C
00492
00188
7F188
7FD58
7FE9E
7F4CA
00026
0012A
7EDFE
7FC10
7EBA0
7FF96
7FF78
0028A
014F8
7EB54
7F5CC
7F582
7FCB2
00E3E
7F8F4
7FD26
7F550
00578
7FC0A
7FDFC
7FEFE
7F7CA
00854
7FFAE
0031C
7F7CE
00760
7FCCA
7FF72
7FE6A
00166
7F75E
7F898
00900
7F800
7F748
7F5B8
7FFFC
7F75E
000D6
7F978
7FE36
7FF6A
001A6
00E2C
000A6
00558
0057E
7F890
01650
7FA02
0029C
00062
7FF04
7FCCC
00704
0082A
7F6B6
7FEE6
00294
009A0
0027A
0083E
7F000
7EF0E
7FB48
00400
7F228
7F6A4
0024E
00BEC
00518
7F8CA
7FE14
7FC92
7F61A
00C4A
7FAAC
7F74A
7FE86
7FFB4
00C6C
00204
7F2BE
7FF06
7F7D2
7F008
7F63A
00324
000C6
00D1A
7FBD8
0002E
7FDCA
00B04
7F442
00B08
7F97C
00400
7F5F4
00166
00672
00256
005E4
00012
7F494
00920
00728
00C28
7F6CC
00AD2
006CE
020EE
0122E
001F8
00A90
7F7B0
006A4
7FD8C
7FB92
7FBD2
001D6
7ED5A
7F0EA
009EA
002E8
00232
7FA12
0010A
7F726
00000
00334
00522
00112
001AA
7FE40
7F7C4
7FDBA
7FAFC
7F744
0070C
00176
00C44
003BA
7FB1E
00180
001FC
7EEF8
7FE66
00582
00654
7FE2C
7FDC2
7FF5A
006BA
002EA
7F626
00C4A
7FE84
7F906
001AE
00620
00000
7F646
7FE02
00E0A
01358
00628
00BAA
7F77E
005FE
005E0
00110
00F94
7FE96
7FC5C
7FACC
0055A
7FC00
0084A
7FEA0
7FFD4
0067C
010A0
7FA3E
00CC6
00BA6
7F7F6
7F4A0
7F57C
0016A
00434
0029A
00326
00000
7F1FE
7F778
00BDC
002C8
00206
7F66C
7F94A
005FE
00752
7FF4A
7EF84
7FE96
008AA
00364
7ECB6
7FC00
00062
7FE3C
00FBE
7F360
00800
7F604
00850
00058
00342
008AC
0088C
00168
7FC90
7FCDC
7FE4A
00400
00A32
00B62
011A8
0035E
00594
7FFEC
7FF9A
7F5FA
002B6
7FBB0
0155C
0026E
7FB56
00080
7FE04
00004
003C8
7FD28
7FFFC
004E4
7F3BC
00612
00860
7FB30
0072E
00296
7FB26
7FBB8
7FC30
00BB8
7FD2C
7F004
7F718
7F656
005A6
00892
00D46
7F8BA
0023A
7F606
00A70
006E4
7FF2A
0018C
7F290
7FC70
7FF40
00400
7FB1C
7F5D2
00F22
0070C
006A0
00148
0030C
000CC
011FC
0061A
7F07A
00848
0021C
7F744
7F1BC
00800
00AB2
7FCB2
00332
7F47E
7F7BE
00186
00054
0016A
008F4
00B2A
7F6F4
00156
00B9A
003CA
001E2
7F604
00786
7FA04
7FAE8
7F8A6
00548
00144
006DC
7F4F4
00CF8
7F576
7F9FE
7F862
7FD5E
0061A
7FD60
7FC00
7FBBC
7FB80
0005A
008A2
00326
00A2C
007FE
7FE92
0045A
00AFA
7F890
00728
004FA
7F8C0
00B20
00DF2
00A2A
00822
7FDAC
00A26
7FD20
7F8A2
7FF12
00314
0040A
7FA08
003CA
7FF26
7FE1C
7F7AA
7FDE6
00200
7EDFE
7FE3A
0059E
00812
00B7A
7F76C
006D6
00772
000DA
00868
7FE5E
00856
7FA78
7FBFE
7FCB2
007FA
0114A
00690
0066C
7F9AC
7F45E
008DA
7FEDC
7FC9A
00374
7F954
7F408
00A20
7FBF0
7FB70
000BC
00600
00738
7F3FC
004A2
7FAE8
7FC04
00272
00CB8
00498
7FDB6
7FF14
009AE
004B0
00752
001CC
7F4C0
007E8
00C4E
001AA
00630
00378
7F5F0
002C2
7F014
7FF68
001E6
004F2
00368
00896
7FA3C
00120
7F51A
00200
001B4
003AC
00444
7FD4C
7F5E2
00B72
0074C
00400
7F93E
7F314
004A6
00B70
0028A
0022C
00C60
009FE
7FFE6
00748
005FA
7F57A
7F8F0
005FA
0026E
00C7A
7F942
005A6
0032A
7FA10
00E04
7FB88
00856
7FE00
7F984
0064E
7F9DE
0005E
00BBA
7FA34
0038A
003FE
7FD5C
7FCD4
7F59C
7F238
00C42
7F82C
002E6
005FE
00CAE
7FA0A
7FC3C
7FCDE
0002E
7FFAC
00398
7FB84
7F1BA
7FF24
00B96
7F848
7FF14
7FED0
00E20
00200
00146
0141A
7F97A
7FD64
7FF0E
7F9FE
7FE00
00402
7F97E
7FA46
00A4E
7FDD8
006B4
00A8E
00368
005FC
7F5C4
003EA
00124
001BA
7FB8E
7FECC
00154
002D4
7FD62
7FD70
7FAF4
7FAC6
00E46
00A56
005FC
00600
00022
00716
7FE08
7F1B6
7F5E2
7FA28
005EC
003FA
00CFA
7FB24
00922
0022A
7F92C
7FEDC
00568
009F2
00370
7F9C8
7F384
00F2E
7FA8E
00418
7FF40
7FD2A
7FCD4
00430
00A12
00536
7EBA2
00530
007EE
7FE00
002BC
7F902
7FFFC
7F7F0
00F96
7F082
7F578
7FF68
7F6D0
00CDE
002D2
00E02
7FF8A
7F664
00678
7FC06
7FDE2
00854
7FA70
7F894
7FDE6
7FBC0
7F798
7F5CE
7FDF4
00A2A
7F510
7FF32
00B2E
00424
0039E
00600
7F1AC
00568
00A6C
7FDC0
7F7E6
7F852
7F792
7FC94
00260
00374
00616
7E9F6
7FE54
7FF02
00C66
00002
7FD86
0093A
0028E
7F1E2
7FC0E
00022
7FC88
7FE3C
00D98
7F588
005D8
7F8D6
000F0
001D2
7FD0E
00400
7F774
7FAF0
0054E
7FB18
7FFCC
0070A
7FE30
00202
0090C
7FCB6
7FA1C
7F1E0
0010E
00932
7FBB0
00BF0
0056A
7F408
00A62
7FAD0
007DA
7FBFC
003CA
00A72
001EC
005EC
7F9D8
7FBD2
7FB94
01092
7FFC0
00002
01856
7F8AA
00670
00280
7FF4A
7FA32
00034
001F2
00376
007E0
00760
00088
0027A
7FDA8
7F9A6
007E8
007F2
7FF86
7FB38
7F7C4
00076
0053E
005B0
7F984
7FFA8
7FE80
7FE60
001DE
00E46
7F650
7F7FA
00200
7FE58
7ED76
7FBCA
00714
002FE
0002A
7FE88
00000
7F9D4
0127E
7F31E
7FFC4
00484
00254
000C2
7F600
7F9BA
007D2
7FB00
7F766
00340
005F2
00118
7FED4
7F028
00116
7F688
0048E
7EF60
00F94
007BA
005FE
7F956
0087E
00726
7F0EA
0037E
7F91C
7F7EA
00000
7F3C0
00646
007AC
005E2
7F924
7F290
7FFF2
7FA00
00674
0013E
7FF74
00098
7F7A2
00670
006BA
7F92E
7FF1C
0071A
005F6
7F5C8
7FCE8
7F5E0
0049A
7F600
00304
7FE64
7F5F8
7F294
0029C
7FB5E
00796
7F85E
7F7D0
7F130
005B6
0007A
0106C
004B8
7FB52
7FE02
00774
7FE70
7FDEC
7F7A2
7FC1A
7FB86
7F9E2
001FA
00E98
7FAA2
7F800
002DC
0039A
00178
7FD58
7FE00
00BE6
7F9D6
7FB34
01706
7FE96
7F65C
010BC
003A4
004A6
7F4D8
7FD26
7F83C
7FA20
000FC
7F594
7FDF8
7FE98
00A5C
7FA10
006B6
001FE
7F1DE
0018E
001FA
7FB20
7FE7C
000B6
00C64
7F746
7F9CA
7F952
7FA00
002C2
0065E
7FC98
011D6
00314
7FF94
008A6
7FAD2
7FD50
0013C
7F3B8
7FAD8
7FC72
00440
0070C
7FA04
007BA
0037C
00270
7FE22
006DC
7EFEA
7FD1C
002D6
00A0A
7FA54
00BAA
7F8E6
7F9E8
007A8
00518
00A00
7EF8A
00D10
00940
011CA
0030C
7F2B6
00A6A
7F53E
7FC4C
00A60
7FC60
7F4BE
00026
7FF5A
7FCAC
001FE
00DEA
7FC5A
0031A
7FE1C
7FB0A
7FF52
0092E
7FD28
00460
7F6CA
7F226
0079A
01178
00358
0044E
00200
002D2
7FD14
7FCCA
00064
7F7C4
00582
00950
7F7F4
0019E
7F00C
7F5DA
00D88
00B4E
009D8
7FEA2
005F4
00A8E
7FB66
00116
00D6E
7FA82
7F912
00C02
7F8BC
00CAC
7F9E0
7F6AE
7FBDC
00662
0046A
00A44
00200
0045A
00396
0110A
7F3CC
7F2C0
7FB6A
7F084
7F824
003FC
7FE6A
00672
0085C
0053E
7FA92
00414
7FE04
002E6
7F998
00AE4
00E24
005CE
00066
000E0
00F4A
7FFE6
00210
0031E
7FE0A
7F7B0
7FCC6
7FC5E
00400
0020A
003B6
003C0
7F8E4
00B90
7FDEC
7FD12
000D2
00798
7EF3A
004B8
7F74A
7F51A
7F61E
006BA
003FE
006B0
7F598
0004A
000F2
00566
0075C
0053E
7F584
7FCAC
00D82
00772
7FA8C
0015C
000F0
00AE2
00400
7FE0C
00514
7F510
00046
00124
7FD70
7FB46
7FB2C
7F554
7EE86
7F808
7F43A
005CC
7FCF8
7FDD8
7FC00
00422
004F0
7F198
7FDE2
006A8
7F546
008EC
0067C
7F02E
0016C
7EF28
001F0
7F64A
003FA
00BF4
00600
7FBB2
00766
7F30A
7FAF2
7F7DE
00712
7F548
7FA0C
7F870
7FCEE
00144
7F59A
7FDBA
7F8D6
7F1FE
7FA10
7FF9C
00BB4
7FD16
00908
7F6B4
7F8DE
001B0
004D0
00780
006AA
7FBFE
7F1E2
7FB22
002A2
0065A
7FA00
7FD32
7F198
00E0A
7FAF0
7F998
7FE76
00294
7FA08
7F674
00B9E
0039E
00148
001A4
00774
00188
7FE06
7F51A
00358
7F57A
0090A
00B8C
0099E
7F414
7FF30
00C1E
7F8BA
7FB78
7FF58
001DE
00508
00884
00400
0077A
7FD78
00784
7F8E0
00B94
00814
00216
0076A
00892
7FE82
7FB70
7F3A2
7F698
006B8
7FF40
005FA
7F0F8
7FF00
01382
7F8E0
7FEDE
00424
0027E
0036C
7F7E4
0059A
7F802
007EE
7FF0C
7FDCE
7FEE4
7F402
0006A
00B2A
0037C
7FBAE
0016C
000C4
7FE64
0049A
00350
7F7CE
7F956
7FA52
00214
005A8
01430
001F8
7FA10
7FDFA
7FDAA
7EAD4
7FCDE
7FD60
0115A
00096
7FDE6
7FE4E
00BDA
00224
00AEA
00B7A
00498
7FC00
7E5FC
001B0
00518
00C40
7FAE6
7FD5E
00698
00242
00118
00BD2
00766
01076
007B6
7FB3C
7F204
7FA04
7F664
7FBAA
7FF1C
00386
007CA
7F8A2
7FB74
005BE
000DE
00ACC
00E9E
7F8C6
7FEE2
00740
006D0
00000
7FB60
004A8
7FF70
7F3CC
0056C
00404
004E8
7F9CC
7FC60
005C6
7F4DE
00046
008B4
00700
0030C
7FA12
0029C
00AA2
001E8
7FC72
00018
00290
7F38C
00E40
005AC
006C6
7FAD0
7F65E
00A60
0097E
7FEA6
00000
000D4
00522
7FE8E
007BC
7F424
00026
7F552
7F6EE
7FA2E
7FF68
7F8CA
00130
0048A
7FDFA
7F1F4
7FE00
00F40
002EE
7FBBA
003CC
7F984
7FED0
7F4B2
00EBA
7FCC8
010E8
0032E
7FAAA
7FEDE
7FD56
7FC5E
00400
00720
7F226
7FBF8
7FDEC
7FF9E
00582
00776
00512
0007C
7FEDC
002D8
00A1C
000A2
7FC5C
7EF7A
7FE00
00734
7FA7A
00964
7F68E
7F6D8
006D6
7FDAA
7F546
000C0
7FC22
7F82A
7FA08
00138
7FD04
7FC74
7EC00
7FC7A
7FAA6
00D06
7FDD8
7F9DA
00B20
7F73A
00A76
7F7F8
00A98
7FD3C
002B2
7F1E6
7F4E6
0061C
00400
7F22C
009CE
7FDA6
00536
005FE
00470
7F80C
7F066
7F30C
00024
7FF90
0031C
7EFA2
7E344
7F4E0
7EFFE
0047A
7F8F6
002B0
00226
002A4
00788
008D6
7F98A
00DA8
00922
7FCAA
7FFA4
7F690
002D6
002DE
00000
00460
0074A
002B4
7FACC
00114
7FF78
7FDF0
7FBA6
7FB38
00766
001C8
00A7E
7F920
00E70
000D6
7F800
00B26
7F196
7FD54
00F2A
00726
000CC
7FF5C
7FC98
7FF3E
7FB88
0048A
7F6AC
7FB9A
7EBDC
7FC8C
7F9FE
7F506
004AE
00F58
7F7C2
7F678
0014E
00598
00236
7FDC4
00614
00750
7FB6C
7FF8E
01046
00302
00800
7F83A
7FE46
7FCFC
7FEE6
7F99E
00640
0096C
7FF64
00D26
00A80
7F392
7EEAC
7FA60
7FFD2
7FEA2
7FDFE
0035E
7F288
00A18
7FA2E
7F8A8
0053C
00718
7F9C0
00088
7FCDA
7FCD8
7EF7E
7F434
00666
7FC58
00000
00CF0
0039E
002FC
00868
7F578
7FCA8
7F77C
0045C
7F91E
7F7FE
7FA64
006CE
7FC96
003C4
007BA
003EC
7F988
7F002
7F6F8
7FC3E
0032A
00512
7F482
7FB30
7F408
7F8DE
7F8E0
0012A
7F520
00C72
7F74E
003FE
01144
7FBDE
0034C
7FAFA
7F050
7FF06
0061E
00F8A
7FB92
7FCE0
005E4
006CA
00CE6
7F1E8
7FE0E
007EA
00498
000A2
00526
7F0BC
001DE
7FF42
00190
000D8
00140
00238
7F438
00128
7F014
7FDEA
7FF2C
00800
00718
7F9DE
00154
7FD18
7E914
00710
7F5B4
7FED4
003FE
7F5F0
7F956
00EA4
0025C
7FFFA
00128
00400
7FBEE
0027E
7F340
7F696
7F932
00730
0040A
7F6D4
7F4F4
0006C
7FF0A
000BE
7FB16
0079C
7F98C
01000
00C58
0075A
7F9DC
00BDE
0005E
7FAC6
008BE
7F92C
7FEAA
0083A
0039E
00A50
7F88A
7FEC8
7F9CE
003FE
7FDEC
7F446
7F974
7F076
7F9EC
7FEFA
7FF7E
7F12C
00D08
7F968
000CC
7F64A
7FB7E
0019C
004D0
00200
00096
001F4
003CC
7FC4A
00F74
7FD90
7EF80
0025A
7FF06
001EE
7FD6A
00AA8
7FDBA
7EED8
7FECC
009F4
7F3FA
0091E
002F8
005D6
7FAFA
7FCF8
7FB86
7FA5A
7FF28
7F550
7FEA2
01582
007C8
7FBBA
00084
7F9FE
00C6C
7F5C8
7FBBA
008DC
7F978
003CA
7FF62
00D9A
001F4
00878
00528
7FCD8
7FE26
00508
00598
7FA02
7F95E
00F2A
00940
004F2
001CA
7FD04
00138
005B6
7FA3E
0104C
7FE52
002DE
001F8
7F522
0043A
00A00
015A4
7F8D6
008B2
7FC68
00F28
7FC06
00394
7FA92
7FACE
7FEDC
00472
7FCE6
002E0
7F00C
7F222
7F008
7F476
0096A
7F5E2
000F8
00386
7FBB2
7FD1C
7F228
000CE
00732
7F552
7FE5E
7F938
00184
0016C
7FE02
7FFD4
005F8
7FEE2
7FDF0
7F94C
7F5DA
004BE
7FD64
003C4
00300
7F5CA
7FD76
7FC2C
7FEB8
003FE
7F804
009AC
7FFD0
003A8
004A8
0052C
7FA74
7FE52
005E6
0082E
7FEF6
7F418
0073E
7FB58
7F7BE
00006
00600
7F80C
7F1FA
7F5C0
00372
006E6
006CC
7F6C4
00040
7F734
7FDA6
00686
00918
7F7EE
7FF18
01068
00000
00596
006F0
7FE2E
00C5E
7F4DC
7F3A0
0027E
7F628
7F822
00D5C
00296
003D6
000FE
7FD08
006C8
7FA02
7FDC2
7FC0E
7F7CC
7FEDA
7F4B2
0027C
01192
7F7DC
7FDDA
002FE
0017A
7F6BA
00380
7F5CE
7F84C
7F814
0005C
00212
7F2B8
00134
7F222
000A8
7F770
009E6
7F73E
00AB8
00054
7FC38
0013C
0007A
004CE
7FE00
0089A
7FA48
7FF78
7F95C
00308
006B2
00B9A
7F858
7FFCC
002D6
00E54
005C6
7FA8E
00186
7F658
7FDFE
7F9B8
7FB36
00530
7FF40
01210
0067C
7F77E
004D4
00426
00DB2
7F802
7F810
7FCC2
7FB82
7F8FC
001FE
01DE0
7F4E0
00606
003CE
00C7E
0093E
00C22
003A6
7F660
000C6
001E0
002B4
00B5E
00014
0026C
001FE
7FF08
7F702
7F84C
00394
7FCB4
00830
00B52
7FF2A
7FB1C
7FD4E
7E978
7FF74
00A4E
7F442
7FEFE
7FE00
0085E
7F924
7EEB0
00CEA
002B6
00AF6
00856
00E38
004EE
7FB86
7FA6A
7F906
7FE78
7FF9E
7FCFE
007F8
7F9BC
00608
7FA8C
00244
0029A
7FCA8
7FF5A
012A6
001D2
012AA
0071A
00410
000D0
00986
00518
7FA02
012A0
7FE88
7F650
001DC
7F36C
01950
00112
005BE
7FFF4
7FFA0
7F82A
7FA8E
7FA1A
009CC
00576
7F008
005D8
7F4AC
7FB6A
006DA
000EA
7FCA6
7FBCA
7F94C
0052C
7EFC8
004DA
00066
00666
7FF58
7FA84
00000
7FEB8
7F9B6
7F58A
7FD56
7FFC8
7F7A2
003B2
00110
00012
00646
7F882
7FB1A
7F872
002C8
00444
7F608
7FB9C
7FB38
00550
00142
0047C
7FF1E
009B8
00114
7F9F8
7FF72
00584
7F422
7FE78
7FBE8
00064
00800
00A36
00706
007A0
7FBD8
7FA74
002CE
7F614
7F2EE
7FFDC
013A2
003E8
7FBC8
006A8
7FCE6
7F600
7FA00
0056A
000B2
0076E
7FD8E
7F140
7FE58
00122
7F2EA
0076A
7F9E8
7FF96
7FD0C
0074E
7FC6C
7F548
00A00
7F244
7FB5E
7F69E
7FD92
7F112
7F990
7F45E
01312
7FFAC
7FC52
00216
00792
00272
7F8BA
7F052
009EC
7F14E
00942
005FC
005CE
0025C
003CE
006E2
7FA08
7FC54
7FFA8
7FAFC
7FC54
7FD10
7FDAA
00F78
00A00
7FBC2
7EB16
7F9A4
7F320
0065E
7FC4A
00194
7F12E
7F1A2
00D34
7FD60
0079A
00424
7FA18
7FB44
009E4
00312
00514
7F770
00178
00510
7F680
7FF6C
7FA02
0098E
0020E
007FE
7FC5E
003EA
7FF9A
7F8EC
7F200
7FBF2
7FD70
0063A
00616
7FF80
7FC64
00458
00E7A
005C0
7F63A
7FA22
006C2
7FAA6
7F914
0087A
00200
001F8
00FA0
001A6
00374
0097E
7FAEA
00946
7FF2C
7F8A4
00C78
7EE68
7FA24
7F8B8
007C6
000A4
00200
00FA6
7FC08
7F9B0
7F440
00378
7FF46
007BA
7FD84
00C36
7FD32
002D6
7F940
00178
7FC7A
00F48
7FA00
00168
00D86
00590
00230
7FAAA
00968
7F9A2
004D2
00D0A
7E97C
006DE
005DC
7FD64
002AE
7FF3A
00200
7FB42
009DE
7FAB0
7FB96
003C6
00EB6
00238
00096
0011E
7FCC6
7F5B0
007AE
7F8A0
00586
004C6
00400
00194
7FDAC
7F0D8
7FB5C
01106
7F234
7F32A
00AAE
7FECC
00AD8
0013A
7FD0E
7FB20
0058C
7FC20
00602
7F41C
0012C
7F80A
7FF40
00E22
7FD3A
7FC1C
00364
7FA42
7FEA2
005D2
0031A
00252
7F27C
00B94
7F410
7FF82
7F746
7EE14
7F9DA
7F2C8
001DA
7F95A
7F154
7FEE0
7F9BC
7FB18
0081A
00AC8
00270
7FF64
7F200
00308
7F78A
7EC62
011B4
7F608
7FAC6
7FEEA
002D6
00418
7FF36
7FE52
005FA
00BDC
00912
7F8A8
7F60A
7FE28
7F7FA
00E38
7FF80
005AE
003B0
0038C
7FD2A
7EAC4
003BA
7EDBA
7FF8A
00080
003C2
7FC1C
00202
7FE16
7FE16
00092
7FABA
003D2
7FF28
7F908
7FD38
7FE82
00D74
000FA
000CC
7FDD0
7F4B6
7F8F2
005F8
7FA7C
7F630
00E40
7FC12
7FB04
00806
0045E
002D4
7FD92
00BEA
00506
001AA
7F676
7F8CC
7F73A
7F600
7FB38
0010C
007D6
005DA
0042A
7FC8E
00938
01498
00A44
006A6
7F9DA
00184
7FE02
7FBC8
7FA18
00DEA
7FB74
00048
7F588
000EA
00170
7F8AC
7F7CA
006CC
00970
7FCC0
00884
7FAD2
00282
00A14
7FDF8
7F5FE
00278
0005E
7F45C
008E6
7F1F4
7FAC8
00B9E
00392
00220
005AC
7F098
7EFBE
00690
00046
0049C
005F0
0015E
0088C
7F80A
0082E
004C0
00A2E
7FE0E
00130
7FFB6
00C84
7FCFE
7FC12
00C80
7FF80
7FF5E
00000
00300
7F334
003FA
00A52
7FC4C
7FEA6
00108
7FD2C
001A2
00540
00400
7FFD6
7FB8C
7F49E
7F79C
7FC00
7F6EC
7FBD4
7FA7E
7FB8C
0008E
7FEE0
7FDD4
7FD2C
0060A
7F4AA
001E0
7FCC4
7FAF6
7F72C
7F69C
007FE
7FCBC
00212
7FD4C
001AC
7F472
7FE02
7F736
002D2
7F644
7FC36
002A0
0042A
00A3C
7FF56
00616
7FBFE
7F89E
00C8C
7FA80
01072
004F6
0021E
7F93A
002D2
7F776
7FC3A
7FC8A
0073A
0044C
0073C
00114
7F800
7F912
00280
00246
005FC
7F41C
7FC60
0074C
002D0
7FD64
012D0
7F7E0
00630
00CCA
7F9EA
7FFC8
7F804
7FCAC
00208
7F59E
0032E
7FC2E
7FF28
00066
7FD2A
0064C
7FF28
00752
0043C
7F5D4
7F546
00630
00800
005F0
7FE56
007B8
016DC
7FDD0
7F40C
003CE
7FD2E
00768
00270
00520
00B66
7FF68
7FF94
00898
017E6
006E0
00776
00224
7F7E2
004DE
00620
7FD36
002CA
7FD94
00136
7EEA8
00216
7FFB8
7FBA4
7F40A
00800
7FB18
7FB54
7F748
7FB8E
7F7E8
00C94
00CB4
00844
7F664
00D72
0055A
7FA78
00612
008DA
005C6
7FE02
7F5EC
00164
00D00
7FFB4
7F8D6
00EFC
00C6C
00298
7F710
7FD00
00750
7FDB2
001A8
007A2
7FD36
7F800
01A8C
7FF24
7F7F2
0046E
7F972
7FD40
7FA14
7FFC6
7F936
7FEC0
00158
0057E
0114E
7FDEE
003B6
7F200
7F3D0
00C28
7FBC0
0004E
7F41E
7FF26
7FEAA
0056C
7FECA
7FEBC
7FEB6
00246
003F0
0098C
002A8
7F800
00300
00010
7F2E4
0087A
7F55A
004C2
003D4
7FC92
0002C
7F316
7FCA4
00024
7FC80
00580
007A8
7FA08
7F87E
01422
7FED0
7FD7A
00290
7FE80
7FF36
00094
00BEC
00B32
7FAE6
007B6
00658
00342
00F60
00FFC
005CA
0068E
7FF52
7E8AE
7F8F0
7F78C
00360
7FF70
00124
7FF1C
7FAC4
008EC
016E8
005F2
7F760
7FE04
007CE
0061E
7F362
7F978
00502
00F80
000E4
0036C
7F992
00176
7EC1A
0070A
00004
006D8
00798
00400
000EC
7F934
7FBB0
006D6
7FA86
7FF6A
00344
010B8
00D1A
7F3AA
0079E
00CB4
7F4EE
7F81E
7FA36
7F600
00ABC
007FE
7F83C
7F72E
7FDC0
00756
7F882
00168
7F514
7FD10
7F3CE
7FBC2
7F93A
7FA84
7F908
003FE
002E0
004D4
7F8D4
7FED0
7FF58
00676
7FB12
7F746
7F15A
7FF88
0048C
009E8
00B9A
7FDAA
7FE9C
7FA00
7F0DC
00AF2
7F96A
00328
7FD50
7F86C
0026C
7FE96
7FD16
7FEC8
009DE
7ED9E
0014C
00A0A
004E0
00400
7FC58
7F878
7FF04
7F8F6
012FE
004BA
7FA7A
7FF2A
7F52E
0011A
01062
0012C
0028A
7F602
7F8EC
7F802
7FA90
7E7DA
0080E
00708
0092C
7FF72
003F4
7FB32
7FA74
002D2
002D6
00324
7FF74
7FDBC
00188
00400
7F964
7F530
7FFBA
7F8F4
0051A
7F794
7FD06
004CC
007E2
7FADA
7F50C
00744
7FE06
00874
7FB1E
7FFF0
7FBC2
7F3FC
0047E
0070A
7FEE4
00442
7F944
000CC
005E6
7F7DA
002FC
7F468
7F66C
003CC
7FF26
00200
7F83C
00460
0026E
003E2
01500
7FDA8
0046E
7F768
00550
00292
00044
000BC
7FE32
7F61A
003B0
00002
0042A
004EA
7FA96
0048A
7FB78
7FEB8
7FA3A
00B5A
008AE
001C4
0004C
000F8
00280
7FDFC
00818
7FA00
7FF42
0063A
0011A
009B4
7F720
0016C
7FA06
7F49C
003FC
00498
7F8FC
00A84
008B0
7FE82
7F9DC
013F4
00806
7FD1C
7F59C
7FDD2
00B08
7FA3C
7F4DC
0089A
7FA40
01A4E
00302
7F3C2
7F434
0056E
7FCEA
7F200
00278
00884
7F4E6
00484
7F36C
7F87E
0022A
00888
7F9A6
7F542
003CC
7F87A
7EF02
00338
002FC
009FA
7FFB0
0020A
7F6C2
7F1B0
0040A
7F846
00A76
00002
7F33E
0005A
7F6E2
7FEAC
7F49A
7F9CE
7FBC2
00DFC
00020
00360
7FE68
00116
00A6A
7FCFE
7F982
7F78A
00748
003C8
7FEB2
001E2
0063A
00AF6
7F72A
7F61C
005DE
0056E
7EC88
00888
7F4E6
7FEF2
015A6
7FFFE
7FF0E
0033C
7FE20
006EA
00410
7FB56
7FFF8
7FA00
0059C
7FF10
7FBA8
01000
00E58
7F7BE
006FC
013A6
7FFB0
008EC
00494
7F792
00804
7F930
7FB44
7EE02
7F8E6
00C5C
7F810
7F190
0007A
7FA46
7F70C
7F72E
7F776
00264
00FC6
7FFD4
00174
7FA18
7F7D0
00DFE
002A2
7FB76
00AD2
00220
7F9A2
009D6
006C0
00856
7E940
7FEAC
0033A
00740
0020C
7F622
00A44
7FA02
009B6
00EC4
00AEC
0044E
7F9A8
7F9CC
00128
7FCD4
7FE20
00058
01590
7F956
008F8
000F2
00610
7FC00
00C04
00272
7FC18
7F2C6
007BA
7FC18
7FE54
00894
7F362
7F0C0
7FE90
7EA8C
7F97C
00B92
7F52E
00200
7FE94
7F46E
7FA66
00A98
00536
7FCC6
7FF14
001C0
005C2
7FF50
004A6
7F5C6
00238
0000E
7F506
7F802
00DB4
7FB0C
7FDBE
7F060
7FB4C
7FFB0
00376
00B5C
7EF98
003A2
00B28
00984
00338
7F502
00B2A
7FA06
7F980
0006E
7FE44
7FA5A
7F910
00522
00ADE
00A32
00574
009F4
7FF14
7FE44
7FFC4
7F1C4
7FF02
7F800
00BB8
7EE26
00872
7F994
00058
7FC06
7FAA6
0056C
7FD3A
7FD1C
004D0
7FF72
7FF88
7F9E2
7F406
001FE
009FC
0052C
7F632
00BC2
000A6
00E0E
7ECDA
7FF18
7FFEC
7F892
00800
7F42C
00604
00942
7FBD0
7F802
0081E
7FDC8
7F6FA
7F736
7F1D8
7ED74
7FA9A
00298
0091E
01032
7EEC2
00234
01102
00072
00C7A
005F0
002E4
7F3A8
003D4
7FB8C
7FF10
7FD40
005CE
7F0E8
7F430
7F570
0065E
0023E
7FC58
007AC
0009E
7FC00
00508
7FA90
00626
7FCD4
000EC
0043C
008F2
013C0
7F4F8
7FAD8
7F520
7F1C4
0042A
010B2
00038
7F806
0042E
7EF18
7FC1E
7FB90
00AC8
7F56E
00444
7FC5C
005C0
7FF90
7F670
00308
7FE6A
001C4
0073A
7FC00
7FD50
0097C
7F5AE
00206
002FC
7FA68
7FBDE
0084E
7FE9A
7EC9A
0009C
7FA00
7FBC4
7F87E
7FBCE
00FD4
00922
7FA86
0062A
7FDC4
00A9C
7F324
0020E
007A4
7FBC4
7FB6E
7FAAE
7F984
003A8
7FE22
7ED44
7FC00
7EC62
7F584
0071E
7EF78
0022A
7F538
7F038
004D4
0052E
7F98E
00AEC
00ADA
7FBD6
7F164
7EC7E
00BFE
7F8F4
7FFCE
7FF2C
00926
00988
00D72
00758
7FE00
7FF18
7F6EC
0031A
00928
7F9E6
003C2
005B6
7F800
7F760
7FCC2
001D2
7F9EA
00666
7F954
00278
7FF2C
00442
7F7DA
0092E
7FACE
003F0
7F462
00082
00000
00464
0013E
7FE64
00D78
7F55A
00750
7F952
7FE00
00B08
7F460
00432
7F132
00A30
00328
7F7FC
00600
7FEF8
7FE7A
7F8AC
0034C
7F886
00766
0088A
7FD2C
002D8
003E6
003E2
7EF18
00180
7F360
7FDDC
7F612
00198
00160
003D8
0098E
007B2
7F712
00F44
7FA58
00490
000DE
7FFFE
7FD9E
00346
7FE8C
00180
001FE
009BC
0091E
7FFDE
7FB0E
0062A
7FF32
7FBC8
002D0
000AA
0033C
7F970
7F75A
005C4
7ED66
000E2
00202
7F2A4
7F154
7F98A
0000E
7F236
00352
0097E
005AE
7FAF0
7FDA0
7F620
7F418
7FCD6
7FFBE
7F938
00E00
7FCEC
0046A
01066
00404
00A32
0052E
7F17A
7F654
7F5EE
7FEE0
0089E
7F88E
7FACA
001D6
7F3A6
001FE
7FB04
7F126
00280
7FFAA
7FF1A
7F7F4
009E0
00B46
0004E
7F7A4
00056
7FC6E
0107A
7F560
00952
7F602
0065E
001E8
7FB70
7FED0
7F6BE
7FB8A
7F5E6
001A8
00784
00624
7FD02
7FF02
00DD0
7FA20
7F6EE
00202
7FB72
7F2D6
7FC42
7FD8C
00BD2
7FCF0
7FE5C
7F4AC
00206
7F90A
7F5CE
00C04
001A6
7F91C
7F5BE
00000
7FC44
01088
00AD8
7FB64
00C46
00136
7FF90
7F688
001D2
00292
7F6F4
00224
008C8
0004E
7FD52
001FC
7ED5E
003C6
7F794
008AA
00576
00ABA
00570
00B08
00482
7FC52
009E6
7FCBE
7FB28
7FCCA
7F016
003FE
00372
7FFC0
00788
7FBFA
008A4
0047E
7F9EE
7F958
00820
00A52
7ECA0
0009C
00D82
00110
00010
001FA
0027E
0097E
00570
7FFD4
001B6
00862
7F24C
7FCEC
7F01A
00924
7FEB0
0006C
00446
7F8D8
005FE
7FC00
7FD74
7FD2C
7FACC
7F09E
0005E
7F380
004FA
00C7A
0041C
7FA60
00398
011F0
7FF90
0002C
7FE5C
7F802
7F5FA
001F0
7F64C
7FB10
7F220
004DA
0013A
0047A
00190
00336
00702
7F4CA
0037E
00068
7FB2E
00400
7F936
0016C
7F402
7FF64
01016
7FAFE
002DA
7FB84
001F8
7F494
7FFBE
0015E
7FAB6
0078A
7F42A
7F800
00494
002C8
005FE
7F4F2
0038A
004A8
7FF98
7F384
00720
7FA86
00A8A
007E6
7FC1C
7EFE0
009A4
01600
0032C
0033A
00AB8
7F650
7FA2E
003D6
7F624
00136
7F98E
7FCCA
7FE3A
7FEA4
0028C
7F448
00222
001F4
7FC64
7FD46
7EFE0
7FFDC
7FE80
00034
0000A
0012A
7F4F2
00406
7FF44
7FC6E
7FF7C
7FC5A
7F078
7EE04
000A2
7F9A0
00140
002E2
00536
00228
7EF66
006D0
001B0
00086
7F8BE
0082A
00940
7FB8E
7F99A
009FE
005E6
7F838
0013E
7FEFA
7FA46
002BE
007DC
006D8
7FE76
7FC52
7F80E
004B6
007E4
7FAE4
7FB20
00200
7FFA2
7F570
003DE
7FC44
7FC80
7FCC8
7FE84
00096
7F4BC
008E0
7FE8E
005B0
00A6E
7FF54
7F820
7FBFA
00452
007A6
7F70E
00038
7FFC6
7F852
002CE
003E8
00A8C
7FD6C
006AE
0008C
7FD4C
000D8
005EC
7FA02
7F8E6
00370
7FA04
00610
00246
7F1AA
005F0
00366
0033C
0045A
0062A
7FFE4
004DE
7FD62
7FC78
00008
7FE1A
7F9D8
00F94
00D5A
011FC
013A6
01144
7F016
00748
7FAF2
00B60
7F9D4
7FDE4
0081A
7F1DE
7F800
7F1D6
7EBB4
00A56
7FD28
7FA1E
004A2
7FBDC
7F9A2
7FECE
7F850
7F350
7FC78
002E6
7F226
00B14
003FC
000B8
002B0
7F8F6
7FCCA
00066
0036A
00774
7F80C
006B4
00CFA
7FEAE
001B8
7FF26
00432
00108
00000
7FA08
0065E
7F9A4
00482
7FCCA
005E4
0098E
7EE72
7FEFA
7F790
00282
7FFA0
001B2
7FF86
7FF46
7FC0C
7F6C6
00E98
7FF86
7F9AE
7F82E
0054E
0065C
7F800
00866
7EFC6
0085A
7FA58
7FCF8
006DC
007B0
00200
7E7FC
003FE
7F0C2
7FF36
7FB00
7FF22
7F23E
00568
00610
7FCCE
7EF8A
7F032
7F578
7FAEC
7FC7A
00000
00334
00852
0060C
00626
7FA8E
7F2E2
00230
0103C
00A90
00104
7FB3A
00270
0065A
7ECF4
7FE10
7F600
004A0
7FD46
7FD64
7FCCC
7FF34
007D8
7FA0E
00296
7F5CA
010A8
0039A
00080
00A1A
00446
00114
7F800
00852
00C0C
7F936
7F5DA
7F9DC
0071C
7FFCA
007C0
00CBE
7FBDE
7F8EE
004DE
00020
7F2E2
0016A
00000
7FC40
0020E
7F470
00466
7FF8A
7FAE2
008A8
00452
7FBE2
7FD40
00622
00096
008F0
7FCE8
00924
7F00E
7F1DA
7F580
009C0
7F498
7FE7E
7F4EE
005A2
7FE02
0035E
0049C
7F8C8
00366
0042A
002F0
00B4A
00000
7FB3A
011E8
00DB6
00014
0125A
7FE30
009D6
00F9A
7F532
00A18
7F7C2
00098
7FB66
007DE
000BC
7FFFE
00E6A
7FC28
0002A
7FEFE
0023C
00118
00632
7FDFC
7FD2A
7EE62
006AA
00368
7FB6E
0093A
00304
00000
7FE16
7EF60
00A0A
7F434
7FB24
00F9E
000AE
0036A
003CA
0006C
00794
002CA
7F716
7FE84
7FA26
7FE04
7F74E
7F14A
7F0F6
002B8
00396
0114E
7F52C
7F6F6
7EF3A
7F52E
001F2
7FB32
0085C
000F4
7EFA8
00C00
0009A
7F7B4
001C6
00BCC
00018
00402
006CE
00096
7F97E
7FC64
7FA74
00AC8
004EC
004A2
7FB68
005FC
7F6C4
00472
00054
7FD3A
00486
7F9A4
7FEF0
00518
00018
00174
00572
00722
7FEEC
7ED50
7F8C8
00800
7F928
00436
008FE
7F51A
013E0
7F458
7F734
7FFFE
007F6
00126
000FA
7F17C
7FCB6
7FC80
00284
7F01A
001A0
7FEDA
7FA68
01312
7FB92
7FB62
7F928
7FF80
7F89E
004C4
001BA
00CC2
00F7C
7F9F6
7F486
7FC00
008AE
00682
7FFC0
00A56
000F2
7F2E8
00244
00002
00444
0089C
00666
00856
00AF0
00678
7F8EA
7FC0A
00B24
7FE68
7F816
7FD5A
7FB00
7EEEE
00BE0
0107A
0011A
7F966
00700
0094A
008B8
001A4
005DE
7FE00
7F340
0019C
7FFCA
001BA
00586
002F8
0096C
00F50
7FB26
00238
00E92
002AE
0057A
7F514
004E8
00200
7FDE2
01542
0011E
7FEEC
7FFDC
7FEE8
004CA
7F8B2
0113E
00234
0001E
0019A
00140
01062
007CA
7F600
7EEE2
7FC4C
7EF0C
7FC22
003CC
7F62C
002E2
7F8B0
7FB60
7FE52
0054A
7F0D8
7FB0E
005C6
7FFF2
009FE
7F684
7FA7C
7FAE4
01B34
0034E
00A48
00378
00F50
7FB16
7FF9A
7FA86
002DE
7F858
00268
00564
7F000
00262
7FD12
7FD6A
007F4
00D32
7FED6
7FB88
7F0E0
00634
7F9FC
7FB56
7FA26
7FFF8
005E8
00CD0
7FE06
005B2
00D50
7F580
005F8
7F5C0
7FCCC
00B2A
0043A
7F730
000AA
7F986
7F218
7FA7E
7EBD2
7F60E
7F800
00C98
002BC
7FC42
7FC0A
00AAA
7FF98
0084C
7FF16
0050C
7FBD0
004AA
0052A
7F4E8
00EBA
7FFB2
7FA00
7FE7C
7F88A
0081C
7FDFE
7F876
7FF1E
7FE00
7FBBE
7F5B6
003E6
003E4
7F6AC
7FF4E
0053A
7FBBE
7FE00
00806
00B76
00714
00346
7FC66
009FC
7F9C8
003AA
00380
7FC60
0006E
0063E
7EFEC
007B0
7FBC4
7F208
7FC42
7FB3C
7EC2A
00DDC
003CA
7FFC2
7F732
7F33C
00554
7FFC4
00422
7FDC6
7FFE2
00840
7F512
00A00
7F81C
00548
7E970
00038
00468
7FEF2
00292
7F856
7F60E
7F966
7FA30
00636
0032C
7F7A8
7FFDE
7FE00
7FF34
7FF56
7FA50
0068C
005EA
7F754
7FAC0
7F8D0
00582
7FF2C
00A84
7FDC8
002A2
7F860
0010E
00000
7FFB4
7FF18
00868
00590
006F8
7FEE4
00302
005C8
7FBC8
00176
00564
00024
000BA
7FF9C
00C3E
7F214
00C44
003B6
0084E
001EA
7FA42
00476
7F5CA
00368
007C4
7FE4A
00508
0027E
7FF3C
0053E
01094
00000
7F312
005BA
00494
00BC4
00FDC
00966
7F80A
00E10
7FD70
003DC
00226
0007C
7FEA8
7FDDC
0041E
7F61C
7F7C0
7F9C6
7F716
7DD36
009F8
000C2
7FF9A
00098
00D24
00A0C
00246
7ED24
0017E
7FF8E
7F366
00200
7FD3A
7F7D0
01106
00CDA
7F550
004E6
7FC6E
7FD68
0004C
7FBEA
7FBCC
7E558
00740
7F8D4
00048
7F400
7FC0A
7FF1C
008E2
00B4C
00186
7F416
007CE
00A96
0032C
003D4
0036A
00018
7FF12
0019A
7FFDC
7EE02
7FCC2
7F4C0
00B6A
7F97E
7FA58
7FAD0
7FA42
7FA96
006FC
003D0
00A46
00100
7F232
7F3BC
7FF44
7FC00
00A3A
006AE
7F55E
0065A
7F420
009D8
00142
00D68
7FBE8
7FA18
0026E
7F192
7FB90
0042E
7FA34
01400
7FAC8
7FF5E
0067A
00396
00676
7FEBA
7F4E0
7EC24
00528
00008
7FC34
00EDA
005FC
000EA
001D8
7FDFE
7FDBE
00574
7FDA8
7FF04
7FF46
7F72A
7F938
7FA48
00112
00838
7F698
7ED44
7ECE0
00604
7FA8A
7F800
7FE16
7FF40
006E8
00210
7FFD2
0012E
7F7D6
7FFE8
7F546
013C8
7FD74
00208
00812
7F41A
0019C
7FE08
7FED4
7F2FC
0001E
7FB58
7FF7E
00B4C
000BC
7F1CA
7F3DC
7FCD8
7FFF6
001D4
7FB6A
0128E
0000E
7FA00
7FB48
7F4E4
7FA5A
7FAC4
0028C
003A6
7FF14
010DA
001E4
7FF54
7F760
7FA04
00406
7F7C8
7F7E0
001FE
00E08
00B2C
7E782
7FE30
7F9C0
7F214
0024A
0079C
7FCA8
0026A
7F1DC
7F762
000D4
00372
7F99E
7F602
7F698
7F99A
00940
7F280
00AE2
00396
7FF88
00B1E
003DA
004E4
00070
0068C
7F6C6
01140
7FA02
7FDFE
7FBE8
00E54
00928
7F4A4
00350
00356
7F992
7FC56
001EE
00150
0022C
7F83E
7F9D2
006D4
7FA18
7FC00
0064A
7F364
7FC54
7EF28
7F826
00FC6
0055C
0001C
007FC
7FA2C
7FB34
006E4
7FCDE
7F450
000F8
7FA06
000F6
7FA12
008AE
7FF7C
000D0
014CA
7F90E
7FC98
00236
008B2
7FF2A
7F93E
7FE3E
0065A
00430
00000
7FE82
00CE6
7FF68
00590
7FE80
7FA90
7F5D8
013C0
7F9DC
7F74E
0033C
011F0
00BD4
00EDA
00814
009E6
7FA22
7FD9C
00190
00BB8
00858
0043E
7FD16
7FF66
7FBEC
7FDC0
7FC5C
7FDD4
7F8E8
002FA
0018C
01000
00266
0025E
7FC4E
004A6
008E0
0053A
001A0
00768
7FAF0
7FE1C
7FEB8
7FF7C
0071A
7FB7A
7F53C
00200
0030A
00384
00534
00468
7FE92
002A8
7F7FA
7FC96
010A4
001E8
7FA5E
0094A
7F6FA
7F496
7E7CA
7FC00
7FF18
00348
00BAE
7FD00
7FD4E
0026A
00776
00496
7FF26
7FC3A
7F96A
7FEDA
00586
7FBAA
7FADE
009FE
7ECAE
00224
7F6C4
7F1F0
0015E
7FC54
7F886
7FF6A
0040A
7F870
00024
0005E
7F648
7EDA8
7F7E4
00C00
7FC00
7FC54
00586
00CBC
00316
7F396
00070
00A42
00900
005F2
002D6
005C4
7FC6E
7FFFE
7FC9C
001F2
7F468
00700
7FDD2
001DE
7FFF2
009E6
000EA
7FB6C
7FC2C
00506
7FC64
009B0
7FD36
7F890
7F206
00000
000E8
011FC
7F8BE
7F746
7FD1A
7FB9A
7FE44
001C4
00892
00B00
00022
7F894
7FFF4
7FFAC
7FC88
001F6
7FCEE
7FCF2
00530
0021E
7FE94
00490
01234
7F89A
00412
00798
7FF66
7FFEA
007B0
7FA34
0030C
7FA00
0047A
7FF14
0064C
7FFA2
7E6CA
7FDD8
7FF48
7F2EA
003F2
0090E
008D2
00A46
00210
7F8FC
7F6CC
00002
7F31C
0053A
7F370
00120
7F4E0
7FD0C
7FF18
7F8A4
7FCCA
00366
7FA76
00176
7EF20
001BE
0030E
7FA02
7F9C4
006AC
7FC60
7F6C6
00324
0092E
008B0
00116
0133E
7FD88
00B88
7FF50
7F7CA
003A2
7F9F4
00402
7FAD0
7F1BA
0096E
0007E
7F788
003D2
0020A
7FB64
001DE
00948
7FCFC
7FCE4
7FED4
0099A
7F7D8
7F400
7F890
002D0
0036C
00496
00D72
00658
7F874
00C10
005BC
00672
7FC18
7FE2C
7FA82
00C70
002BE
7FC02
7FF7C
00154
7FDFA
00760
7F498
002F6
00AF8
00872
7F88A
0082C
00286
7FBC6
00206
7FFAE
7FB3C
7FFFE
7FD50
001C2
00250
004A6
7F7B0
7F920
00822
00BE4
00258
7F4E2
7FF2C
7FB0E
7FD62
002A2
004FA
007EA
002CE
00206
00CC8
0074A
7FE7E
00594
010F8
7F784
7F734
004B6
001B8
00316
7FE26
7F94E
7F08E
00200
004B6
00986
00744
7FF2C
00764
7FFB8
7F516
0027C
009C0
7FE7A
7FCB6
7F684
7FD74
7F984
0088A
7FA00
004A0
00B4C
7FFC2
004D2
00AAE
00424
7FA7A
00E7C
00FD4
7F6A2
00474
004E0
7FEF2
00362
0013A
009FE
7F758
0082C
00DE8
7FF2C
00018
00454
0121C
7F186
0009E
7FF32
0132A
7F22E
7FC6A
7FD7C
7F7E8
009FE
7F124
7FBF6
00170
004D2
7FF04
7F576
7F3A2
7FD84
003F4
002B8
7FBE8
7FA6E
00602
7F7F2
00262
7FE00
7F92E
00026
7FB86
7F00C
00B56
7E9B8
7FF60
7FA66
7FCE0
00254
7FC0E
003FC
7FCD2
7FFDC
7FDEC
011E6
7FBC4
7F8FE
7F872
7FBFE
00E52
000C6
7FCDA
7FD2C
00378
7F80C
003CA
7FBFE
7FC12
00A72
007A0
7F9FE
0035E
7EF72
7FAEE
003FA
00068
7F978
7FDCC
005A6
000EE
7FE28
7FEF4
7F010
7FD1A
00822
7FADA
005F0
000C8
7F690
7F99C
7F810
7FD68
7FFDC
00CDA
002D4
7FA60
00870
00D58
7F80C
7FDD8
009B6
003EE
7F600
000E2
7FD14
7F30E
008E4
7FB3A
7FA7E
7F4B4
7FF66
007BC
00970
004FA
008C8
7F848
7F698
005D4
003FC
00016
7F878
0084A
002A0
7FD00
00228
7FBFC
00902
000B2
7F2B4
0005C
0051C
0118A
7FC26
006C8
7FE00
7FC20
00D1A
7F60A
00306
00ECE
7FF1E
7F4B2
7FC98
7EF7C
000BA
00930
000CC
7F780
004C2
7EA22
00806
7F84C
7FB02
7F632
00958
7FDEC
001F0
003D8
7FAEE
7F768
7F592
00552
7F936
7F4DE
7FAEC
004B0
00C00
7F02E
7F73A
005BA
00348
7FA20
7F9FC
00170
00A8A
7F9D8
7F49E
7FCDA
7FF3C
7F934
0122E
7FAF6
003FA
7FEE4
00090
7FC8C
7F730
7FCB6
008CE
00944
000D6
0062E
00180
00000
7FE52
00B2A
005E6
00F68
00BFE
7FBD4
00C2C
00AE0
00134
7FE8A
00688
00208
7F9A6
7F9D6
7FF9A
7F77C
7FA02
7F20E
003B8
0001A
013C8
00466
001A2
7FC8E
7FC64
000CA
0010C
003EC
7FB2C
7FB98
00494
006B2
0007C
00E78
7F9D0
0002A
01000
7EF00
00688
7FF82
7F636
7FA70
7FE58
7FAC6
00DA6
001E4
000A0
001DA
001A8
00076
7F8A4
7F7EE
7FC00
009CE
7FDFE
7EEE0
7EE6E
01042
7F9BE
0035C
006D4
00838
7FDFA
7F08E
7EBDE
0007A
7ED70
7F8E4
003FE
7FA24
00760
7F256
0049E
7F87C
7F7E4
00682
00258
7F8DC
7F7F4
00614
00C7A
00038
0079E
7F818
00800
00000
7F9C2
00072
006C0
00584
005AE
0072C
0012A
7FEBE
003C8
7FB0A
005FC
00170
7FCA6
7F696
00E00
004B8
7F506
7FB72
00320
00958
7F8B0
00326
7F60C
0000C
008B0
7EF32
00CEC
7F86C
002BC
005F6
7F60A
00AD8
7FEC8
7FD08
002B0
003BE
7FBD2
00454
7F85E
009B8
7FFC4
7F3FC
7F668
01312
7FD34
7FCFE
7FE00
7F712
7FE88
0027E
00A78
7F2B8
00082
7FA0C
7F608
7FDF8
7FBCA
000CA
7F0C2
7F918
7FC1A
7F2A2
7F60C
003EA
7F4C0
7FEBC
7FFA6
7FB36
7FD5C
7FF28
003B0
008FE
004B8
0070E
7FBFC
00522
001A4
00500
7F200
0061E
7F9B4
000F4
7FB70
00258
7F8B6
7FAF8
00572
0060A
7FF40
7FF4C
7F7A4
00310
008AC
0046E
007FC
0075E
00750
00A22
00290
7FB8C
00482
7FBB2
7F3CA
0003A
00DEC
7F74A
7FDD8
00886
7FE3C
004DC
7FA02
7FBB4
7FBC8
008E0
00366
00052
008CE
7FC5C
00294
008A0
009B4
003F8
00F2E
01C20
00BA2
7F042
7F40C
7FF4A
7FFF0
7FC32
7F6B2
7FE2A
001EA
002EC
7FC3E
7FD40
7FC4C
000B0
00350
00706
7F584
00506
7FA00
00760
008F4
7FA9A
00696
00264
0071A
7FBC4
00BB8
00154
7F7AC
7FA5C
00E34
7FA5A
7F3B8
0049E
00DEC
7F9EC
7F4FA
006B8
0050C
7FA62
7FE8E
7FAE0
7FE02
0065C
004AE
7F5A4
0086E
7F934
00AA2
002FA
00A00
00608
00A76
7FB8C
0014A
7F844
7ED6E
7F6A2
00064
7FAA4
014A8
7F938
001B6
7F7B2
7F1DC
0096C
7F61C
7FD12
7F696
006AE
002EA
016E8
002C6
0022A
7FE04
004AC
00FB6
00828
0077E
7FD76
7FA30
00AA8
7F600
01CB6
0008E
0059E
00944
00706
7F7C0
0031C
7F896
7FC60
00FCC
7F82A
7F804
00294
7F498
00200
00400
7FC76
00432
00184
7F15C
7FC5C
7FA5E
01074
0023C
001A0
7F82C
00330
00202
7FBE4
7F54A
7FC84
00600
7FA0A
7F8E4
002EA
00BB2
0025E
7FD6E
7F55E
7FB6A
7F68E
0088A
0015A
003FE
00542
0063C
00A98
00FFE
00082
00CAE
00550
001AC
7F4BE
7FACE
00220
7F9C2
007B8
00524
003E8
7F9FC
011C4
00586
7FBD2
00000
00782
0089A
00898
00344
7F92C
00654
7FE92
7EE76
7FCCA
007B8
7F518
00116
008DC
7FF96
0053E
009FC
7F6E2
004D0
7F6A6
7F5D6
7FA04
00828
001EE
7FB70
7FB0A
7FA40
7FD5A
7F4F8
001B6
7F27C
0025A
00800
0101A
7F370
0036A
0038C
7F934
7FC2E
7FFE0
00D80
7FD30
7FF98
003C0
7F918
0011A
7FB24
7FC8C
7FE08
002C8
7FCD0
7FF12
00B50
0007C
7F2F8
00846
7F894
004EA
7F0D2
7FCCC
7E904
7FC26
00532
7FE70
00600
00D46
009B8
7F7FA
00AD4
004B4
7FEA6
7F51E
7F380
7F890
7F40A
00650
7FB18
004C6
7FE80
7F53A
00DEC
0018A
7FCE8
7FF4E
0047A
7FC2A
7F82C
00282
7FC00
7F6D4
00042
7F5A8
7FCA2
7FEEA
0081A
004C6
7FA00
00680
0043C
002D8
7FC88
00FF2
7F868
00264
00474
7F952
7F734
00058
7F8F4
00406
7FB24
7F034
001F2
7FED4
7FE06
004B4
7EC48
7FE06
00324
00A3E
7FBFE
007EA
7FB90
00024
7F76C
004A6
7FBF4
7F64C
7FE00
7F612
7FCD8
00E34
005CE
7F6E0
01804
0004C
0016A
7F81E
00DD6
7F9D6
7F644
004C6
7F8DA
0030A
003FC
7FEA4
7F87E
7F45C
7F9CA
003F2
004FA
005F6
00292
7FD1A
004E0
7F7B4
7F744
00640
01062
005CC
7FA02
7FFF8
00898
0059E
7FFD8
7F20C
7FB32
0030C
7FE96
7FF10
7FE70
7EAE6
7F9EC
7EF64
002C0
00318
7FC0C
7F870
7FC66
008AA
0008E
7FBAE
7FDA4
7FC78
0056C
7FEBC
7F45E
7FC10
7F8D4
7FCDC
7FE48
004D4
00800
7FA18
005E2
7F7D2
002A6
004D8
006B8
7FE12
7FF46
00EDE
0080C
7FA8A
7FC08
0043A
00A6C
00ABA
00600
7FDB6
00A7A
7F3BC
7FEBC
7F65E
7FF64
005B8
7F61A
00A4E
00654
7FFD8
7FF82
00164
7F9A2
7FE40
7FC00
008BE
7FCC2
7EF00
0042E
7F6D2
7FF76
00824
018B8
7FC64
00B22
7FF58
002CA
00DCC
002C4
7F758
7FE00
006FA
7FF90
002E4
0026E
00188
7F26C
7FA5C
009E6
7FE34
009CC
00D80
7F9A8
7FDB2
7F128
7F4AE
7FA00
001D2
00372
7EEFC
005CA
00318
7FE16
7F9B0
7FCE8
0000C
7FB0E
002C2
7EF18
00818
002B6
000C8
00010
7F1F2
00736
00B2A
7FD1E
008D6
00180
7FEAA
7F3CE
005F4
7F806
7F42A
7FBA2
7F6EA
012B8
00172
7FE02
7F7D0
00532
7FABE
0097A
7FE32
00EAA
7FB1E
00B08
000DE
006AA
7FFEC
7FF52
00390
0069A
7FDB4
0000A
00008
7FB58
7E6B8
7FB98
0019C
7F668
7FC1C
7FC4E
00240
7FAF6
00252
7FE0C
7FCEA
7FF2C
7FBDC
00200
7F882
002AC
7FAEC
7FD70
0043C
009F6
0070A
7F2AE
7FF3C
00A5A
7FB52
00568
00488
0090C
00830
00202
002F2
0006E
7FB14
7E84A
7FA96
0081A
7FD26
003AE
7FC54
009EA
002D2
7F94A
7FED4
7FE7A
7FF86
00200
7F99A
7FA10
7FAD6
00384
7FD66
008A4
7F4D4
00946
7FE58
00032
002AC
7F4F0
0030A
7FBAC
7FC8C
001FE
00364
7F1E4
7FFCA
7F700
7F976
00632
7FBFA
7F854
7E714
7FC62
7FE9E
00C58
00A6C
7FBCA
7F6D4
7FA00
002A2
014C0
7FE60
006F8
7F02E
006B4
7F5E4
7FA52
00154
00072
7F942
7FC86
00644
7FC48
7FFD4
7F610
7FCC6
006CC
0013A
7FA04
7FC96
00A5C
7F50A
006D0
00380
7F606
0020A
001B4
00440
00326
0001C
7FE00
7FFA4
0061C
008A6
002BC
7FA24
7EF70
7F372
0059A
7F670
7FAC0
7F1FC
7FF8A
7F0D4
00492
00514
009E4
0087C
7F4E0
00B9C
00464
7FB58
00AFC
7FB56
00128
003D4
7F84A
005BE
7FA5C
7FBCC
7F0CA
7FAD2
7FE00
7FB9E
010B4
7FA42
006C8
01406
0039C
00148
7F5C2
007DC
7FA54
00EF8
7F62A
7FE26
7FCE6
7FB5E
7F002
7F824
7F72A
7F748
00384
009E2
00332
7F718
00094
7F120
00BAC
7FE82
006EA
0018A
7F7C4
7FA30
7FA00
00498
00BEE
7EF3E
00008
7F87A
002AE
7F6BE
7FE3C
7FA02
000CC
7FF1A
7F7B2
001F4
0065C
7FEE8
00000
7F804
7FC32
7F5FE
7FDA8
7FF5E
001D2
7FF16
0036A
00604
00932
7FCA2
0033A
7FF34
7F9A6
7FD52
00000
00508
005E4
7F44C
7F382
005F0
7F164
7F574
7FDCA
7FCB6
7FB6E
7FEEC
7FBC4
7F192
00A5C
7F8A4
009F4
00242
0077C
00586
7F8BC
00D06
7F83E
004EC
001C0
00090
000A4
005C6
01100
0011A
7EC50
001D2
00002
00598
7FD22
7F7F4
7F81A
7F468
005AC
7FA0E
0063C
7EEDA
000A6
00A56
012FE
00184
00B34
7F9E4
005FA
7F89E
7EFCC
7FFAE
003C4
7FC60
7FB12
7F990
00A3E
7FE70
008EE
00610
7F822
7F81A
7F3E4
7F71A
00800
7FA1C
0050E
00592
00138
0003E
002C6
001A8
0072E
002D0
00752
7F884
00436
7FAEE
7FCB6
7FBCC
7FC00
7FB22
7ED44
00E5A
01084
00740
0031A
008A2
008D4
006FE
7FC40
00A5C
7FBC4
00DAC
0108A
00658
7F802
0069C
7F8B0
0048C
7F0B2
002F8
005CC
00900
00CC8
7FCAC
7F9F8
009BA
0043C
7F9F0
7FC38
7FD40
003FA
7F418
7FCF2
00178
7FD8A
7F6EC
7FC42
0018A
0032C
7FE5E
7EA88
004A4
7FBC4
0076E
7FE88
00096
00000
7FBBA
7FDF8
00368
7F206
7FC28
7FE7E
7F9EA
7FB64
000D6
000BC
00330
001F2
0080E
007A2
00030
001FA
7FD60
7FD6E
004EE
00678
00132
001CE
7F9C2
012A6
7EE6E
0074E
7EDEA
7FE78
7F94C
7FFC2
0082C
00FFC
00932
00C90
00A42
7F7D0
7FC3C
00536
7F37C
7F8A2
7FE1C
00254
7F508
7FB52
00324
7F9EC
005B2
7FE08
7FEE2
7ECA6
7FFCA
7FFD2
7FDFA
7FA86
002AE
7F940
7F63C
000C2
002AC
00450
7FF56
7FEA6
7ED34
7FC00
7FC3E
00094
7EE6C
7FB56
7FA2E
003E2
00AC2
7F458
7F458
7FFB4
7FE14
0035C
7FD86
7F6FE
7F6F0
7FFFE
7FF28
7FFAA
0051C
00940
7F758
7F9D8
00776
7F858
01ABC
00A7A
7F8F0
0058E
7FB8A
7F96A
005CC
7FC00
7FFE2
7FF9E
007F2
001D6
7F77A
7F922
00746
7FFA8
7F8FC
7FF32
00F52
7F9D0
00336
7F26E
7F944
7F800
00C58
7F4D2
00AB8
7F994
7F93E
00470
007B6
003A8
7F6EC
001EE
00376
7FD44
7FADC
001DA
7F8C4
00C00
7F5AE
00130
00230
004D2
00E54
0072A
7F2CA
001A8
7F3E6
00DC6
7F9D6
0052A
000DC
0058E
00908
00400
00908
7FE6A
001FE
01008
003BE
7FFB8
7F846
7F65E
001A0
7FE64
7FCCE
7F4B2
001F8
7F99C
7FD66
7FC02
000C0
00316
7FBF0
7E8A0
009A4
018F2
00014
7F664
001AA
0006C
7FAB2
0021E
0065E
00B6A
7ED0A
00400
7FAA6
7FFB6
004FC
00A78
0048C
00904
00A46
001A0
7FCCE
0010E
004FC
7FC0C
00854
7FC6E
7FBD2
00800
00B3A
0198C
0045C
7F962
7F52A
00312
7F79C
00882
0025C
00262
0064C
7FB06
0002C
007D2
000D4
7F804
7FE90
006EE
008D4
7F4D2
00886
7FF96
00124
00AD4
007AA
00C76
7FFEC
00290
7F6DE
7FEC6
0066E
7F802
00D50
7FD52
7FCE2
005F6
00714
7FE1E
7FCB8
7F786
00EBA
7FD84
0059C
7F5C8
00224
7FF02
00078
7F808
7FA7E
7FB1A
00692
7F3F6
7F536
00196
0055E
0052E
00794
7EAAE
7FE98
004B4
7FAEC
00806
001F2
7FA00
010AC
7F676
7F834
7F874
7FF6E
7FB84
7FAEC
7FDFC
0006A
00BC0
0007C
00768
00314
00C64
7F964
00204
001D0
7F01A
00326
7FAA4
0098E
7F568
7FF38
7F8DE
7F598
7F504
7F9D4
7FBCA
001F0
0006A
7FC06
7FE00
01236
00088
00398
000C4
7F126
01276
007C2
7FE04
7F98E
7FD02
7FA60
7FF46
0090C
7F0EA
7FA78
7FE06
7F8CC
7FDAE
01B06
00420
7F9D4
7FC52
7F8F6
7F330
7F2F0
7FDA0
007D2
00550
7FE5A
00258
7FEC8
00A00
7F668
7F7E4
00412
00348
01254
7FC30
7FF78
7FAEE
00074
7FFCC
7FBCA
01022
7FC96
0032C
7F798
003FE
7FA5A
7FAD4
009B6
7F97E
00FA6
7F376
7FCFE
7FC96
7FEEC
7F318
00116
00C06
0121E
7FF76
7F83C
7FA00
7F9D8
7FFC6
7F18C
7FA5E
7FC56
0018C
0089E
00910
00D44
006A4
000F2
00B2A
00FEC
0018C
00B34
007FE
7FFFA
0057E
000AC
7F8DA
00E6C
7FB7E
7FAEC
7FF68
7FB7E
7FE76
0022E
7F8AA
001DC
7FF22
004F4
00000
008C2
00902
00DAC
00904
7F0B6
7F89E
7FD7A
7F786
7FADA
7FF74
7ECEA
00678
7FEE2
00B50
01244
7FFFE
7EDC6
00602
7F8D6
002EA
7FD76
00C2C
008C6
7FC08
00AEE
7FDD6
7F9C2
0052A
00164
00966
00B36
7FC00
7FB92
0010C
0058E
00510
0006E
00CD8
00836
00874
00732
007FA
7F466
00452
00424
001F8
7F13A
7FBFC
00AD0
7F23E
7FEC4
7EF00
009FE
000A4
00600
7FC02
7F612
00852
00398
7FFFA
002F0
006DC
7F364
00400
0041A
009DA
7FF3E
003A0
7FC5C
7F994
00A46
00312
002B6
0059E
00538
7FE10
7F3EA
7FE56
7F77C
7F60E
0027A
00AAA
00012
00522
7FBAE
7F914
003AA
7F7C6
0098C
7FC04
7F934
7EF18
7F996
7ED88
7FEE8
7FC00
7FBEC
00544
004CC
7FAC6
009E4
7F6BE
002FC
7F4F4
002E4
00518
00012
7FB9E
006B4
0051E
7EFAE
009F8
00088
7F3D4
7FD2A
0047E
00586
7F8F2
000E2
0003C
7EDB2
7FB9E
00036
7FF54
0045A
7FCC8
0080E
7FC00
00236
7FDDA
7F164
7F986
7EE38
7F2C8
0072C
00606
7FEB8
005DA
000BE
7F7F8
00440
00BBE
0003E
00004
00264
7FA60
00B0A
006F4
00736
7FFC8
00908
004D0
7F5DA
002C2
00A00
7FDFA
00606
7E958
00566
00000
7F1B6
7FF8C
0055A
7FC28
7FBDE
7F4B8
008E0
005FA
0027C
00754
00D64
7F4F2
00762
7FF6A
7F03E
003F4
00048
7FCEA
7F028
7E3CE
0019C
008B2
00790
7FF2C
7F70C
7FB86
7FA96
0054C
7F66A
7FBBC
004A0
00200
00BA2
002CA
7FCBC
7FCDE
00434
7FD08
007A2
00AD2
7FDB6
00E06
7FD46
7F634
001E8
00850
0026A
005FE
7F956
005B4
7F952
7FD4C
00B76
7FED6
7EF64
00800
000B6
7FC6E
0027A
7FC46
00300
7FD1A
7FFB4
005FE
00310
00308
7F882
7F57A
7FEB8
7F816
001DC
0052C
7FB82
7FF32
00064
00F6E
7F74A
7FF80
00EEC
00200
7FA4E
00476
7F502
0005C
7FF42
000BC
7FEA6
007FE
0086A
00654
000FA
7FE10
01174
00662
7F2B8
7F800
7F3BC
003D0
00046
7F5A6
7FABA
00696
000D6
7FA10
004D4
7FD24
00B84
7FB2A
7FBF2
7FB70
0004A
7FC08
7FC0A
00DC0
7FF44
7FD78
00A5E
004AE
0052C
7F860
7FB46
7FF94
7FA56
0074A
001BC
7FAF4
006AA
7F802
7FD7A
7FFBA
0137C
7FDEA
7F728
00990
00444
7FA04
7F8D0
7FDBC
00392
00060
7F838
00194
00308
003FE
0101A
0079E
009E2
00700
010C2
00418
00316
003AC
7FE6A
7FC94
004C4
00524
00860
7FF0A
7FD4A
00E00
004C2
7F1E0
0010A
7FE18
00488
0064A
7F9DC
00202
7F000
7FB1C
7FE9E
7F9D6
7F8FC
0001C
7F1F6
7F20C
7FFA4
007E2
00510
7F16C
7FE4E
00C04
7F618
007A2
001DC
7FCD0
00A92
7F2A6
7FA62
009C2
7FBF4
00600
7FE4A
7F5F8
7F638
00F84
7FF8E
7F708
7FB6C
00208
7F88C
7FA88
004AC
7FBF2
0020C
7F8C6
0065E
001F4
002CA
00E02
7F52A
010FA
0015C
0046C
0029A
7FC56
0002C
7FFCE
0073C
7F7D4
7F6EE
7FFB0
7F744
7F800
00480
7F5DA
0013E
7FF7C
7FA9C
00052
0069A
7F09A
00288
00ADE
7F81E
7FDA2
00380
0055E
7F2B4
7F40E
00984
7EE00
0022A
0060C
0024A
00242
7FBF8
0086E
00BCE
7FF88
7FADA
00202
7FAE2
7FE24
7EECC
7F400
004CA
7FDA2
7FE62
001C4
7F9B8
006D0
002A4
0074E
7FEA0
7FE4E
0024C
7FB9C
00514
7F168
7FECC
007EC
004C8
7F7FE
7FA64
000CA
7FB9E
00210
7FD72
7F784
00230
7FDF2
7FEAC
7FCD4
0039E
7FFF2
00D1C
7F400
00DD8
7FE98
00176
7F998
000C0
7F09A
00578
7F146
7F714
7FF3A
008B2
0092C
7FC6C
00A10
7FE9C
00200
7FA5A
7F866
7FC5C
00100
00642
7FCB8
7FAD8
0036A
7FF4A
003C2
00248
7EEA4
7FC6C
7FF00
7F4F8
7FFFE
00958
7FCFA
0097E
00C10
7EFC8
7F06A
00644
00AB8
00174
00496
002E8
7FA22
7EDB4
003BC
00266
7FA00
7F7E2
7F8B8
00BFC
7F958
004A8
003A6
7F61C
00096
0055E
7FBBA
0056C
7FE0E
7F75E
001D2
006B4
7F600
7F10C
0022C
7FA18
7FF64
7F8FA
7FCDA
7F6A4
7F7FC
7FB2C
0020C
0071C
7EC44
7FBE8
7FD38
0087E
7F20A
00B3E
7F33C
00908
000EC
7F27C
00554
0057A
00874
00C1C
7F564
00256
7FC7A
003BA
7FB6A
7FCEE
00A00
006B6
0016E
00BD8
00498
005F2
7F808
7FC92
7F808
004F4
00118
001C0
00480
7EA56
7F730
7FE5E
7FE04
7FE98
7FB86
001B4
00310
7F8C0
7F82A
0023C
7F77C
00414
00526
7FF5C
00AD4
7FA10
00DD6
005E8
00A00
7FFE0
0012A
00206
00180
00D66
005A2
00CA6
7FDBE
7FD5E
00040
7FDD4
7F9BE
0077A
00BE8
008E0
00C00
005E4
7FF08
7F5D2
7FF92
00142
7FD20
7FF48
7FDBE
7F2C0
00CEE
00632
7FEC0
7FAB6
00572
7FE6A
00200
7FCA6
001A8
7F746
011B6
01188
7FE9C
7F55C
0063C
7F7E8
00930
7F052
7F30C
7FD84
7F382
7F7EC
7FFF8
7F5C0
7F51E
0129C
7FD2A
006F8
00104
00750
00644
7FDD2
00292
7FE96
00492
7FB18
008B6
0034E
00600
003D6
7F806
0020E
0060A
7FBEE
7FF40
00718
7FCD0
7F208
7FD76
7FC90
7F8D0
0086A
00E60
00EB2
009F4
7FCC2
01452
7F928
0019E
00ACC
001B8
009FE
001FC
00066
004B0
7FF26
006B2
7FF80
00132
0073C
7F202
00748
0076A
7F79A
000EA
00716
0018A
7F4B2
7F73C
00C66
00230
000C0
00860
00974
00300
00742
7F61A
7FCDC
0076A
7F7B2
7FF82
7FC1E
00216
000AA
00204
7F148
00066
7F6B0
0002C
7F018
008B6
7FE1A
7FC00
00374
7F024
7F26C
7F504
00024
00252
7FE60
7EAB2
7FD2E
7FF40
0018E
00368
00228
007B0
00C1C
00000
00640
7FF34
7F468
7EF98
7FD04
00166
7FB8C
00058
00F26
7F8B4
003FE
00096
7FAD0
7FB0C
0024A
7FC00
005CC
00098
00A78
7FF78
7FC30
7FDF8
7FE4E
00150
7F5E8
7EE76
7F450
0036A
001C0
7FAC8
7FA8E
00FFE
7FA7A
00362
004BA
7F3EE
7F68C
0064C
002F8
00BA6
7FF14
7F648
004D0
00096
00610
00A78
00724
00200
00CD4
7F450
001C0
7FDE6
00374
000EE
00F28
009A6
002C4
005CC
00888
7F7B2
002A0
7FD9E
7EFA2
00602
7FE9C
7FCC8
7FACA
7F8E8
7F954
7F890
007EC
0099E
006E4
00154
7F9E4
0040C
00CBA
00B1A
00122
009FE
002BA
7FA9C
009D4
000F4
00538
007B4
00ECC
7FE58
000BA
00398
7EF02
00978
00396
0064C
7FDB6
7FE00
0091A
7F362
7F3F0
00048
00AE6
0046E
001A8
7FE52
7FE2A
7F640
7FDB0
002C6
0001A
7EB56
00092
7F400
7FC22
0061C
7FB48
7FB8E
7FF0C
00604
7F8B8
7F818
7F720
007D0
00842
003CE
0021A
7F962
0014E
00DEE
7FAC0
7FAFC
00094
7FFB8
7FC42
7FCD0
7F502
7F2FA
7F03A
7F7E2
00422
7F9A4
7F79A
00050
005E8
007FE
002D6
7EEC0
7FA58
00478
7F3C8
00B34
01414
00BDE
7F0E8
0015C
00652
00772
7FDDC
00378
7F1B4
7FE00
00288
00282
00D2E
00058
007CE
7FF9C
7F928
00112
00034
7FC88
00BD0
7FB20
7FCC2
0052C
7EA92
00200
7F472
7FC36
000DC
7F584
0032C
7F194
003AA
7FB64
00A0C
00AFC
00044
0015E
7F5A0
7FCA2
00616
003FC
7FDA0
7F744
007D4
00606
7F94E
007AA
00748
7F6FA
7FD50
7FCCC
004EE
00D8E
0133A
002D8
7FACC
7FE00
7F66E
7FD84
7FB50
7FFBE
0027C
7FBCA
7FFA6
7F89C
00C82
003B8
7FEE0
003CE
00D00
7F358
7F79A
7EC38
7F766
003B6
7FC16
7F4F8
003B0
00638
7F58E
00514
7F5AE
7FFF6
7FBD2
7FD48
7FE12
7F204
00748
00200
00482
00228
003D8
7F8CE
00314
00384
00514
7FA96
00812
7F658
7FFE4
7FFCA
011A8
0028C
00E88
7FC00
00D86
00900
0017E
7FFFA
00C4E
006EA
7F9D0
7FBC0
7FCAE
7F85A
004EE
00BC0
7FB42
00028
00A20
005FE
7FDD4
00152
7F77A
7EFE2
0013A
7FA50
00716
7FD68
007B6
00938
7F612
0068A
7F602
7F83A
7FF1A
00400
015E2
7FED2
00252
7FF58
7F864
7FB3E
000FC
0043E
00462
7FCC2
7EF56
005E4
7FD6C
00510
7F7E2
00000
7F846
0091A
7F400
7FD14
7F506
7F6C2
000BC
7F928
002BA
00EF0
7F4E2
00C5A
00960
7F95E
7E990
007F6
00F3E
7FBE2
004F4
00162
011E6
7FA26
000AA
7E9F2
00534
00868
00606
00AA0
0013C
7F6DE
0017E
007FE
7F976
7F944
7F400
7F6FA
7FDF8
003D8
7F748
7FED6
00DEE
7FEB0
7FF30
001EE
7EE26
0005E
7F15C
7F804
7F5F4
00678
7F758
7F2AA
7FB8E
00694
00BBE
0061C
7FE82
00536
7F664
00EF2
7FB88
7F430
00A82
7FC00
7FE3C
006C6
000DE
00436
7FE7C
7FCBC
7F8B0
7F980
7F5F0
004F4
00684
00376
00634
7F512
7FD2A
007F4
00392
000AA
006A0
00012
00B9E
00606
7FD92
7F864
7FD7E
005A0
7F522
00A42
7F3FC
0036E
7F50A
00800
7F960
7F768
7FBD0
0095E
7F9BE
7FD1E
006D0
00A68
7FB7C
7F1C0
00352
0046E
7F426
001B6
00566
7F404
7F72C
7F930
7FA7C
00236
7F9C2
7F820
7F55A
003AC
0037C
7FB92
7FEB2
7FDB0
00F64
7FDC2
7FAB6
00800
0013E
7F42C
7FF6A
7FC0E
7FC8E
7FEDA
7FC8A
7F924
002DC
00BAA
7F5D8
000D8
0047A
7FEB6
00470
003FC
00436
0019A
7FE0A
7FF56
7FE88
7FD68
7EB06
7FAD8
00108
7F980
00068
7FF66
7F93E
7F49C
00A00
00800
7F9B4
7F962
00004
00574
7FC50
0009C
0191A
7FED6
00182
7F7EC
7F7BA
0030A
7FF50
7F272
00764
003F4
0066A
7F8E8
7F7D8
7F72A
002F6
00666
00194
7F52C
00042
7EAEC
7FB2E
00490
7FD52
006EE
009DE
7FA00
7F760
00236
000D4
0099E
0053E
7FBCE
7F4CA
7FA18
7FC52
7FDF4
7F672
00234
005AE
7FD92
0008A
7F000
00AA2
00654
7F84C
000B0
00A8E
7ECF4
7F274
7FBC2
7ECAE
0059A
007D8
7FA96
7F494
006EC
00058
7FA00
7FB76
7FFD2
7F73A
002DC
7FCD0
00374
007AC
00DE4
7FBC4
00A2C
7FBA2
01594
7FBF4
00372
003CA
00400
7FE02
7F452
7F8DE
7FAD2
7F090
00078
002F4
0043E
7F926
00592
00CD8
7F5A0
01334
7FB5E
7F972
00A00
7FAF2
0072A
7FE8C
00C80
7F5DE
7FE48
7FEC4
7F8A8
7F5B2
7EF7E
7FF32
0008A
00024
007A2
005FE
00400
00266
00A98
008CE
00748
7FCF0
7FDCA
00A4C
00EAA
7FFE8
7F980
7FECA
01252
00150
7FF28
00F62
005FE
000E0
008BA
7F7CE
007EA
0017A
7FC36
7FFAC
7FB6E
01048
00050
7FB9C
002F4
7F78E
7F80E
7FDD4
003FA
7EF5C
00412
7F932
7FC3A
7FF66
7FFC0
00012
7F556
7FC88
0081A
00774
00216
0034C
7F930
00A6C
7F000
7FCA4
0011E
7FC50
7FFB6
7FA9A
0071A
7F2A8
0076C
00C7A
7F9F8
0060E
00716
7FD6A
007BE
004BC
005FE
003E6
0044C
7F812
00A84
00C5E
7FD00
006D6
7FEEE
00560
7F6C8
003E4
7ECB8
00BC4
007F4
010CA
00400
00832
0041C
00CE6
7F900
00050
00580
7F9EA
0048C
7F8AC
00836
005EC
7F82C
004D2
7F91E
7F9EA
7FDFC
7F99E
7F67A
0039C
004B2
00660
7F670
7F9EA
00D18
7F7F4
00718
0066A
7FC10
7FF8A
7F728
007DE
01000
00890
007DC
7FFE4
009AA
001DA
00700
00620
7FC92
0048A
7F960
7F48C
7FEC8
7F5AC
7FC7E
7F908
005F0
007BE
01976
7F370
005CC
002FA
0063E
0014C
7FDC6
0000E
7F5D0
00036
7FC2A
00DD8
00CBE
7F9AE
00BFE
7F628
7FCBA
001A6
7FFEA
7FD92
7FE9E
7F858
7FF80
008E6
000BA
006BE
7FD2A
00012
00AC6
00042
7FE04
008E0
7FE32
00AF0
7F8AE
00294
00992
7F472
0063E
7F300
7F3D6
00ACE
7FFD6
00750
7F63E
7F274
00200
7FB2A
001C8
00540
7F93C
7FB66
7ED86
7F71A
00712
7F93A
7FB92
7FDAA
7EE24
002FE
7F8CE
00C98
7F800
00BAE
00512
005E2
7F828
010B6
00404
7F888
7F4EE
7FBE0
008A2
7F85E
00568
7FBE6
7FCC0
0045C
7FE00
7F59C
00328
00124
7FAC4
00606
7FBB4
7F500
7F8EE
00A02
00508
00248
7F4E4
7FFA2
7F914
7F8D0
00000
005E0
005FC
7FD9E
7FBD8
7FB84
002C2
7F02C
00312
0033A
006C0
7F918
7FF8E
00F1E
0015E
00622
00A00
7F694
7FDD4
00D32
7FF20
7FDDC
7FB2C
7F5EA
7F9C4
7FE72
0056E
001AC
7FCC0
7F9D8
00434
00316
7F7FE
00644
7F5EC
00048
7F916
00772
009C0
7F3B4
00A34
7FE34
00B0C
7F644
000A2
7FFEE
003C6
007B8
00DFE
7F65A
00162
7FF5C
003B2
0142A
7FD12
0090E
0023C
7F230
0057C
01120
0006E
000FC
00340
00622
007F8
7FDEC
001F0
003D6
0041C
7F600
00050
00842
001CE
004D0
002EA
00178
0022C
7F11A
00262
7F8C2
00000
007E6
7FD1C
7FEBA
0094E
7FA3E
00C28
7FEC6
00BEC
7FB06
00C66
7EF40
7FE10
001B6
7FDBA
00AD0
005F6
00982
7FC5A
7F39A
002D0
7FB7C
7FB16
7F2E4
001C6
7FAD8
001BE
7FD2C
7F714
7FB32
7F0A6
7F670
00C00
003EA
00220
00400
009E8
00294
7FF0C
002DE
7F820
00378
009EC
00244
00F8A
7FBE0
000EE
0023E
7FE0A
00DEA
0011C
7F7A4
7F9F0
002FC
7FD02
7FEC8
00A42
01510
7FB50
00808
00B46
7F9F4
7FD7E
0048A
7F600
01024
7F6EC
000FA
0093E
00172
7F664
7F99A
7FDFE
7FD58
00B30
00012
7FD6A
0090E
7FE2E
7FD78
7FA08
7F90A
00030
7EBE2
00DD0
7FE20
00D88
7FFA6
000D2
0013E
7FA00
7FD32
7FE6C
004EC
7F56E
7FE46
001FE
0049A
00734
0077E
00D84
0108A
00DB6
7F690
7FE04
00440
7FF9E
00E9C
00F04
7FA96
7F5F8
00560
005F0
0046E
009A6
7FF40
0034E
7FC46
00CC6
7FDB0
7FB28
7FAA6
00346
7F01A
7FD26
7FB46
007E0
00166
00600
7EA32
7FAA2
7FF84
00E92
7FFFA
7FFC8
7F260
7F7C4
00AC6
00022
007FE
7F74C
00436
7FBE6
7FB5C
00800
0032A
7ECE8
7FE4E
00372
7F7F6
001BA
7F1AC
7FA1C
006F2
7FD78
7FC3E
0048E
00166
00AFC
00758
7F600
7F63A
000A0
008FA
7EE98
00C14
00D3C
00616
0003C
001B6
7FE28
7F9B2
00038
7F338
7FD86
7E9FC
7FC00
7F7E0
7FC86
7FEF4
7FF62
00912
00C8E
7F63A
00DE6
7FA7C
7FF8E
7F2EA
003EC
010AE
00046
7FC4E
00800
0013C
00278
7F8F2
7F93C
0042A
00D30
7FC82
7FD2C
7FD3E
7F958
7FA00
7F240
7F2F2
008C4
7FEDC
7F408
7F1F6
7FAB2
002C0
7F412
7FE4E
0041E
7FA84
0007E
00388
7FE6A
006A8
7FA76
00AB0
005E0
7FA92
7F000
00058
00196
7F6DE
00E0E
7F6A8
001E8
7FD18
002D4
004DA
00202
00BE6
7F68E
003A2
7EEE4
0093C
00400
003B2
7FEEA
0005E
7FCB0
00530
7FA6C
00E70
7EF8C
7F7CC
7F89E
7F522
004DE
00BBA
004D8
00608
7F400
7FC66
7FB66
7F332
7EF96
7F832
7F962
0081E
002D4
005BC
7F9A4
00126
00064
0065E
0048C
7FE82
0000A
000B4
7FFDE
7FE44
7FA0A
0080C
7F00C
7FAA2
7F264
003D6
0142C
009AA
00528
7F56A
00AF0
7F4EC
00000
009D4
009F0
7FE62
00992
0028A
00BE6
00FDC
7FD24
7FD30
003D4
0011C
7FB30
002F6
7FAAA
011E8
7FC02
7FF74
0087A
00090
004CC
00284
001BA
7FC72
7FDAA
00E42
7F09A
00838
0074A
0009E
00EB4
00702
00400
7FBB0
00AB8
7F694
7F748
7FDB8
00056
7FF16
7EB6A
00CE0
001B2
7FB42
003CE
004F4
003E6
00AF0
7FC06
7F9F4
7FF2E
7FFC2
00020
007C4
7DFBE
7F714
7FED8
7F480
00BA2
7FD52
00CB8
009AC
7FF44
00010
7FC00
00A98
7F620
7F9FE
000AE
7FCE6
7FFDA
7FA9E
7FC78
00222
7FADA
0008A
00C00
7F8B2
7F494
7FBC0
7F420
007C0
007DE
00DB6
7F806
0056C
7FCB0
7F870
7F928
0045E
7FFAC
7F8C4
00330
000A0
7FBE0
7FFEA
7FC00
00744
7F8A4
7EF74
7F73A
00E38
7F8BA
7F1FC
7FB2C
7F516
7F294
002F8
0019E
00B6A
7FB5E
7FD4E
7F800
7F866
002DE
7FD72
00024
7FCC2
7FC20
005EA
7FFA8
7FF7A
000C2
7FA86
00086
7FFFA
7F8D0
7F722
00000
7FF0C
002E2
7FE08
000C6
7FDCC
005DE
0078C
000D4
00930
7F4FE
7F0FE
000B8
7F4CA
0025E
001A6
7FC00
00EF0
004E8
0076C
7F7DC
7F990
00896
7FE36
7F458
00FE6
0045C
003DC
00D20
00228
7F622
0078C
00400
00422
7FA36
7FF04
7FD50
00128
00490
00942
0052C
00E38
7EEAC
00A84
7F7AE
00156
0013A
7FDCC
007F8
7FF3C
01710
7FD1C
7F586
7F768
7FA70
7FA8E
7F532
002A8
001FC
00B70
00286
00452
01642
00C12
7FC02
7FEA2
7FF30
7FE36
00058
7F8C4
7FAB4
7F83A
00ACE
7F83E
7FE26
0038C
7FABA
00958
7FBD6
00764
017EA
7FD86
7F2D4
00C74
7FCE2
7FA4E
00300
00820
7FACE
0029C
7FDEC
00AD4
7FB28
7FA1C
7FFE4
7FF26
00600
00BDC
00D4A
7F8A8
7F054
7FF54
7ED70
7FE34
7F5A4
00BFE
0079A
7F032
002D0
7FFCC
7FA18
0068C
005F8
7FC14
001F0
00A44
7FE34
7FCFA
7FD28
00620
013B6
00A66
00088
7F998
7FD34
7FC98
7FBE2
7F570
00200
00300
7FEF8
002E0
0020C
7FCEC
7F154
009F8
7EA5E
7F0F2
005DE
7FED2
002CE
7F596
0060A
7F904
001F8
00038
7F9C6
7FDA0
7FF74
7FB82
000D2
00332
7EC2A
00418
7F9EE
7FD74
7FD30
002C2
7F75A
01004
7FC00
7FDA4
009EC
008E6
00806
7FC88
0010C
7F658
7FF2C
7F3E2
00208
7FDBA
7FDD2
00054
7FD5C
006BC
007FA
7FD74
7F640
7FCC4
00574
7F12A
7FF88
0007A
7FA0A
7FAD0
00B72
7FB9A
0028C
00CE2
7FD9A
0085E
7F7FE
001D6
7F0A8
7FD42
7F656
004D6
002F2
7FFA6
004CA
7FC58
7F56E
7F7E8
003D0
7F6CE
00692
7FEA6
00BDE
00864
7FBD0
7F9D6
00424
7FAC4
0046A
002E2
7FA00
7F42A
00098
7F6D2
7F3E2
00A2A
00652
7F472
7F800
002C6
7FF1E
7F6A2
002F4
7FFDA
000B2
003DA
003A6
7FCCC
002E0
7ED5E
0086E
0076A
009D4
003A6
00400
7F740
7FF40
00A68
00CBC
001D8
7FF86
0008C
7F584
7FE74
00064
00262
7FC7E
00278
7FEE6
7FA6A
7FC00
7FBA8
7FC72
00B82
7FDBA
7F76A
7F55A
7F8BE
7F858
7F6BE
000EE
012BC
7FEE2
7FD80
00960
7FB58
00000
7F702
7F1DE
7EB72
00A90
00A32
0071A
7FAD8
0067A
7FAB2
7FF18
7F582
7F432
7FBEC
00132
7FE94
00400
00386
7FC72
7FBF4
7F440
7F97E
7FFC2
7F9EA
7F804
00312
01488
7F420
00154
7F7F8
009E6
7FC04
013E8
007C8
7F97A
7FE26
7FC14
000FC
00844
00B04
00256
7FCCA
01134
7FB64
00A04
008F6
00DA0
00832
7FC00
00500
7FCEE
7F736
00D64
00830
7FCAE
003DC
7F804
01326
7FD26
7FAE8
7FD06
7F8D2
7F5FC
7F40E
00BF2
7EB86
00438
00872
7FA4A
7FE5E
7F256
7F7F2
00DA6
00C72
7F604
000A0
7FF9A
009D6
00B5C
00252
00000
7E618
7F644
7F8CE
7FED6
00A36
7FD50
0037C
7FDE8
7FC64
7F75E
00662
00184
7FF86
7FED0
00672
7F60E
00E48
7FA04
00366
001AC
008D0
7EF22
7FB68
00562
006A6
00D94
00328
004C4
0099E
00216
004F6
00400
7FCDA
0035A
7F8BE
7F0C2
00818
7FDFA
00290
7EA2C
00886
000A4
7FE54
7FBAE
7FD32
7FE3E
7F16C
005FA
7FE34
7F5BE
7F30E
7FEDC
00318
7FA50
00098
00296
009CA
0110C
7F4B2
7FE0A
7F6BA
7FC40
7FC78
00200
00866
00840
00234
7FBB0
00110
7F57E
7F7F0
00A4A
00026
7FF46
007F6
7FC28
7FC82
00D4E
7F6C6
003F0
00D34
7FC2C
0008A
7FBBA
7FEAE
006E0
000BE
00492
7FA8A
7FF50
7FCFA
0023A
0065E
7F582
0037A
009FE
00894
7FBCC
0014E
009DA
00304
7F5CE
7F946
001B6
000F2
7FC12
0099A
7F664
009D0
000C0
00868
007EA
7FBB4
7FD70
7FC7C
7FE9A
00662
7F504
012AA
0076C
7FA72
7F7C4
000CA
7FB80
7FA10
0056E
0083E
00000
7FC3A
00B42
7F7A2
0070C
00486
00302
00AE2
00096
7FE5E
00A2E
7F942
01300
7F12A
7F724
011CA
005FE
7F754
7FBB0
7F964
005BA
7FF48
7FF06
7FF6E
7F946
00076
002BC
7F21A
7FFE4
7F86A
00468
00B7C
00FFE
7FBCE
006E0
7FA1E
7FE20
00444
7F322
00290
0036A
00ECC
7FC9E
005F8
7FD78
7F508
7FE1C
7F464
7FA02
7FEDA
7FA2A
7F51E
00518
00D48
002D4
7FDF8
012B8
00F76
7FE78
00C7C
7FFA0
000B8
7FE58
0056C
7F800
7FB0C
00076
7FE2C
7FCD2
0076E
7F6FC
00F16
00974
7FD7E
00536
7F9D0
00316
7EE98
7FA2E
7F4A4
001FC
7F4B6
7F7A2
7FA3A
00128
00354
005E2
7FDF0
7FA1C
014D2
7FB4E
7F828
00694
0070E
7FBD6
7F8E0
00000
7FFDC
7FAA4
7F480
004D2
7FE8C
7F244
7FB1C
0068E
7F584
7FA36
008BE
7F8EE
7EC62
7F7BA
0005C
7FDF4
011AA
7FD58
0030C
7F53A
7FB7C
000E2
001DC
00DDE
00226
7F558
00A20
7F56E
00DE4
0024E
0136A
00400
007E6
7EE3C
009E8
7F36E
7FC9C
009FA
7F8EC
00298
003FA
005C8
00098
00934
0003C
00720
7F36A
7FA06
7FA40
009A0
7F3E6
00952
00410
7FEC8
7EEB4
0055A
7FD88
7F5AE
00760
7F966
000FE
0059E
7F2BE
00800
7FE96
7F6AC
7FD1C
7FE76
00274
7FF8C
00568
00566
0060A
0000E
00DA2
00194
006F6
7FD30
7FB9E
7FA02
7F72E
00644
0039C
004BE
0064C
007BE
7FE5C
00298
00534
00FC4
7FDE8
00BC8
009B6
0060A
000F4
7FA00
7F0E0
7FB48
0022A
0055E
7EE16
00B7E
0094E
00976
7F614
7FB58
0047E
00288
7FA1E
0079C
7FB34
007F6
00754
7F3A8
00364
7F28C
7FDDE
7FE30
7FE0E
7FD72
00826
0041C
00958
00862
0005A
00E40
00644
001FE
00CAE
004E0
7FC1A
004A2
005F8
000AE
7FB4E
00688
005C2
0038E
7FA76
00106
001F0
7F8D2
7F9AE
003F6
00102
000DC
003F6
7FB54
0081E
7FA88
7F7CC
7FA94
001C4
0083E
7FD40
00BFE
7FE24
00C8E
7FF42
00000
7F69A
7F9A4
7F256
7FD02
7FED6
7F88A
00EA2
7F85A
7FCCC
7F9AE
7FDC4
00AF4
00C20
7F9DC
00C4A
7FC00
00186
00104
7FA44
00A0C
7FF96
00718
0063E
00824
000F0
7F102
7F504
0195E
005E0
7F018
00598
7FC00
7FFAA
7FAB2
00098
00156
7F85C
000FC
7FD20
003A8
7F9C4
00B2C
7FF08
00108
0038E
7EF1C
7FD52
7F802
7FE26
00050
00A8C
7FF9A
002B4
00BA8
7F1EA
7EBDC
7FBEA
7F47E
7FFD0
7F2A2
00798
7FAAA
0037C
00400
00574
7F4DE
7F688
7FF20
00BEA
008D6
000F0
005AE
005D4
7FF44
7F25C
008C6
7F888
7F956
00462
00400
7FCE6
7FA08
009F6
01114
7FF20
000A6
00DF2
7F934
7F9BE
7F76E
7FAC6
001A0
7FFEC
00A0A
7FB14
00800
00A6C
7FC44
00060
00062
0013A
7F958
00684
7FA5C
0097C
004E8
00484
7FA0E
7F82E
7FAF4
00A3A
007FC
7FF90
7F3FE
00802
7FF52
007E2
002D0
00234
7FEE4
005D2
00562
7F394
7FB8C
7FFE2
7FBFC
01078
7F400
00118
7EFC4
0046A
7FE4E
7FB22
0015E
7F1F4
7F326
7FE56
0013C
7F89E
7F506
004EE
7FB44
000D6
003F6
003B2
7F5E2
00C0C
00202
00446
001F2
7FCFA
7FB2E
7FAFE
00110
0027C
000EA
00700
0057C
00F98
00400
7FC0E
7FC50
003CE
7EF9A
004FA
7FBDA
0008C
7F8DE
7FC4C
00B1C
7FC76
009D6
7F1A4
7F696
7FC2C
00BFE
003E8
7F77C
7F692
0081A
0059C
000CE
0030E
000D6
7FA36
7F954
7F24C
7F848
003AE
0089A
00C04
7F600
009BA
7FDDE
00090
7FF6C
00904
0084A
00970
00406
7FF7C
7FE7E
7F32A
001B4
7F334
0122C
7FFF8
7FDFE
7FFEE
004FA
00B7E
00F00
00366
7FA8A
7FF9A
7F394
006B0
0128A
010DC
7FF8C
7F65E
01564
003E4
00202
7FB82
00044
7F76E
7F966
7FBEA
7FD02
7F78A
003F8
7FF3A
000E2
7FBBA
7FA54
7FB7C
00AFE
7F576
009E4
7FF2E
7FF3E
7FF7E
00052
0038A
7FBD4
00120
00480
00182
7FB98
00914
7FC7E
0037E
001A6
7F9C4
7FC00
7F676
7F7BA
7FEC0
001A4
0052C
00804
00232
7FD12
7F4F0
0043E
7F0B6
0081E
010A0
00428
7FDB4
005FE
00C18
0012E
00A52
7F0B2
7F310
0031C
7FFF2
00368
7F626
7F914
0034A
007B4
0009C
7F880
00CEE
7FC00
7FAF4
7FFA2
7FA92
7FED8
7F240
7F676
0055A
7EEF0
000F0
7FCAC
7F398
7FD0C
001F8
7FF88
7FC58
7F200
7F560
7F774
000AC
7FED4
00798
7FE6C
002F2
00094
00A74
7F600
01410
0031E
01154
003CE
7EE92
00A00
7FD28
0038E
7F6BE
7F678
0012C
01022
0029A
00294
7F1A4
7FF24
00378
7FD42
7F666
7FABE
00A84
00004
00102
00A60
7F910
0029C
0097A
00A90
7FD22
7FC44
7F7DE
00A02
7FB84
00F76
7FF60
7EFA6
7F7EC
7FA00
7FF48
0014E
7F282
006B6
7EE8C
7F2D2
7FC22
00568
7F9DC
00622
7F4BA
7FCA0
7FDB8
7FC80
7F992
7F408
00C60
7F316
0031A
00034
0001C
7FB6C
00458
7F3CA
002E4
7FE5A
00070
00696
00348
0003A
00A50
00A00
00926
7F074
7F76C
7FFE6
00270
006E0
7FA68
7F4EC
00592
7F180
7F518
7F530
7FB9E
7FEB0
00B8C
7FBFE
0065C
007AE
001BA
00AF6
00042
00302
7FABA
0069A
00670
0071C
00622
7FA28
00FA2
0012E
7FD7A
00200
7FD04
0052C
002A4
0039C
003FC
005B0
0119C
00310
00502
7F628
00B98
7F9C2
7FB6A
7FE40
7EC40
7FFF4
0090A
7F2C6
7FE86
0096A
003A0
00064
7FEF6
0096C
004A2
0012C
7F390
7EF20
003A2
011D2
0102E
7FE00
0059E
00882
00A56
7F95A
00384
7F37A
0074E
00530
7F46C
7FFC2
00844
000B6
7F764
00CF2
7FF4A
7FE06
7FBAA
7FC5E
7F5F4
7F34E
007C4
007D8
0006A
7F930
016F0
7FAEA
7FD5A
7FAA0
7ECCC
7FFE0
7F728
005FE
00774
001A0
009C8
7EFD8
0097C
004FA
00CCE
00ABE
7FE7C
00596
006D6
7F87C
0060A
00DE0
001B6
005F0
002EE
004B2
00556
7FBA6
7F474
00468
00486
7FED2
7F5EC
7F476
00F54
0042C
00136
0007C
0036E
00C00
00598
0073C
01292
7FDD6
001DE
7ECA0
009AE
001A8
7FEA2
00354
7FAA6
7FDEE
7F940
00392
00088
00002
0068A
7F7D6
00B14
00538
7EE6C
007BE
00640
00DA4
00DEE
0084A
00DEA
005CA
7FABA
7FD5A
009E4
7FC00
7FF22
00062
003E2
0022A
7F3E6
7FEB6
7F58A
7F656
01132
003D0
7F39C
7FFBA
00A44
00084
7F106
00000
7F82C
7FAE2
005F2
7FAC6
7FF20
00744
0039A
00256
000B6
7F634
007A2
7EC90
7FC82
00434
0102A
7FA00
7F574
00824
7F5AC
00560
7F5FC
7FB12
00830
006CA
7F3B0
005D8
0034C
0051A
7F60A
004B2
00066
011F8
0106C
7F65E
00140
00A8C
0062E
00440
7F9A0
002D2
7EC12
7EE76
002A8
00C14
7F7EA
0015C
00E38
00200
0006A
7EF44
7F81A
00172
007E8
00366
0056E
0012A
005BC
7FB16
0090C
001B0
7FA44
7FF00
00090
7FA04
7F90C
0024A
7F684
7F6A0
7FA36
7FD46
00714
7FD26
7F016
000A4
0002E
7F516
004CA
7FAF4
7EDD0
7FE00
7FD18
00206
00952
7FFCC
0070A
7F6B6
00A16
00096
7F4D2
7F4F6
010A8
7FAB4
007E2
001CE
7F236
00008
003F0
0019A
7FD40
0097E
7FDFA
7FCE2
002BA
7FD12
7FFBA
002AC
0137C
7F2B0
00800
7FD86
00FF8
00200
7F58A
7F11A
7F46C
7FD66
7ED80
7F8EE
004D6
00362
00762
00670
7FFB6
7FA7C
7F488
005B6
000F6
00002
7FB72
0034A
7F824
7F94A
7F6DA
00046
7FEF2
7EEEC
00226
7F9F8
7F8F4
00828
0023E
7FE52
7FC5C
00000
7F58E
7F8A0
000E4
007E0
7F2FE
003CE
7FCFC
7FE94
00962
0020A
00F2A
00CAE
0084C
0025E
7FE8E
7FA0E
000AC
7F00A
7F58A
7FC96
00254
7F0D8
006DA
7F8F6
0003E
7FEAA
7F75E
7F408
7F7CA
009BE
7F892
7FFFE
7F904
7F538
00666
7F9AA
00CBE
7FB1C
00488
00176
00D16
7F518
7F932
00836
7F54A
7F14C
7FDF6
005F0
0006E
7F95E
00588
7F9E8
00158
7F77A
7F97E
00714
004D0
002FC
008D0
7FF12
7FBDA
00B68
7FDEE
7FC00
7FD0C
00502
7FA92
001A0
7FAF4
008C0
7FD00
0063C
00A0C
009B8
7F9F6
00598
00096
7FA68
7F860
7FE00
006BC
00996
7FD0A
00F1C
00164
7FA48
7F318
7F01A
00EF6
7FB40
00660
7FD52
009E6
7FEFE
00972
007FE
7F42A
000D2
0074C
00CB6
7FEA4
7FC78
7F6CE
7FDC2
00410
00380
7FB54
00410
7FE8E
0036C
000BA
7F600
00B40
00094
7FA68
00A88
00302
0007E
00100
003E6
7FB06
00784
0064E
00104
7FDA2
0032C
7FA40
00A00
00840
00B86
7FA4C
0023E
7F6B0
00CCC
004A8
7FB6A
7F980
00BC8
004CC
00A0C
00634
00B2E
7FC26
003FC
7FF94
009E6
00288
7FBC4
0055A
7F8A8
7FD06
7E95C
008C4
00166
7FF1E
00082
7FAA2
7F790
7FD32
005FE
7F66E
7F7CC
7F7BA
00E2C
00B56
7FA08
001A4
7F89C
00128
00120
7FD3C
0065C
005A2
006EE
7FB18
00BFE
0040E
7FAB0
00924
003C4
00634
0088E
7EF1C
002B8
7FEDA
7F9AC
7FC82
7FF00
00728
7FE5C
7FDF4
7F800
7F4CE
7FBBA
7FCE6
7FDF8
7F722
7FEA4
003AA
00496
7F4A0
0111E
7FF48
0018A
7FBF8
008A8
00B7C
009F4
00C3A
7FB9E
7F614
0005A
00BA6
7E6A8
00E02
7FE38
000E0
0092C
7FBAA
004BE
7F500
7F51C
004CE
00000
00520
7FE8C
7FD64
7F73E
7FC8E
0022E
7FD7C
0075C
0133C
001E2
009C2
7FBA6
00864
7F8AA
7F476
7EE12
00524
7FB84
7FE3E
7FA88
7F570
7F54A
00ACC
7F5C0
0026A
0026A
7F618
7FE0C
7FB64
7FCF4
7F7CA
00200
7FB50
7F2AC
7F6EE
013B4
0019E
0065A
003E2
7EE7E
7F99C
7F8B6
7F534
7F47E
7F9D2
0018C
7FD14
7F804
009D6
7F5D2
003D2
003C6
01194
7F064
7FA16
7F3CE
00382
7FE62
01680
004A8
00670
00BD2
005D8
00602
000F8
004BC
7F95E
7F5FC
7FD66
000DC
009FE
7F188
7F90E
7FCCC
7F678
009E4
7FE2C
0006E
7FC9E
00000
001C2
7FD3A
0033A
7FA9E
000AA
7F778
004FC
7FC3C
7F6AA
001AA
7FB40
004EE
7FBC2
002FC
7FEDE
00600
007EC
00126
0005E
7FC56
002E4
7F5D6
7F81A
005A6
7FAF4
7F79E
7F958
7FE22
7F8CE
006DA
00A2E
005FE
00508
7F080
00CEA
7FD34
7FDC4
0097C
00D9E
7FA58
7F86C
7F704
7F85A
007B8
7F95E
7FF30
7F910
7F602
7FFA2
7FB42
7F6BA
7FE7E
01046
7FE30
7FF0C
7FA58
7FFF0
7F89A
00540
7FF08
0021A
0012A
7F496
00DFE
002A6
7FE66
0106C
7F7FA
7FD60
0027E
7FBB2
005A8
7F222
7ED7A
7FFEC
7FB1C
008B4
7F8CA
7FC64
7FC00
7FC7C
004DC
000C6
003B4
7F6F0
7F998
00A4A
00916
004DA
0023C
7FB8E
7FF94
7F3BC
7F6F8
00010
7F60E
00B30
00AD8
7F9F0
0041A
0080C
7F6B0
003A0
01052
0022C
7FD92
006F2
7FDD4
7F6CA
00784
7F6C4
7FC00
7F7DC
7F612
7FCC6
7FF20
7F1BC
00158
7F6E0
7FAF4
7FC8E
7EE54
7FB14
00344
00098
7FF9C
0088A
7F20C
7FE32
7FD88
00AE6
7F912
001AA
7FB18
008C6
7EBAA
7FA0C
7FEA4
004C8
7FF5C
00742
0052E
00E42
7FA00
7FE9E
002B2
00572
00CFA
7FA9E
0061A
7F684
006D6
7F2DA
7FFF2
005BA
7FBBA
7F558
00E74
00384
7FA06
00122
7EFD8
7FF4A
009B0
7FAA4
00360
7FAE0
00EC6
00624
7F154
7FC44
7F1EE
005C8
003E0
7FC5A
00A00
00EFA
005B4
7FD00
7F824
00CEC
00E48
00DD0
00130
00A4E
7FC48
7FC72
00A66
7FC20
00608
00864
001FE
0095A
00B0E
7EC6E
0011A
00468
00B76
7F424
00930
7FFD4
7FF36
7F836
7F808
0069E
7F454
7FFCE
00800
7FE14
00578
7F290
0014C
7F8D8
7EDF0
7F446
004DA
7F870
006E2
7FF44
00696
0007E
01402
00A54
7F01A
0021A
7FB00
0129E
7FDD4
00126
7FD1E
7ED38
7FB32
7FAEC
001BC
7FE42
7FF40
0060C
7FD94
7F6BE
00000
7FADE
00858
001BC
00984
00500
7F6AE
001D2
7FF2E
0073C
7FA26
0006C
00776
00B5C
0054C
00668
7F816
7FBAA
0071C
7F290
00742
7F42A
7EC7A
0048A
000D6
7F37A
00CF2
003F0
7F2BE
7F65E
7FB02
7F55C
7FA00
7F77A
00520
7FD46
7FAFC
00266
7F53A
003D8
7FAD4
7F096
00204
00422
7F65A
7FE56
00C24
0070E
00600
7EFCA
00270
00118
7FCBC
7FEBA
00D6A
00162
007FE
7FC72
7FA74
0026E
001A8
7F776
7FAB0
7FF12
00600
7F7E2
7F620
00516
7F9B6
00998
7F808
7ECDA
7F52C
002E8
01040
7FE50
7F658
7FBD6
001BE
7FCC6
009FE
006DC
7F702
7FDDE
00E94
7F560
00552
7FDD0
007FE
7FEBC
7FE94
0051A
001A8
7F992
7F76E
001DE
00A00
00F7E
7F63C
7F42A
7FEA2
7FCFE
000D8
7FC5E
7FAE6
7F0A6
7F8FC
7F536
7FD0A
0036C
7FD16
7FD1A
00000
0008A
00998
7F6C6
002BA
7EF06
001BA
7F0EC
7FB70
7F65A
00744
7FD02
005E6
00A30
7F76C
7F868
00600
7F7E6
002CE
01006
7FC38
7F8AC
7FAD6
7FECC
00906
00AE6
7F6FA
7FB5E
01360
0024C
0096A
7F4CA
7F80A
7F5AC
0030A
00488
7F27E
7F722
7FCF6
00EFA
7F8A0
0007C
0031E
00316
7F99A
00452
007B2
00AAC
00000
7F09A
008B4
7FCE6
0013A
7EFCE
0060E
7FEEC
7FE00
7F872
0137A
00494
00232
004E8
7EA1A
7F63C
7FFF8
004DE
00E3A
00630
005CA
000A4
0026E
004FA
00200
009B0
7FB6A
7F938
006BE
00132
7F6DA
003E2
00000
00478
7FCC4
7FEC4
0058C
009FA
7FFF8
7FB5C
7FDFC
0091E
7FCD8
7F22C
00C92
7F3AC
005BE
00644
00006
7FA0A
7FE9E
7FFEE
7FB68
7FEAE
00088
00952
001FE
00C28
011E4
00302
00266
001C8
00058
00248
00600
7FB82
00634
000DC
7FAE6
7FFE4
7FCA4
7FDC6
006DE
7F690
00304
00214
7FCD8
00C1C
7F2F0
7F0D8
7F616
7FE0E
006D8
000BA
7FFAA
7FB9C
0034C
011BA
7F536
004E0
0082E
0027A
7FDAC
00750
7FD56
002D2
7FE02
00028
006C0
003FA
7F8B6
7F6CE
0089C
7FFC0
00110
7FAD8
7F830
006DC
00206
7FB1C
004E0
00E72
7FE06
00A7A
00F58
0000A
004D0
0032E
7FA9C
00506
7FAD6
0059E
00928
00EEA
7FB8E
7FBE4
7F792
00992
00000
7F426
7FE9E
7F7EE
7FBE0
003BE
0008C
0069C
7F8B2
7F630
00CD4
7F7FC
001EC
7F660
7FE60
005C4
7F800
00576
00C6C
00CCA
7F6E4
7FFFA
7F77A
7FA02
7FD2A
7FE10
7E8F2
7FE82
00D78
00108
003FC
00582
7FC00
7F658
00D30
0052E
7FEF2
7F608
005FA
00A08
00F4E
7FADE
0079A
7FD4A
7FD98
0040E
00054
0003C
003FE
7F1AC
7F8BA
7F22C
7FE48
7FA2A
007AA
003B6
002D4
7F8A0
7F1A6
7F984
00304
0073C
7F7A8
7FCBA
7FE00
7FCAA
000D4
0045E
7FC68
7F934
7FA00
003F6
7FFD0
0045C
00194
7FB18
00326
00020
00474
0027A
7FC10
0035C
00258
00692
7F2EA
00722
00368
00088
00040
7F494
7FEE2
7F952
7FED4
0009E
00374
7FE66
7EA02
00518
7FDA4
00226
0093A
007E4
7FCDC
7FD2A
00836
007D8
00EAA
0051C
7F738
7FE6C
00C10
01544
7FC02
00558
00F36
00822
00776
7FC16
7EF22
0068E
7F7CC
7F4C0
000D4
7FAA6
006D0
7FC78
00292
01822
7F200
7FF5E
7FE44
7FCD0
7F894
00582
7FAD8
0081C
7F2AC
00586
7FB54
00A16
7FC10
7F774
001A2
00610
7FA04
7F9E8
00576
7FBDE
7FFC8
7FC6A
7F15E
00C56
7F9F6
00434
7FEAE
00432
00806
7FB12
005C4
006DA
7FA00
7FDBA
00BF0
7FC3E
7FDC2
7F9D6
0024E
002E0
00940
00540
7FECA
7F67A
7FFFC
7FE06
0012A
7FD60
7FA02
7FB04
7F600
7FFF8
001EC
00410
00BD8
001F0
7F9FA
7FA56
00190
00B04
7F40C
7F454
7FD0C
7F79C
00200
0031C
0015A
7F580
0088E
7F770
00822
003E4
7FDBE
00200
0057C
00736
00B7E
7FB32
7FC7E
7F694
7FC0C
7FAA8
00CFC
000C0
00508
0077A
0085A
7FD88
00AB2
00A5E
00930
00004
00358
010B2
7FEEE
00418
009FE
7F3C2
7F384
00910
7F782
0010E
7F80E
001F4
0063A
0067C
00C8A
7FC7E
00A0A
00352
7F99E
00C64
7F814
7F3CE
7FAEA
0064C
7FAF4
7FCE6
00AB4
7F6F8
7F146
7FC76
7F832
001F4
006F6
7FF38
007AA
7F374
00C00
7F866
7FD78
7F978
7FE60
00128
01F46
7FA8C
0003E
7FB5E
00AEE
0139E
00542
00960
7FCFE
0014C
7F600
0071E
0103C
7FBDA
00084
00706
7FB3C
7F06C
7FFC2
004B6
7F918
0094E
0015A
00A3C
7FCCE
0018C
00000
003D6
7FA46
0038A
7FE1A
7FC60
00184
7F33A
7F7C4
7FFBE
7F6D4
002CA
00190
00366
004F2
00340
7EE02
0065C
7FDAE
00598
7EAFE
00608
004EE
00534
0083C
7FB20
7FF7C
013C0
7FFD2
7F9B2
00046
0048E
00000
006D4
00982
7FBA2
7FCCC
0045A
00686
0058E
00DA4
7F326
7F9A2
7FCEA
7F898
00506
003E6
7FCA0
013F6
00706
7F9CA
000CC
7FD08
7FB14
7F13E
0060A
7FA5C
00B26
7F628
00828
001E4
7FCC8
7F852
00DAC
7FFFE
002CE
7F848
7FC5A
01818
7FE74
00036
00340
00258
00698
0004A
00C06
7FDCA
00B92
0072C
00524
7FC00
7F896
7EECE
7F210
7F60E
7F856
0026A
005AE
005A0
001E2
005A4
7FD5C
7FFC0
00C64
00246
00290
7F200
00502
00236
7FCF6
7F3AC
7F90E
7F6F4
00990
7E44E
7FF08
00BB0
00730
00632
00802
7FA4A
000C2
009F6
7FDD4
00EF6
00112
7F8B0
00012
7FA0A
7F2EA
7F586
0090A
7F8EA
7F91C
006E8
7FF2E
00092
7F1BA
7FE00
00118
00200
7FB20
00CD0
00036
0037C
7FE48
7EFB6
005F8
7F18E
008FA
7FEEE
7F5E4
00562
7FE0A
7F60E
001A4
00B72
00C8E
7F6EC
00114
00388
7FFA4
0067E
7F790
7FB36
7FC48
003DE
7FD3E
7F7C2
009AE
7FC00
7F6A2
00924
00D32
004AE
7F890
00E7E
7F872
7F6CA
0050E
7F5BE
0076C
00060
7FB64
7FA38
0083C
003F8
7FA7A
01310
007AC
004DA
00B5A
7FB40
004BE
0099A
008DE
7FDA2
0023A
00024
003C0
7FD44
0033E
00000
0067A
009F8
7FBCA
7F2D6
7F40C
7FC5A
003B4
7F152
7FD12
01432
00630
004AA
7FB70
003E4
7F2C6
00002
7F1E4
7FD0A
002B4
00384
00602
0021A
7FBD4
7FE5C
7FBCA
004FC
0037E
00A92
7F748
00C88
7FE78
00400
7EC80
7F548
7FF32
7F9CC
00954
0022C
7FDBE
7FC00
000E0
00476
7FD3C
009C4
00168
00BAA
00480
7FC00
0041C
00406
00C3E
7F770
7F564
00224
7FC98
00AD2
002CA
7FEF8
0074A
7FC10
0040C
00BF8
7F8CC
007FE
007D2
000B4
7F526
00EB0
004CC
7FDFA
7F7CC
7FC00
00524
00054
7FC7E
006B4
008B0
00DBA
0008A
7FFFE
00DD6
7F506
0001C
00016
001E0
7FCBC
7F8D0
0052A
00C3A
00D36
7F994
00374
7F124
7FB96
7FBE4
7F200
7FCC6
00410
000EC
7FBFC
7FF82
01270
01100
0012C
7F902
7FDCE
7F964
7F2AE
00AB6
0018A
0014E
001F2
005B2
7F2B2
0000A
00054
7F440
00002
7FBF8
7FD2E
001D0
7F9E6
7FC56
0069A
7FB6E
7F94A
001BC
7FA02
7F624
7F986
0031E
00136
004E6
00250
7F524
006CE
7F562
7F940
00800
7FF3A
7F004
7F46E
000AC
009FA
7EE1E
7FD6C
0059A
0027A
0127C
7F430
00EA2
002DE
00DF0
7F17E
7FD3E
0077C
7FA02
7F7D8
006DA
00800
7F46A
0152A
0082E
7FCC6
7F706
00538
7F946
7FB82
7F99E
7FB46
0042A
008C6
7FFE0
7FE80
008EA
00BF4
007EC
009FC
7F9C2
0037A
7F85E
7F7C8
7FCD6
00008
7FFB2
0064E
7F63C
0019E
00B86
7FAFE
7F82A
013FE
7FC6A
00A5E
00D74
7FE0A
7F9EC
00518
00FA2
00C70
001FC
003B0
7F7CC
7FA08
01004
7FBCA
00788
7FFF8
00888
7FF66
7F3A0
7F1C4
004D2
006EA
7F2F8
00000
0037A
001C4
00AB6
7FB8A
7F660
7F1D0
7FEAA
00200
00990
00140
7FF4A
7F93C
00A58
00370
7FB22
00AE4
01BE0
010D2
7F66E
0018E
0078E
7FCD2
7FD98
7FE00
00C14
00320
005E0
00224
7FFC4
7F98E
001E8
7FC06
7FD6E
009A2
7FA6A
7FB44
7FDCA
7FD18
0038E
7F602
00288
0040A
7FDD0
002C6
7FA90
006F2
7FCD4
00516
7F8C4
0044C
0026E
7F818
7F92C
7FEE0
006C8
001FA
00314
7FC26
00360
7F9F8
00012
7FC26
7F778
7FC00
008EA
7FC94
0069A
7F322
0064E
00734
006B0
7FC00
00A68
0057A
7FACC
7FD16
0082A
7FDC6
7EE6C
00E3C
7F906
0082C
003EE
00276
7F7A2
004A2
00398
7FE00
7F926
009C4
7F472
7FB60
7F6F6
001FC
7F692
006BA
00618
7F33E
00152
7FDB0
7FE58
7F792
0048A
00000
7FA60
7FEE4
7F8B8
006E6
00094
7FF26
00DA6
005C0
7F19E
00400
00500
7F98A
7FE74
002BE
0002A
7FDFE
7FA10
7FD28
00144
0089E
7F84C
00112
7FF3A
7ED48
00742
7F544
7FC84
7FE52
00390
0010A
7F5D2
00400
000C4
003C6
7F5FC
7FAD8
7F954
7FC16
00568
7FB72
0073E
00916
7F29A
7F98A
7FDFC
7F3F4
00D56
001FE
7FDC6
7FCBE
00A80
00996
7F782
7F5E8
7F6F8
0036A
7F53E
0040E
7FD5A
004CE
7F58E
00CA0
7FFCC
003FE
00284
7F7B0
7EC46
000AE
7FEB0
7F0F2
7FF76
7F8A0
7EE76
0080C
7FADA
0079E
7F6D4
7F9D6
00596
00DF0
0070E
7F13C
7F5FA
002DA
0072A
7F68E
002B2
00094
0084A
0015E
000A0
00202
003C0
00C14
000A0
00000
7F3E4
7FFBE
7FDA4
7FC64
7F60A
006E0
7F79C
7F728
00364
001CA
7F89E
7FC5C
7FEA6
7FC5E
7FE36
7F80C
7FDBE
00508
7FD42
7FCDC
0032C
7FE8A
7F554
7FE02
7FB8C
00908
7FC56
7FE7A
7FA9C
7FDAA
0065E
7FC00
7F82C
7EC60
7EE5E
01130
004B8
00308
00C90
7FCDE
00426
00E74
00064
003B2
7FD04
7F070
0079C
00BFA
7F968
00044
7F4E4
00588
7F178
7FAEE
003D4
7FE02
009C2
00558
00606
00188
00A70
00242
7FD3C
01600
0007A
009C4
7E724
0113A
7FEEA
7FE32
7FAE0
7FDBE
7F2C8
005A2
00B74
0072E
00142
0051C
7F948
00FE8
7FEAA
002FC
00D34
7FB8A
0105A
002C4
005A6
7F9CC
7F6E0
009EE
7F626
009D2
00F98
7FC4C
7F8AE
7FE02
7FD66
7FFC0
7F370
7F454
7FF5E
7FC9C
7FE5E
00632
00954
7F218
7FE2E
008BA
000C6
7FD1A
7FE2C
7FC0A
7FFFA
7F37E
7F030
7FEE8
0048E
00272
00CEC
00240
009AA
7FE4C
001EC
0061A
0016E
0019A
00A82
00800
7FDBE
0031A
003D0
00514
7FD5A
008F6
7F664
7F25A
00026
0024A
00AB8
00836
000F6
7FAE6
7FAB6
00800
7F6DA
7F384
7F51C
00162
7F8FE
00A9E
004E4
7F658
00100
00C0E
7F710
00640
00E82
00CC6
7F624
7F800
00120
00176
7FC22
002EA
7F6B2
00254
003B8
7FDA8
01186
7FD7A
7FDF2
00D6E
7F7B0
00124
0124C
00000
0026C
00242
00D88
0069C
00194
7F46C
002BE
001A8
0007E
7F9D4
008FC
00414
7FEE6
00CD2
7EFCE
00000
7FB2C
7FC08
00C8A
00736
00932
00F08
7FDDC
7FA5C
7FC9A
0051E
7FC8A
7F8D0
7FBBA
0052C
00238
00004
7FB20
00782
00286
00424
7F4DC
00FC2
7FB66
7FA5E
00988
7F6F0
0073E
00026
00D9A
7FD36
00CC2
00000
7FC2A
7EE74
7F7AA
7FCCC
003EC
7FD76
7F6A4
005AA
7F1CA
7FFD4
7FEC2
00338
00126
7F65A
0138E
00006
00880
0006A
7F60A
7FFD6
00EB0
7FCAC
00188
005A6
011D4
001D2
00564
7FBDA
0001C
7FE52
00750
00600
7F3EE
7FB02
00A3E
0034A
004BC
7F9E2
00210
00040
7FD10
7FE32
7FE0C
00158
7FF20
010AA
00060
003FA
00072
7F2DC
0007E
003EA
7F880
0015C
7FD6A
7F83E
00096
7EFEA
7FC2A
0018E
7E856
7F0FA
7FA76
005FE
00610
003D4
00844
7F836
7FD32
003EC
01062
7F7CC
002B6
7F71A
7F530
7FFD6
7FB18
7FB1A
00206
7FFFC
00652
7F3FE
00574
00884
7FF50
7FB36
006FC
7EFBC
7FA48
7F554
7FCBA
0053E
00868
008EA
0078C
00200
00180
7F770
00784
003C6
00C84
7FF80
7F6C2
00370
000CE
0072C
7FDA0
7F58C
0029E
7FB30
00164
00008
0068A
002FE
7FB04
7F7C8
007BE
7FD80
0043A
7F1D4
0146C
7F988
0013E
00312
00410
7F5F0
7F572
011FE
7F2FE
7FE7A
00DB6
7FE02
7FE58
7FD3C
7F570
00088
004A6
7FEB0
0081E
00694
0031C
0109C
7FDD4
00BDE
01308
00190
7FDC8
7FE7C
7FB08
00B62
00600
7FA42
00330
0063A
00CE2
7F8F4
7FD8A
7F892
7F312
7FC00
00364
7F98A
7F95C
7FF36
7FCF2
7FC6A
7FFF2
00568
7FC88
7F968
004CA
00A26
7FA90
005C0
7FED6
7FA02
00080
0048C
00D4A
00626
7FED2
002D4
004F4
00312
006A8
002D8
7F436
00336
7FF36
7FB42
7F100
7F402
00152
7EBF6
000EE
7FCCA
7F99C
7F426
7FEE6
00296
7FE9E
7FAEC
7FB1E
7F9D8
7F4E2
7FC2C
0068C
7F600
0139C
00048
7FB7C
7F5D8
00B06
006F2
7F4CC
7F4EE
7FBFC
7FE78
008D4
000C8
7FA52
00876
01100
00E00
7FF20
002AC
0030C
00028
7F5FA
7F9DC
7FD12
00242
7F31C
7F38C
00EA0
7F0D6
7F5D4
0028A
7F678
7FC04
7FCE4
7F99A
00570
7F32A
7FCF4
7FB1A
7FE18
7FDC4
0120E
001B4
7FC84
7FDD6
7FE98
7F8DE
7FBAC
009FE
00ABC
000A8
000EE
7F90E
7FE56
001B6
7FAAA
7F9C8
00C88
7FA22
7FF72
7ED26
7FFEC
00DE4
0030A
7FC0C
7FD36
7F56A
7FED6
00BAA
00678
7F070
0063E
0063E
000FC
00E52
003C2
7FC52
7FD4C
7FFAA
7F832
7F600
7F9CC
7F62C
006AE
7F6E2
7FACE
7FFD6
0010C
0056C
003CC
00654
7FBEA
7F6DA
0026A
7F6D8
00390
003FE
008A4
7FBCE
7FD92
7FD9A
00DB2
7F002
00972
00F04
7F2E2
7F880
7FDCC
7F5B2
004DE
7F9DA
7F968
7FE00
0006E
0048A
7FBB4
000A6
00618
7F512
7F6A4
00288
7F5DC
7FC36
008CE
003FE
00334
00188
7FF2E
7FFF8
00BA4
7FBD2
7F0B0
00ACA
005F0
7FD6A
7F3BA
000EE
7FE38
002AA
7FD00
7FF82
0078E
7FB72
7FEE4
00A00
7F2D4
7FA74
7F300
7F16C
005F2
0003A
7FD04
0012E
0048E
7FD36
008B4
000EC
7FBA4
0057E
0035E
7F612
7FBC4
7F5C8
002C0
7FEDE
00258
00900
004DA
7FC06
7FBD4
7FFF2
000F2
7FCA2
00D6C
7EFA8
001B6
00600
00AF4
007E2
00224
00A78
00B08
7FFFE
005D8
006BE
7F994
007BA
00408
7F7C2
0180C
7FB94
7F762
7FA12
00306
0022E
7FA96
7FD38
01A6C
007AE
003F0
7FC00
7FC5A
000BA
7FF9E
0129A
7FDF4
7FE76
7F814
00600
7F7C6
00A38
7F348
0021A
003DC
0140A
7FA32
0083C
00274
00186
008B4
007E4
00B28
00082
008B4
00800
00552
7F52A
7FE7C
0051E
7F9A4
0006A
7FEFA
7FCEE
7FFC6
7F3D4
00AEE
00C44
7FAC2
00398
7FA66
00DFE
001B4
00FB2
0065C
7F310
7FDE2
7FF76
7EEEC
7FFC0
003AE
00A64
0049C
002EE
00722
00896
7F5F4
7F400
7FB14
7FC3A
00468
7F5B4
7F5D8
0075E
00678
00B10
00038
7F4F2
001D8
7F8E6
001B6
7F7FC
001C0
7FE00
00270
003B2
7F75C
7FA1C
00CDC
001E4
00DB0
7F6F0
0062C
00004
007C2
00704
7FA68
0050C
00B64
7FBFC
0093E
7FA94
7F8C8
017C8
0041C
7F8F6
7FE0E
7FF6A
7F45E
7FBB4
7FBDE
00514
7F564
7F520
00398
00A00
7FD10
00E92
7F4BC
0021A
00284
7F7F0
7F836
0050C
006FE
7F4CA
7F9F4
7FE22
7F334
002B2
00168
013EA
0007A
00C0C
00878
00BDE
002A6
7FF9E
00452
7FCA4
7F544
0068E
7FE80
005B6
006E0
000D0
7FDF8
00A00
00800
7F984
001E8
001FA
00D44
0034A
000E4
7FF2A
7FE7E
00C64
7F532
00450
00A24
009DE
0006A
001FC
7F426
004D6
7FE1E
00872
001AC
00284
00118
0094C
7FE42
7FFFC
0000C
010D8
7FEBE
00872
7FFF2
00600
7FD8E
0058C
7F7A4
7E7F6
00470
7FAE2
00BBA
004D2
7F830
00B02
7FED8
000DC
7FF94
7F358
7F1C4
00DE6
7FD54
0041E
00348
7FDB4
00594
0075A
004D6
7F2AC
00224
7F0AA
7F598
7F9EA
01076
0024C
7F6C8
7FC00
00804
7FA3C
00264
7F79C
003DC
00A7A
00A7E
00280
7FC3E
00288
000E4
0145C
00ACA
004F2
000F0
007F2
008F8
00612
7F9F2
7FF72
008C4
00532
7F45A
004D0
7FEE8
7FDDA
7EE40
7FD00
00416
00754
7FF3C
00400
00B92
0025C
002D4
7FFE4
0003A
0062C
7F670
7F198
7F2A8
00926
7FDC4
00F20
008A4
006F0
7FC70
00002
7FC8E
7F7C0
7FBDC
008DE
00C10
7FFBE
7FB76
7FF28
7F2CC
7FC12
007CA
7FF30
7F628
7F70E
002C4
7F600
000EA
7F7DC
7F644
00A30
7F8D4
7F72E
00D30
002B0
00958
7FA08
0101E
7F90A
7F7AC
00440
7F82E
7F600
7FDA4
7F494
7F884
00E16
7F66A
0003E
7FA1A
7F856
00290
7FD9E
00224
004CA
7FFF0
7FCE8
7F9C4
7EE00
7EDF6
7FC16
001F2
00B74
7E848
7F40C
7F7DE
0194E
7FEDA
002A2
7FE2C
7F5FE
7FE36
009CA
002EC
00DFE
006F0
009CE
00316
7FC40
7FBCA
7FB8C
7FC74
003A8
003B4
0035E
0070E
00C2C
7F4EE
7FE04
00434
01000
7F970
00CFE
00A84
00922
7EFA4
001A4
7F9DA
00160
7F800
7F908
00904
00B4E
004C8
7F25C
003D0
7FA08
7FEE6
00760
7F76C
7FA68
7FC48
7FA8A
00782
7FA9C
7FA74
7F7A0
7FC6E
00386
7F8AE
00DC6
009EE
7F402
00042
7FA2A
00216
0034E
00920
7FF0A
00176
7FE9A
010D4
00504
00578
7F5DA
7FDE2
7F4AA
00614
7FA0A
002A0
7FCC0
001FE
00124
000F2
0100E
0085C
7FD72
00CC4
7FF0A
003BA
00346
00372
7FFE2
00C2C
00000
7F7D8
00944
006FA
7F6E2
001D0
7F6BE
00372
00602
00218
7FAE6
7FEFA
7FDA8
00890
7F722
7FE06
00804
7FE08
00998
7FA4C
7F7FC
00F9C
7F70A
000B2
7F992
7F9C8
00C4A
01130
7FC7E
0012E
7F864
7F124
7FC02
7F8FA
00152
7F70C
7FDDE
7FA2A
7FBA4
00400
005FA
0084A
00010
0058A
7FCBA
0090E
00688
7F00C
7EC0E
015C2
00718
006A4
01334
00FA8
7FB62
00A18
00A82
0007A
7FD62
001D2
00918
00876
00536
7F7EE
00200
003C0
0014A
008B4
003DC
0041E
008EE
7F794
00482
7FCA6
7F94A
7F8EA
0041A
7F638
7EBFC
00610
001F6
002EC
7F28E
002CA
7FEE8
7F9BC
7F570
7FACC
7F936
7FF52
7F5D8
7F29E
001B0
7F7CE
7FEBA
0068E
7FA00
008F0
7F078
004E4
006EC
00A78
7F586
7FD40
7F3AC
7FB32
00D26
006D8
000EE
00650
0098C
0032C
7F226
7FAD8
00074
00028
00622
7FC02
7F106
7FD48
7FED6
7FEA0
7FF04
7FD28
00908
00754
006D4
00352
00400
7F6DC
7FEA2
00D80
0039A
00382
00686
00920
7F52A
7F92A
00414
7F212
00426
00D7A
7F4D2
7F9F8
7F002
00FBE
007E6
7FD6C
7F508
7FC3C
7F810
7F3BE
7FB82
7FEC4
7FA22
7F8D8
7FB38
7F574
7FE6A
7F7E8
7F400
00282
7F724
002E0
7FA0E
0094C
00C68
00D64
7FAD4
00204
001CE
000DC
7FBDC
0061A
7FE5E
7FC28
7F000
0009E
7FCA8
00A58
7FD50
0018E
005F6
7FBB8
00C7A
000FE
005A2
7F764
004C6
007AA
7FD6E
7F0AC
00000
003D4
7F722
00604
0003C
00334
7F1E4
0062E
00DFA
00B98
00D56
012FE
008FE
7FD50
7F91C
006C0
009FE
7FF9C
00130
00282
7F226
00296
0027C
0048A
009E0
7F9B2
00508
00C0C
7F774
7F232
00B02
7FEAC
00002
00368
7FD02
7FF50
7FD72
7F7D4
7F2EC
7F8AA
7FA22
7F62C
00230
00684
00244
7FDD4
00538
0011A
7FE06
0069C
001B4
001A0
00040
00E0E
7FFD0
00288
7F622
7F704
0045C
0077A
7FD4A
006FA
7FF8E
7FCE4
7F800
0069A
7FB7C
01300
007D8
00346
00852
7FBE2
004F4
7EE30
7FDBC
0019C
00168
0014A
002C4
000FA
7FE04
00902
7FBA8
00B88
000E4
7FC86
00336
0027E
7F61C
003DC
0066A
7F970
005C8
00798
7F37A
7FDE4
00C00
0087C
7FCBE
7F478
7FEF2
0049A
00724
7FF70
012F6
7F924
7FFCC
7FEFE
0020C
7EECE
00256
0032E
005FC
00260
0040A
0016C
0004E
7FE74
0009A
00296
009EA
005B4
7F40A
7FCCA
00EA2
7FA00
00410
7F23C
00000
007F0
00222
7E8E6
000EE
7FBBA
00230
7F690
7FBFC
7F2B0
00AF0
7F2EC
0043E
7FBEC
00692
00390
00BF2
003AE
7F312
7FACA
00148
7F4B2
001F8
7F87C
005A0
00B34
7FCFE
007AC
00676
00608
00400
00646
00000
00ADA
00790
009F4
7F970
7FE80
002CE
7FEC2
7FC0E
00862
7F6DC
7F5A4
00B94
002E2
7FBD8
00C12
01BB2
7F9E4
7FD82
7FDDA
0044A
0067C
7FEC8
003C2
7FA5A
01010
006B8
7FDCA
00972
7FF4A
7F402
7FF3E
7FE00
00A74
7FBD2
00368
00714
00A34
00028
7F820
7FC96
7F410
0042C
7FDD4
7FE22
7FA8A
00496
7FBC2
7FC02
001F6
7FD4E
7EBB6
7EEF2
7FE9E
7FAC0
7F2E8
7F76A
00746
7FD62
7FC22
005BA
00DD8
7FCD8
7FD4A
00200
004AE
7F53C
01476
7FF0E
7FB36
7F952
7F4BA
7FF6A
003B2
00000
00900
0070A
00CBE
7FCB4
003E2
7FBFE
008BA
7F0B2
7FE72
7FAEA
0053C
0061E
7FB18
7F496
7F720
7FF68
0019C
00518
7F198
00782
00198
7FA00
7F78A
0045E
006B2
00712
00776
0029E
7F97A
7FB86
7FC34
7FEF6
001B4
00912
00494
7FEC0
001EA
7FE06
00AA8
00282
00F02
001DA
00662
7F81E
003F2
7F932
7F328
7FB10
7FB98
7FC1C
7FC24
0023A
7F9FC
00200
0049A
7ED28
00E28
7EED2
7F238
7F97C
7F44E
00C72
7FF1A
7FD6E
00272
7EDCC
7FF54
7FEA4
00250
7F606
7FD68
7F65A
0114A
01034
7FEE0
7FAD6
7FFC4
7FEDA
7F224
7FE40
7FCF2
7F51C
7FC5E
01150
7FE64
00800
008AC
00652
7EEFE
7FF0C
7EA18
00250
003FC
00DEA
7FEA8
008EC
00678
003E2
7F838
7FF62
7FE6A
7F600
0007C
7FEDE
7FD8A
7FDBC
7F890
7F826
008E8
7FBC6
7F5C2
0083E
0084A
7F758
003EA
7FCBE
7F890
7FC02
7F5F8
7FBEE
7FC72
7F628
7FA84
7FE0A
00884
7FA20
7FC82
00960
007E2
00486
7F02E
7F616
7F1C2
00DF6
00380
7F5E6
7FF12
7FD1C
0046E
00536
7FAB2
00442
0031E
7FE5C
00150
00036
7FB7E
00028
00722
7F800
7F1E4
7FB0E
7FA20
7F926
7F62A
0048C
01110
7FFC2
7FB0C
00332
00326
00AC2
004D2
00612
7F82E
00DE6
7FF44
00A68
00100
7F320
7FFFE
7F6C6
002FA
00040
0027C
0070C
7FE72
7F4B2
0048C
7FE46
7FF1E
00BFE
7FE84
7F94E
7FC7C
7FDBA
7EC06
7FF70
7F1F6
0082E
00934
7FF46
7F9AC
7F9B0
7FCFE
7F700
7FDFC
00DD8
7FAEC
7FBAE
7FD64
7FE30
009AE
7FF86
7F99A
7F7C2
7FED2
7FC58
7FFEA
7FEDC
7FD9A
00A62
7FB80
01000
7F9DA
7FABE
7F7F8
7F15C
7EDEC
00F66
003B0
7F602
7F53C
7FF50
006B2
7F9F0
7FED6
7F966
00106
00000
7F4A2
7F922
00A06
7F394
00086
003C0
0057C
7FD82
7FB6E
7F75E
7FEB6
006FE
7FE0E
7F89A
7FCB0
7FC00
7FB00
00142
002C6
004FC
00740
01002
7FB1C
7F600
7FCA4
7FCB0
7FC02
00464
003C8
7F54E
7F484
7FC00
7F13A
002DE
00536
00E14
015B6
006C2
00080
00E7A
7F60C
004A0
7FFE8
002AA
7F5D6
7FEC0
7FDA8
00A00
00B66
009F2
001D0
00546
0081A
00136
7F80E
00508
00E8C
7FB64
00530
7FFF8
0014E
7F664
7FAFA
7F804
0096E
0051C
7FB7E
7FB80
7F0D2
0040E
7FEC8
00B5E
00282
7F2C4
00510
7F8D6
005B0
7F2E2
7F8B0
001FE
7FEB8
0031C
00878
7FC62
7F794
0008E
7F920
7F6F8
7FDD0
7F346
0039C
7FF58
7FB12
00554
001FE
00BF8
7F900
7EEC0
0088A
7FAE2
7F278
7E48A
7FD6C
00888
7FB1A
7FDB6
7FA5C
7EFF0
00476
0071E
00672
7FA00
008F8
0029A
00C02
00AE0
7FF28
002DC
7F9E0
7F8EE
00264
7F6AC
7F734
00466
004F8
00420
00652
7F40A
0030C
00096
7F642
7FA2E
7F958
7F33A
00786
00830
7EF8C
005EA
00468
0012A
00298
7FA28
7FEE6
00200
00104
01608
7FBE0
00734
7F14A
00300
00B4C
00704
0031E
00702
7FC54
00A48
00280
002A4
00FD2
007F4
7FFDA
001FC
7F230
7FBC0
7F6FA
006EC
7F43C
7FFC0
7FDEE
00104
00126
007F2
01530
7FF18
000A6
7F000
00FD0
00826
7FFEA
00402
7FDCA
00D36
7FC38
0036E
00678
002BA
007E6
002B2
7F7E2
7FEA2
005D4
001F4
005EE
7FECA
7FF78
0019E
00902
7FC62
7F1AE
7FB72
01094
7EEFE
7FF7C
7F580
7F704
7FBD8
7FC56
00002
7F1CC
7F778
7FE8A
00ABA
007F0
004BC
7FCAA
00084
00778
7F7D0
7FE90
7F9CE
7F238
7FA22
7FCB0
7F61C
00880
7F986
7F120
00758
7FD40
7F510
001C0
7F896
0031C
00E98
00690
7F628
000E6
7F822
7F9B0
00A00
7FFA2
7FC8C
7FE8E
7F814
006FC
0056E
7FDD2
00894
00184
002C8
00704
00064
7FA94
7FFCC
002E4
00400
006DC
7EFAA
7FA56
007C0
7EFE0
7FD8C
7F8BE
00368
7FDBA
006BA
7F176
7F8FE
005E8
00076
00862
005FE
7FFDC
003A6
7FDF2
00B70
7FA1C
00B4E
0002E
00B68
7FF16
7FC1C
0050C
00416
001D0
7FF22
0089E
003FE
7FF4A
004D4
7FAD8
00CB6
0095E
7FD06
7FA02
00096
00752
005AC
00578
7FA84
7F80A
7F54A
006A8
00400
00E64
00420
001F6
0009E
7F6EA
7EF04
7FF2C
7FF5A
7FF9C
7FDBA
003AC
7EF22
7FFE4
003CA
0019E
7F60E
00B10
7FA6C
00518
00110
7FED2
004E0
0012E
0009A
0094C
7EFE2
7FECC
004C8
00436
0035E
000D0
00000
00330
7F5BE
0067E
0075A
00C7A
0040C
7F506
7FC98
7F5F2
00380
00BFA
7F804
00A64
7F4E4
7FAAC
005FC
01220
003BC
00278
006E8
0064C
01006
000B0
0035A
7FDA0
006EE
7ECB6
00428
7FD98
00BF4
00192
00400
7FD8C
7FDFC
00998
008FC
00672
7EF38
7F740
7F26C
7F2F8
002E6
7FCE0
00C16
00488
00282
00A6E
001FA
0033E
7F7CA
7FB1E
7F9A2
003CC
0069C
7F86E
7FF62
00066
7F76A
7FBF8
7FFB6
7FE7E
7FDF6
00C58
00400
7FA8C
004EE
002C8
00B62
7F196
00B94
7FDA2
01186
7F106
0092A
00BF6
7FD12
002A4
006A8
7F62A
00606
00340
7F796
7FF42
009D8
008B6
00C3E
008DE
7FC92
7F6AC
7FA30
0047A
00F0E
7FC70
7FB34
00CBE
7FE00
7EEDA
00160
7FBA2
00922
7FBDE
00228
0023E
7FD2A
7F5DA
002A4
7FC1E
003A2
01384
7F68E
0004C
7F616
7FB5A
7F9E2
0104C
00ED2
7F80A
00356
00244
01196
004CE
01568
7FBB0
0018E
007EC
7F6D0
007D8
001FE
7F450
7FC4E
0050E
00916
7FA36
7FEDA
7FA24
002D2
7F8A4
0048E
00ABC
7FC5E
00734
007C2
7FE8E
001FA
0051E
7FF7C
7FE8A
00EA8
7FF24
7F966
00C3E
00656
002D2
7FC30
7FDE0
7FE7A
7F6C2
7FCF4
7FE20
00A00
007F2
00020
7FB08
00A16
7FDBE
00700
0018C
013A6
7F550
7F29E
7FED4
7F7A4
7F90E
00850
7FA52
001FE
7F9EC
7FC02
00430
00774
00022
7FB3C
7FFFC
7FE00
006EA
0053A
7FE6A
00284
005D2
00610
00836
7FA00
7FA3C
7FCDE
7FD2E
7F840
7F738
7F0F2
00BE6
00856
0030A
7FD56
7FA0C
7FAB2
7F9F6
7FCAC
0017E
00200
7F52E
7FCA8
7F538
00632
7E90E
00728
00542
7FE00
7EF76
7F52C
00074
7FB20
00900
7FA9A
7FFE4
00400
7FB2C
00588
00508
0010A
0111E
7F47C
7FF34
002EE
00A4E
7F814
00458
7F8B2
00376
00DE8
7F2C2
7FDFE
00464
0022C
7FAB6
7FFBC
0011A
00448
7FDAC
00096
008EE
003C0
7F97E
0046C
00794
0000A
001CA
7FC02
00AD2
00748
006F8
7F828
7F950
00682
0059C
01102
006B6
00050
001E6
7FE2C
005A4
000A8
7F330
009F8
00140
00796
7FD98
7FF1A
00EE8
7F56E
007F4
00370
7FA58
7ED44
7FBF8
7ECCE
7F4E0
7FCB6
00DE4
00600
0030C
001C4
007FE
7FD92
00472
7F9C8
7F1F6
00752
0086E
000C6
7F630
7FF2A
0009A
00DDA
7FED2
005FA
7F536
009BE
7FAF8
0074E
0121A
00006
7FF18
7F276
003F8
7FC32
00540
7FA2E
00496
7F780
7FCD8
7FE00
004DE
0095C
7F980
00938
00ADE
00D64
000A6
7F0BE
0071E
00146
7FFFE
7F7CC
0007A
000D2
00672
7FE0C
7FFCC
7FE60
7FF4C
7F9E0
7FF16
00C08
003DA
7FDA4
00F76
7FE78
008E6
7F71A
7F9CA
7F6A8
0084E
7F200
0081A
0056E
7FE02
001FC
7F8A4
007B2
7F55C
00428
7FD24
7F93A
7FCF8
00AAE
7FF3C
009F6
7FD8E
005F4
00A30
002A4
00BC4
001F8
00AE0
00522
00114
00E66
0007E
7FC74
00436
00CEE
004DE
7F2FA
0026C
7F202
0002A
7FA96
0068E
001FE
7FBEE
7F3A0
00212
7E824
00BA2
006C8
7FC0C
00C72
01198
7F4CA
7FEEA
7FE08
7F5A2
7FD5A
7FDD6
001F6
00844
00AEA
00098
7FD82
7FE9C
0038C
004B8
7F3D4
7F25E
00310
01792
01C00
0092E
00506
7F86A
00846
7FC0A
7FF80
7F778
003E6
7F606
7FAFE
7F1F0
7F774
00014
00640
7FFEA
00600
001E8
7FD46
00146
7F170
7FAD8
7FCC4
7FE10
00512
7FBC0
01458
7F856
7F81A
7FD5E
7FC2E
00994
007FE
7FC30
7FC6A
7FC2C
7FB08
002C2
005B8
7FE1C
7F01A
005A8
0060A
00EEE
7FE34
7F658
7F796
7F6DA
7F600
00526
005F2
007CC
7FB40
7F294
7FE00
7FEB2
7F6F0
7F772
005EC
00476
7F23E
004AC
005FA
7F200
00000
7FD54
7FD38
0032E
00182
002A8
0081E
006AA
7F228
004C2
7F1DA
00836
7F0C2
0033E
01266
0065A
005FC
001C2
7E9A2
7F740
7FE0E
00946
7FBEA
7ED54
0003E
00696
7FD10
7F800
001A0
00A9C
7FC66
7FA50
7FC00
7FA36
7FF4C
7FE22
7FBB0
0025E
00608
00564
005E6
7FA9A
00A98
7FF34
7FED6
7F0A8
002CC
0024C
7FE0A
00270
7F6A0
00316
004C6
7FC1A
7FDE6
7FC36
7F7BE
7FE68
7F9D4
004E8
7FED8
7F70E
7F67A
00776
00200
7F5B2
7FEF6
7FE86
00074
001F8
002CE
7FF00
00DEA
0136E
003F2
7FFEE
7FC38
00136
7F6A8
0031A
7F7FE
7FBD2
7FEAE
7F2FE
7FC5A
0005A
7F2AA
7FE46
00B0C
0059E
00D84
7F0D2
0065A
7FBDC
7FA0C
7FF7C
7FE02
004F8
00206
7FA14
7F790
00186
001E2
00EF6
7FA18
0021C
7F8AE
0070E
7F88C
0021E
7F850
005A4
00800
002D0
00862
01112
7FBBA
00A28
00BEA
0074A
7FCEA
7FB8E
7FDCE
004D4
004DC
0029E
003B0
00AFE
7FE00
7FDC4
00148
00A40
7F86E
00D38
010AE
00336
00040
7FEE0
00A76
00DEC
7FC5A
0008A
00C44
7F914
007EE
7F606
7FC7E
7FFE4
00940
002E4
7FCD2
7FCA6
7F848
000BA
00594
7FE5A
7FAFC
00926
7FCD0
7FC0C
00E00
0197A
007D8
002C4
7FB18
7FB88
7FAE2
009BA
7F7D6
7FE7E
0004A
00A72
7FCFC
00070
001D4
7EE5E
7FC0C
00478
7F4BA
7FACC
7FB3A
006DC
00D54
7FBD4
7EFC4
004C8
7F532
002FA
003DC
00EA0
7FF78
7F578
00400
7F614
7FF70
0075A
7FBF0
7F2D8
0001A
00C08
7FF2A
00010
7F4AC
7FDDE
00974
7FB5C
00D58
006FA
00002
006A8
7F880
7FDFE
7FA36
00B8C
7FD5C
001E2
7FCD4
00338
7F656
00224
01690
7F37E
0016E
00C72
00BFE
0060A
00724
004CC
0088C
7FB0C
7F924
7FDA8
004D2
005A0
7FE50
0097A
7FD5C
7EF5C
7F884
0066A
017FE
00436
7FC3E
00184
7F94E
005B2
00966
7F9F6
7F72E
006B6
7FB60
00AD6
7EA9A
00C06
7F8B6
00096
00800
7F806
7FE84
7F8C6
007AC
7F854
00C58
7F334
7FF68
001C6
7F238
003A2
011DC
7F7D4
7F988
004B6
00200
7F938
000C8
7FA9E
7FA04
7FC9A
001CA
7FB48
0050C
00C5C
002D6
7F6BE
7FD4C
7FA10
7FE3C
002AE
7F800
00024
7FC10
7FD0E
00E66
7F492
002E0
0076A
7FC9C
0094A
7ED80
7FFD8
7FE94
7F710
7F828
0060A
005FE
00A92
7FA4E
7FBDC
7FFDA
0064E
7FFEE
7F4A6
7F6F8
7F340
007D4
0098A
0023C
000C2
7FF1E
7F816
7F800
7F7A0
00060
0059E
0014A
00E28
7FDAC
7FA14
00C28
00CEC
7FDC2
00130
00486
00D9E
0096A
005A0
7FBFC
01186
7FD38
7FACA
7FD2A
001BE
000B0
001C4
00CD4
7FE54
7FA84
01366
00768
7F326
7FB34
7F666
7F802
7F42C
0084A
7F9A6
7FB32
00542
7FE6A
7FBE2
7EFF0
008FE
7F89C
006E8
0048E
00DB4
7F9A0
7F8C6
003F8
7FFF8
7FFBE
7FF7A
7EE82
00910
008F0
7FE48
0072A
7F7B0
0096E
00196
00766
009D0
7FC20
7FE88
00C00
7FABA
7FE54
7F5E6
7FEA0
01342
7FFB4
00084
0060A
7F84A
00124
7FFA8
7F1F8
7FC36
7F8E6
00E88
7F414
7FB10
7FF3A
7F204
00782
7F878
00568
00C38
007A0
000E2
7FB76
0067C
00140
7FAB4
7F532
005B2
7FC00
7F374
00458
7FBEC
7F73C
7FCE6
002C8
7FA10
005F6
7F440
0095C
00DAE
7FF72
7FDB2
001CE
7F9EC
003F2
7EFEE
00068
0062E
00A78
00074
7F5B2
7F042
7FC58
0032C
007B0
00256
7F5A4
7F96A
0027A
7FB1A
00000
0078C
7F676
7F3F4
00610
00188
7FAC0
00DA4
00B2A
00E5C
00336
0113A
7F140
000A4
7F5E8
004E4
00000
7FA4A
7F8DC
002DC
007CA
7FEB2
0064C
7FE2C
7FCD4
7FB06
7F46E
7FC1A
7F362
00344
7F736
7F4C6
007FE
00216
0016A
7FD06
7F974
7FAE0
00026
0000A
010D2
00900
00222
7F9EC
00994
00AFE
0064C
7F9A0
007FE
00B96
7FBF4
00062
008B0
00076
0021C
00894
7F72E
00964
00986
7F936
001CA
00A36
7F946
00398
7FC00
004F2
0041C
7F76E
0060C
7F70C
7F79A
008D8
0016C
00DD6
7F4DE
0082C
00532
7F9A4
7F96E
7FF22
001FC
00960
7FCC0
00D00
7FF56
0012A
7F51E
0035C
7F574
00830
00A10
00534
7FBDC
00892
00E48
7F52A
7FC00
7F674
003EC
00E76
0078E
7F88E
00676
7FF7A
7FE9C
00C34
00A74
00E0C
002C6
00A16
7FCCA
004EC
7FE00
7FAF2
000DC
7FD50
00302
7F186
0072C
7F866
7F29E
00498
7F0F0
7FAE0
00C1E
00ADA
00112
7FC20
7FE00
7FC5A
7EF5A
009C4
00580
7F9C6
00470
7F3EA
7FDC0
000DC
7FA16
7FA16
009B6
7F98E
00586
7FAA8
007F6
007F2
0055A
7FBAC
7FF3C
00B82
0001E
0058A
0063C
7FCA0
7FC92
7F9F0
7FB4C
7FB22
00DC2
7F276
009FE
005BE
7F7BA
0041E
01082
7FCC0
7FD54
7FFC4
0063C
7FE64
7FDDC
00474
7F370
7FF1C
7F23A
7F7EA
7F80A
0091C
7FDF4
7F7E4
7FA98
003F8
7F878
7FEA8
7FDC2
7FC3C
00118
7F17A
00790
7FAEC
00026
7F7D4
7F600
7F89C
7FE6A
000F8
00148
7E874
7FE7E
00912
00354
7FAEC
7F426
00CD2
007BE
7FD5A
7F81E
013CE
7FA04
00EC0
007C6
000D8
7F976
7FFC2
7FE10
7F890
00126
012DC
002B4
00AE0
7E7A6
7FD62
0017A
7FE20
009FE
7FABA
7F6C6
0039E
0045C
00324
003E0
7F360
7ECE8
7F14C
7EA80
00228
7FB7A
003CE
0087E
7FE32
7FE08
00304
00406
7FC92
000D0
003A8
7F9F2
7FFDE
006D6
7F75E
7FDB8
7FF56
00516
7F6FA
00368
7FF88
7FA00
7F8AE
0032A
7FAC2
7FF72
00296
7FB24
7F7C6
001C0
7F324
00CB2
006B4
00E70
0058E
00D66
7FD54
003FE
0047A
00376
003E2
7FA3E
7FC88
00EFC
00622
006BA
003D2
003A4
7FC7A
0047A
00CC6
001A8
001F6
001FE
7FB14
7F9F2
0004C
00636
7F318
001FA
0044E
00A3C
0062A
7FEC8
7FDDE
7FCDE
00698
0026A
7F9F0
00000
005FA
0041A
00560
0001A
7F48E
7F896
0083C
7ED46
004A8
00C2A
7FA9C
7F036
0004A
009D0
7FC50
01000
00910
7F38A
7FF82
7F826
7FE70
7FEB4
7F3C6
00098
7F7AA
7FAB0
7EEAA
7FE34
00248
7F7A4
7F632
7FA06
0147C
00152
7F8F2
7FF18
7F436
7FAE6
004E6
00092
0038A
7FE36
00F8E
004B4
7F81E
7F464
002BE
7F802
7F776
7FB48
003BA
00104
002F4
7F1A6
7FB7E
00368
0071C
00B18
7FD86
000A2
7FF86
7FAD8
7F9FA
005FE
7FE4C
007EE
7FBD8
7FFBA
00714
7FCD8
003CC
0036A
01100
7F400
7FC40
7F478
002CC
00132
0051A
7FA00
0036E
7FE28
0064A
7F49E
003AC
7F6B0
7FA88
7FBFE
7F9E0
0010E
00622
7F59E
004C6
7F740
00500
001FC
0089C
015FA
00E4C
00B58
0036E
0043E
7F286
00598
00E94
003B0
00570
7FED4
7F3A4
007E2
0094E
009FE
001D6
7FF80
7FECC
00498
004F0
7FD54
0021A
7FC00
7FA96
7F54E
009EC
00B9C
7FF4C
7F8D0
00122
001FC
7FDDE
7FFAA
7F99C
7F378
7FD06
7FFBE
00660
7FA54
7FCA8
002AC
008D4
007FC
7F3DE
0001E
00FB2
00800
00A64
7F4C0
7FF64
7FB9A
0035A
00016
00EFA
7FD28
7FCF6
7FC00
001BE
7F69C
7F3BA
7FDAE
00D04
7F812
0068E
00A46
7F914
7E968
009B4
7F914
005CC
00BF2
7F170
00050
7EF20
7FA6E
00A60
00368
0078C
7FC00
00338
0035E
00CCC
7FB40
00498
003F0
7FAEE
002C4
7FA48
7FFF4
00888
7FD12
7F49C
7E884
7F64E
00BE0
00902
005AA
7FD26
007BA
01348
00606
7FE02
00C00
7FE92
00BB2
008FC
00A00
00374
00330
002C0
00000
7FC1E
7FFE2
008F4
0014C
00142
7F6F0
0067C
7F9C2
00740
7F4DA
7FE9E
7F2A4
7EF16
7FE60
00750
009FE
0045C
7F342
00A1C
001F2
7FD92
7F8F4
7FE90
7FF6A
7F63E
00372
7F74E
0089C
7F63C
7FE32
0010C
007FE
7F77C
7FC16
0032C
7F638
00604
0019A
7FAA6
0023E
7F9D0
7FBD4
00062
7F73A
7FB5E
7F78A
7F9FE
7E602
7FEC6
0031E
00396
00688
004FE
000DA
00704
7FC96
001F6
00984
7FFDA
7FD86
00578
0098E
006E6
00000
7FFB8
0018E
7F2EC
0068E
7FE5C
00B5A
7FC7E
005C2
00A98
00850
00F0A
7FE4E
00BCA
007AE
7FE50
00DF2
7F4BA
7FA12
001C8
00764
7FFF2
7FACA
0010C
7FB72
7FB12
006E0
7FF28
7FAD4
00780
002C6
00832
00800
008C2
000EA
7FB30
7FA9E
7F492
006BC
7FE80
00E34
7FF88
7F804
000EA
013C0
7F7B2
7F98A
7FC98
7F20E
004A6
00B7A
7F968
7FF66
00662
7FB12
7F5EA
7F896
008EE
000D0
7F79E
7FB14
00BBE
0040A
7FB0A
00000
00490
00108
7FA86
00C92
0022A
001F6
00CDE
7FB80
7FF20
7EFAE
7FA90
7F4B0
7F86C
7FB98
00708
00C02
7F6F6
7FA36
00A3E
006BA
00CBA
7F850
00318
00D9C
7FBF8
7F768
0063A
7FE7C
0086E
006B4
0008C
00400
00CD8
007A6
7F400
00226
0091A
005AC
7FEDC
00C68
000FC
7FE0A
004EC
00224
0085C
7F1F8
00E7C
7F80A
7FB50
7F868
7FFAC
00272
7FA7A
00008
7FA02
00258
01024
7FF92
7FB48
7F2C8
7F448
00BBC
00790
7FC00
7FB06
7FEB0
7FF46
7F816
00896
00FD8
00EE4
0016C
00046
001CC
003EA
7FE3C
7F6F8
7FE76
0081A
7FE04
7FBF8
003C4
006BE
009E2
004CC
7F510
00736
0003E
012C8
00A78
7F850
00DDE
003F6
7FE36
001BE
00000
001AC
001EC
0041A
7EC34
002C2
006C0
00166
7FE9E
7FF4C
7FDF2
7EEF6
7F95E
7FA18
7F658
00396
7FE06
0092A
005F8
00340
001D2
7FF8A
0052C
00A7C
7F7C4
006FE
00B56
7F5F2
7FA9E
7FFBC
7FC18
0024E
00C00
00484
7FFC0
7F5D0
00074
7FCE0
7FDEA
005C6
7F9AA
7F670
00C10
00122
7FDA2
7FADE
7F93A
7F970
00BFE
7F222
00598
7FF06
7F3D8
7FA96
00852
00DAE
00C7A
0069A
0137C
7FFC8
7F8D6
7FD5E
7F944
7F564
00000
00612
00A48
7F9EA
005B0
002F6
00544
0070E
7EE5A
0060C
0040C
00062
002DA
7F456
7F96C
7FA88
7F800
000EC
7FD0A
7F758
7F602
7F7EA
7F7CC
000B2
7FB84
7FA92
7FFB4
7FD4A
7F6AC
005C6
000C4
7F6BE
00600
0000A
7F7F0
0030C
7FF2E
7F580
004C6
7FE7E
7FB7E
7F466
00262
00FB4
0011C
7FA5C
005FA
7FDC8
00600
00BB2
7FED6
005FE
00878
7F686
000C4
007E8
00C70
003DE
7FE0E
006BA
7FC20
00132
7F56A
7F77C
7FE00
002FA
7FC04
00E14
7F60A
00C46
00EFE
00FFA
00C70
00478
7EF04
7FB8A
7F9C0
0071C
0098C
7FA88
005FE
00158
7F9F2
00B80
7F264
00658
7FEB8
0132A
7FB82
7FE7E
013E4
7F6AA
7F914
7F354
7F7D0
7FB3A
7F400
7FD12
7FBB4
00468
7F13E
7FF42
7FB16
005F8
7FAEC
006CC
0041C
7FB60
008E0
00176
003A0
00740
7F608
7F586
7F0EA
7FFC6
7EE76
008B8
001E8
7FE52
007E0
7FE36
7F170
7FFC4
7FDEC
7F7BA
7F068
00294
00400
7F7BC
7FBDE
001F6
7FF56
7F528
0081E
0035C
00908
7F7AE
00FA6
7FD9E
00770
00204
00706
003FC
7F210
018EC
00C36
7F68E
7F142
7EF9C
0062A
00BB0
7F418
0069C
00624
003FA
00198
7F18E
7F9B8
00562
00600
7FF66
0002A
7EB1E
7FAFC
7F7C4
7FDFE
7F052
7F9F8
7FED2
7F700
003F4
7F97A
7F850
7FEE8
7FA64
009EA
00270
7FD9A
00952
00CB4
7FE0C
00724
7F8EE
005FC
7F4AA
7FAA0
004EA
00152
7FCD0
00AC2
00224
00600
0081E
7F8D0
00348
7F1D0
7FC5E
0066A
7F604
7F9F0
0093C
7FDC2
00C38
000CC
7FE46
7FBF4
00804
7FA12
7F88E
00178
7F888
7F6C2
009E0
7F12C
7FCF0
00600
7F0F0
008CE
00142
00454
00032
00D56
7F8D8
7FC00
7F4E6
7F868
7EC82
003D4
000BE
7FF54
7FDF8
00896
001AC
005A2
0044C
00088
0014A
00024
005E6
005FE
00AD2
7F752
7FAEC
7F6C8
7FC4A
00336
001E4
00096
7FC3E
7FE9E
7F912
7F83E
00204
0093A
0013A
00400
7FC5E
001DE
01174
0024C
00362
7F850
0021C
00B68
0102C
004B4
00246
00FF0
00A22
00262
7F780
00200
006DC
7F572
009B2
7F314
0184C
7F77C
7FFC0
0036A
003A0
00000
00910
00746
00524
7F1E8
7F452
7F000
7F652
7FB68
7F9EC
7F766
00320
7FE74
7FA16
004D0
7F972
7FA26
00558
7FE2C
7F960
007F6
00752
00400
00356
7F9CA
00592
000EC
004F2
003EE
7FB0C
007A0
00EA0
008EE
00E18
0013A
7F47E
00786
7EF16
7FC00
7FAF0
7F58C
013A6
7F8AC
7F1EC
00392
00756
7FF30
0016A
7FB24
7F59E
7F9DC
00E80
7F248
7F90E
7F808
0040A
007AE
003C8
7EF28
00912
7FC52
005BA
7FC50
7FDE6
7FF66
7F67E
7F6CE
00098
00BD8
7F7CA
00400
7FB7A
00758
7FB90
7F98E
00550
00530
004E6
7F1BE
0013E
00382
00080
7F820
0095C
0050C
7FFDA
7F608
7FD28
00780
7FC26
005AE
000FE
7F71E
7FBCC
0088C
006C4
00382
7F9A0
7FE36
7FBFC
7EAD4
7FA32
00000
7F318
7F626
7E7C4
7FE76
00244
00C24
005C4
7FA3A
001DE
00012
00A5A
7F250
7F8EA
002C8
7F446
015E4
7FFDE
00AEE
7F618
7F266
00346
002E0
7F7EA
00B6E
7FF42
008D0
7FACA
7F77A
0013C
0020E
7FE96
00000
7EE3C
7F710
00294
002EE
001FC
00C08
0031C
7F922
001B6
00196
7FF72
009D8
00630
7F926
7FD28
7FC02
7FD16
7FA14
00168
0034E
7F896
7F84A
7F1D8
0012A
00B88
7FE44
7F98C
002F8
001DA
00124
7FE32
7F800
7FEA8
7F30E
00780
7FB94
7FB6C
7FF70
00AA4
7FEDA
00822
00B4C
0004C
7FC72
7F43C
000EE
0035E
00BDE
7EC74
00300
7F532
00650
001FC
7F9EA
7EBA2
006D6
7F958
7FDF8
00140
00E90
00722
7F724
7FB26
00400
7F434
7F96C
7FE9E
7F71C
7F9DA
7F344
7F978
0016A
0026E
00A64
002DE
00F7E
004EE
7FE7A
7FB18
00DFE
00368
7FFC6
00A88
00380
7FAF0
000C0
7F856
004BA
00A8C
7F144
7EB76
0031A
001EA
004AC
7FB9C
00400
004F4
0054C
005E2
7F594
7FF98
7F7B2
00160
7FE96
00C44
00770
7F962
00BCC
7F28E
7FC1E
7FDCE
009FE
7FEA4
0017C
7F110
7FFCE
001A2
7F8FC
7F2D4
7EB46
7F6D8
7FCE6
0037C
00194
00542
7FC0A
7FA2C
7F400
7FE6A
009C4
7F206
00A54
7F31E
006C2
002F8
7F51C
7F4D6
00476
00072
00572
7FFE2
00AF8
007AE
7FFFA
003B2
0014A
00D5E
7F73E
000D6
7F778
00110
007F6
0073E
00CC0
00408
7FD9E
7FBFE
007B4
7F57A
00800
7FBF8
00048
00016
7FC7E
7F24E
7FE1A
7FE42
7FADC
002D0
002FA
003D2
00EF0
7FA74
7FD62
00EF0
003FE
7FC8A
7F6F8
7FB7E
009EA
004BE
00608
00844
007F4
001E4
7F96A
00166
005E4
00372
7FD8E
00490
00600
7FD72
00C0A
0067A
00132
7F7E2
7FE38
00148
0076C
7FD00
7FF30
00CFC
005F2
7FA6C
001B2
000DA
7FC04
7FE3E
00522
7F816
00084
000C2
7F4BC
000C8
00634
00EE2
00360
7FCEC
00E66
7FEF2
005A6
7F3E4
00200
7F86E
00F1C
0131E
7F00A
00C6C
000D0
0065C
00494
7F7CC
00A24
7FD34
0032E
00F0A
003E4
7F524
00BF4
7FED2
00894
7FF86
7F65E
003A6
7FEB0
7FF6C
7FDC0
7FE08
7FA44
7F2D8
00056
7FA28
7F274
002EE
00A00
7FCC0
00010
00750
00420
7FD7E
0049C
009FA
00886
0004E
00B1A
005D6
7FD24
7FC56
00496
7FA80
7F218
004BC
00398
007E8
00906
7F222
7F3C0
7F7FC
00E14
00536
7FA96
7FC5E
7F828
7FE76
7F6BE
004A8
00202
7F354
7FC2A
7F9CC
0011A
7FE16
0050E
7FB34
7F79E
7FDAC
0066C
7F928
7F5BC
0018E
7FDC2
0007A
7F226
7FD20
7F82C
013F0
00196
7FB7C
005F2
00226
7F1DC
7FB02
7EBEE
7F7AE
7F522
00A62
7F3B4
010D0
00400
7FCD6
7FED8
0078C
7FCB2
7FA06
00720
7F8E2
7F72C
00224
000C6
00850
00114
7F8C0
000CE
00284
007FE
7F93C
00672
7F712
01080
7F00E
00056
7FA08
7F858
7FFDA
005E0
7F86E
0029C
004A2
7FE88
7F848
00000
00A12
7FB9A
7F654
00DA4
01822
00D68
004D6
7FCD4
7F922
00B82
7EDBA
7FEE8
0035A
7F5B6
001DC
003FE
00D7E
0071A
7FD66
00526
00020
009BE
005E8
003A8
01286
7F5D4
003E2
7FD64
00198
7FC52
000FE
00000
7EBDA
001A2
003F8
7FA10
004D8
7FE9A
7F42C
00004
7FD0C
7FC14
7FC32
7FB98
00348
00818
00552
7F40E
7FDF6
003FE
7F7A8
7FD56
7E8C8
7E99A
7FB02
007FC
0002A
7FC60
0015A
7F164
0011E
01576
00AEC
00002
7FD42
00A24
7FAA8
00398
7FE06
019D0
7FD92
00002
00CF6
7FD0C
000CE
00212
006D8
7F6BE
7FDAA
7FC08
7F686
0037C
7FEC6
7F512
00968
7FAB2
7F0CA
007FA
7FD0E
00734
007F0
00104
7FB16
7FEEC
7F94A
00400
0056C
00276
7EC8E
0008E
7F8B8
7FEA4
7F036
007EA
0035C
006B2
00B50
00422
001CA
000A4
7F3FA
009FC
7FEAC
7FC0C
006FA
0073A
0008A
7F524
7F8B0
00490
0034E
7FA7A
7F380
7F5A2
7F6C4
7FE5E
7F77C
00400
7FB12
7FBCA
7F990
00FE4
7FD78
7EF6A
7F7E8
7F42C
7FD2A
007AC
0007C
009EE
7FCDC
00386
00B14
7F60A
0035E
7F4BA
00132
7F840
7FC44
7FC18
00672
0076C
004FA
00832
7FDAA
7FC56
00C58
7FE76
7F706
00400
7F86C
7FC60
00956
007D2
01100
7F6FC
7F2D8
0099A
7FCC4
00FC6
7FB04
7FD58
7FD12
00596
001AA
00200
004B6
00F3C
009C2
009E8
00334
010B8
7F9A8
7FF6A
7F910
00B10
7FF8C
7FFDE
0060A
7FEE4
7F7DC
00000
7EE6C
7F7A0
7FD5E
7F6A2
00CDC
0001E
7FB4A
7EA9A
7FF54
7FE44
00698
7FED8
7FDD0
00216
006C4
009E4
7FC46
003F0
7F85A
7FFBE
7F326
005C4
00B1A
7FC98
00134
00FCC
00146
7FC2E
00D04
7FBCA
0014C
00400
7FB48
7F8E6
0035A
7FE82
7F7D2
7FF44
7ECC2
00314
7ECEE
7FF08
7FF4A
7FF76
7FB46
0034E
01078
009FE
7F8C0
00564
7F332
7FDA2
7FCC8
0030E
0084C
7FD6A
7FE32
00086
7FE70
7FD48
7FE22
00474
7F846
7F400
005BA
00CC0
7FCC6
7FF24
7FDAA
008BA
7F914
7F4EE
7FDBC
7FB4E
7FEDE
7FAE0
7F92A
004AC
0035E
7FE00
7F09A
00040
00D22
7F4B6
00364
004F0
008BC
7FA94
0017C
7F9D0
7F79E
00860
00314
00388
00850
00E00
00BC0
002E8
7F74A
7FEC6
00040
7FE04
003D6
01348
0036C
7FD86
00BEC
7F480
7F914
7FF6E
0043A
005FE
7F9EC
00986
7FCB6
001D2
00B28
006EE
001B0
7F53A
7F4F4
7FF78
7F634
00482
7F634
7FC14
7FCFE
019FC
000BE
7FFAE
00A5A
00932
7FC7A
7FEF4
006D0
7FCB4
000C4
7F574
7F7E2
016C2
7FE44
007F4
00022
001F2
0054E
7FF2A
7FC0A
00624
00138
7FC1C
7F94C
7FADA
0065C
0024C
00056
7F036
7FE0A
7FC94
00446
00800
7FB84
001CE
7F13C
007E4
002BA
007AE
7FBBC
00A80
00746
0077A
7F826
7F978
004CA
7FE60
7FD56
7F806
00156
7FFF6
7F6E2
009CC
00BEA
00618
00540
00D44
7F60E
0082A
003CE
00F56
003F8
7FB6E
00476
00400
0091E
00A3C
7EF50
00B46
7FA00
7F296
001DC
7F98C
7FEF0
7FBE0
0085C
7F002
7F972
001E4
0005C
003FA
7F9DE
001A8
7FF44
7F2E0
011FA
00D6A
7F762
7F6AC
7FD5E
7F6CC
7FE92
00722
009B8
00696
00A42
00800
7F7AE
7FCE0
00102
004F4
7F656
7FD72
009B4
0084A
00002
00222
7FEAC
005FC
00792
7F78E
7F99A
001FE
0119E
7F9FA
004EE
7FA42
0096C
7EED6
005F4
7FBCA
00292
7F06A
7FCD6
00182
005F4
0033E
00EE2
00C02
7FB4C
006BA
7FEF2
7F9DE
0000E
7FA50
7FB34
7FFBA
0046A
00C6E
008BC
7F8D0
7F4F8
7FE04
7FD16
7F228
7FBA2
7FA64
00652
7FEF4
7FFE8
0015E
7EA0E
00442
7F930
7F93E
0070E
7F7C0
7FD5E
7EF40
7EF58
00200
7FA96
0072C
00286
00648
7FFE2
7FEEA
004C0
7F52C
00D20
00488
7F9E8
7F860
0022C
00210
0089A
7F202
7FCCE
7FFF4
7F7AC
0078C
7EF16
7F9BC
013DA
7FE56
00516
007FC
0077C
7F2AE
005AC
00192
00684
005FE
7FBE8
000F8
7F226
7F5B8
7F1FE
7F542
7FF38
7FAD2
00B4E
7E222
00302
7FDF8
7FA50
7FA5C
7FD54
7FE00
7FF70
7FB38
005E2
7F472
7F89E
7FEC6
7FFCE
009A8
7F65A
7FE06
002BA
00EF8
7FD9E
0054E
00288
00400
7FC60
00094
7FCB8
7F5B2
7FCBC
7FED8
003EE
7F2E6
7FC9A
7F928
7FE42
00618
7FC90
015A4
7FAC0
7FA06
00C74
7FD4E
0016E
7FECC
7FC38
7F28C
7FCF6
0023C
001B6
7F096
7FE6C
005B0
7FF60
005B8
7FC50
7FC02
005AA
0071E
7F3B8
7FB88
7F7D0
00AEE
00302
0010C
0050E
000AC
7E914
7FB12
00326
00212
0084A
005F0
0087A
7F89C
7EB7E
7F810
7F680
01602
7F476
7F9B6
7FC36
007FC
0065E
0011E
00312
00028
7FF0E
00000
7F6EE
002FA
7FC2E
00064
00300
005CE
00396
00FEC
0084E
00218
00388
7FFFC
01276
00312
005C2
001F6
0087E
7FF0A
7F8B4
004F0
00052
00214
000DE
00368
00768
7FDBC
7FDE4
00202
00862
7ED8E
7FF3A
7F402
0075A
7FABE
7FF60
001EA
00434
7FDBC
7F5E8
7FC20
7FF88
7FC7E
7FEAE
7F816
001B2
00A00
00876
7F9FE
7F928
7EFEC
001BC
00890
009BE
00DC4
000DE
00096
00590
006FE
7FE6E
7F60E
7FD3E
0020A
002A4
00C00
00068
7FA64
00326
7EEEC
001D4
7FE14
7F0A8
7F538
7FC58
00782
000AC
7FA9A
00ACA
7FE02
0088E
001F6
7FBDA
7EF38
005C4
7FD3E
001CE
00436
0073C
7F774
00058
7EC64
7F5B8
7EBCA
00236
7FF68
7F41C
00000
00866
000FA
7EF56
00788
7FB94
0021A
00C26
00E98
7FE6A
0020A
7FC6A
004A4
0020E
7FD6E
00CA4
001FA
006EE
7FFDE
003D2
0044A
7F3A0
7F5DA
00A3C
7F49A
7F938
7FFD2
7FAA0
7FCF8
7FE50
00AAE
7FEE0
00800
7FCCE
7F7AC
7FBBE
00546
7F9E4
0057C
00804
0047A
7F384
001C2
7FB00
000D0
00CF0
7FBF2
7F1E8
7FC00
7FE3A
7FDD2
00954
7F5D4
7FE26
00384
00726
7F25A
7F55A
00EC6
7F986
7FED8
0019E
7F9E0
0053C
7FC00
7FE42
7F242
7FD7A
7F98E
7F564
7F9C6
00396
7F382
00496
7FFB0
7F81A
7FAB2
00728
00512
01044
7F800
00C2A
7F9A2
7FEEE
00358
7FFA8
7E9EA
001E0
7FDA6
7F1CA
7FE64
7FFF2
00DA0
7F884
0086A
015E0
00000
00718
7F7CA
001EC
7F66C
7F8EE
7F602
7FF5C
7FBA6
0036C
0066C
7FF12
7FF3C
7FADC
7FC36
7F9FA
7FC06
006DA
7F41A
00FB6
0014E
00C7A
003D0
00642
00202
7FE24
7F7F8
7F650
7FC32
0059C
7F91C
000FA
00000
7F638
7FD14
7F516
00918
00CE6
7FA5A
7F892
7F06C
00492
7F78A
7F68E
00ED8
7F4CC
7F648
00E54
00400
7F78C
003D0
00730
00F1C
7F812
7F3E4
00EE0
00206
7FE32
00D60
7EF9A
7F5B6
00054
7FC7A
0003A
7FC00
00412
7FF98
7FEA8
001E6
0031A
00492
7FDDE
7F8D0
7FE70
7FC0E
004FC
7F974
00E0A
004A8
7FBAC
7FC04
0008A
003F2
0059E
002F8
00B78
7F5F0
0065E
7FD82
00846
006CA
00CB4
0038C
7F6E4
00114
000A2
7FC02
00C6E
7FC14
7F0EA
7FD9A
0065C
7F1E8
005FC
7F33A
7F7F8
002FE
00546
003C8
0113A
00406
00272
003FC
7F56E
7FAC8
00230
00D5A
008EE
00E1A
002C6
00E80
7F91A
7FFB6
7E66E
7FF42
00DD4
7FBEC
7FF8E
01400
7F7B6
7F2D4
7FBF0
7FF1E
7F92C
7F63C
7F5A0
7FC90
7FB9A
7F95E
00158
7F75C
7FCE4
7FD06
004B0
005F6
000D2
7FD6A
00470
00B72
7F4B0
014FA
00832
7FB6E
004E0
000C6
7F9DE
7FE12
7FDB8
003C6
7F53E
00FFC
7FC4A
7F1B6
00386
7FD92
00376
7FE18
7FA86
7FF5A
002DE
7F412
7FE02
7FB1A
0041C
00D5C
00C9C
005F0
7F340
00640
7F594
007A8
00804
7FED0
7EFCC
7F898
7F99C
7F9B8
008F4
7FF94
00352
7F9AE
7F660
7F800
002A6
005E2
0060C
7F9C4
7F9FE
7FE50
0076C
7F96A
7FF5C
00128
000F0
7FCF0
7F6EC
00ECE
7F3F2
7FDFE
7F490
7F40C
00294
0043C
7F9B2
00670
7FB88
0043C
7FE4E
7FDF6
7F5F6
00D0E
00128
001DE
7F0B8
003FE
7FA72
007A6
00556
005C0
0070E
00280
7FB1E
7F694
7F908
7F694
006EE
7F4EC
00494
00288
7FFEA
00600
000B0
7EE6C
7E994
00C40
002E8
7FD6E
0030C
7FBC2
7FBA6
7FA4E
005F0
00114
000FC
00816
7FEFC
7F800
7FDF4
00128
002D0
00E00
00BA0
7FA60
0067C
7F8A4
00012
7F974
00768
0035C
0021E
7FED6
00006
00202
00734
00184
001F6
00356
7F166
00C7C
7F878
7FF68
7F6A6
7F78A
00342
7FD16
0145C
7FA64
7FCCC
7FC00
7FB4A
7F0E0
7FACA
7F7A4
001CA
0020E
7F8D8
7FB70
00A0A
7F670
000A2
7FCA4
7F28C
7F9B2
7FB04
7FA08
7FE3E
00FCC
7FBA8
7F70C
7FC74
7FA5E
006E2
7FC9E
7F53E
00552
004C4
002EE
00708
7F9DA
7FE38
00200
7FDDA
00FCA
7F780
0072C
00122
000BC
7FEBC
00040
00A04
7F370
7F95C
0055A
00CE0
00646
00D04
007FC
7FE8C
00304
7FBC8
00006
009C8
7F926
7F9FC
00B04
010FC
7EEFE
00A1E
7FF1E
0011E
008F6
0009E
7FE00
7FE60
0046A
7F398
01002
7FDFE
7FFFC
004D4
7F7D2
0031A
7FD4C
7F894
7FEA0
7FC24
00408
7FE8A
7F800
00116
00CEE
00A42
000A4
7F83E
7FD2E
7EE8C
7FCEC
00156
00C26
7F796
004E8
7F972
0059E
0032E
00E00
00340
00D64
7FF9E
00340
0097A
00002
7F6D2
001A8
7F614
01486
7FC34
010CC
7FB42
00968
001F8
7FE0C
7FA9A
7F8F2
003FC
7F83E
7FAA4
7FB1A
7F920
0106A
0097E
7F974
009EE
7FD32
7FE24
0041E
0050E
00200
7F6DA
7F792
00446
7FCBC
7EB56
00522
7FFBC
7F66C
008C8
7FF90
00902
00028
002D2
00164
7FE80
009E2
003D8
7F11E
7F7BC
007B0
0138E
00A00
7F79C
7FF82
7FF1C
0035A
007C4
7F1F4
0008C
00686
7FCB0
00000
00AE4
7FB34
7F986
00256
7F838
000F8
00D7C
7F296
000CA
7FF06
7F92E
000D6
7F9AE
7FC26
7F820
00202
7FC42
00854
7F3D6
00BAA
7F468
00048
00488
7F698
012A4
000D2
00CF8
7FD2A
7F890
7FD2E
002BE
00000
7FD92
00390
7FEB8
7F65C
7FEC8
7F5CE
7FEC0
7F56A
7F81E
002CE
00812
7F8D2
7FB00
00206
008B8
7F600
7F874
000E6
015CA
003A4
7F282
000F2
00604
7F96A
7FDE2
00556
7FFE4
7F130
00E38
7FCA8
7F5A0
7FE00
7FDB2
7F356
00058
00954
7F8B8
7F316
7F32C
7F84C
7F95E
00440
0041C
7F998
00248
7FB12
000C4
7FC04
7FEEE
7F612
00594
7FAD2
7F9C8
00476
00FB8
7F7CE
00B34
7FFF6
7FBBC
7FB84
00992
7FCDA
000A0
7FA02
00250
7F314
7F9D0
00DE8
7F890
00BE8
00AF6
7EFD4
7FF50
7F61E
00466
7F728
004F2
00684
7F3F6
7FBFE
7F7F0
7FAAE
7F8E0
005DC
7FECC
7FEE0
7EF12
00038
00546
7FEB0
0031E
00BC6
0054C
00F2A
00DA8
00000
00006
7F742
7F702
006FC
00242
0014A
7F93E
7F08C
7F5FC
7FFAE
7E976
0112E
7FE14
7F802
0047E
7FE0A
7FF94
0012C
00236
7FF92
004C2
00C06
7F816
00A36
7FDC0
00314
7FF24
0005C
7F7CA
0032E
00730
00000
7F30E
7FE46
00222
0056E
00E98
00248
0018A
7F372
003B8
000C6
00190
00320
7F1DC
00420
7FA8C
7F20E
7FA28
7FBAE
7FE54
7FBF8
00460
00964
00DD6
001C2
0006C
7FA36
000DA
00324
7F9A6
7F7B6
7F46C
00600
7EFFE
0023C
00774
7FB7C
7FBA0
7F728
7F7B0
003AC
7F07C
7FA4A
0082A
00E0C
7FA86
7FCAA
7FF52
7FE02
7F9C0
0004C
0052E
0064A
00ED2
004B6
7FAEC
003A4
0006A
7F574
7F406
7FB0E
7FDB8
00054
00B8C
7FE00
7FDC8
001BC
00A44
002CA
7F46E
00168
00ADC
7F86C
7F85A
7FD68
7FE82
006C0
000DA
0003C
7FB3C
7F61C
01166
01256
7FD70
00346
7F10E
002DC
002D8
7F854
7F2A6
7FC40
7FC0A
7F80E
002A0
002B6
7EE52
7EE00
7F1C2
7F99A
006F6
00396
0089E
7FF4A
00568
000D2
7F9C4
7FF1C
7F738
00046
7FF84
7FF0E
7F0B0
7FE00
7FE6A
7FB14
00BCE
7F68E
7F3F8
00E56
0029C
007A8
7FFA2
7FCCE
7FF68
008F4
00A5A
7F4D0
00A62
7FA00
0023C
7FAB4
7F638
01034
7FF8A
7FB1C
7FAC6
7FB2C
009CE
7FA6A
00274
00CE4
0008E
7EE46
00862
7FA00
00D96
0009E
7F702
7F5A8
003DC
7FDE6
7FD36
7FC58
7FCC6
7F9AA
006EC
009DC
7F594
7F73E
7FC8A
7F200
003EE
00B96
00290
0055E
7FD9E
00198
7F9FC
7FA6A
001B2
00DAE
7FAEC
00BDE
00C58
7FE08
7F798
005F8
7FD78
00304
0067C
7FAF6
7F358
7EA90
7FF50
7F6DE
00224
7FFC2
0035A
7FFC4
7FCFA
00E02
00B10
005FE
0024E
00198
7F934
7F6A4
00B14
7FAC6
7F5EA
005A2
00046
7FC78
7FD86
7F5CA
0015E
7FECC
00350
7EA1A
003D2
7FFC0
7F632
0010E
7F78E
7F286
7FFB8
7F12E
00FB4
00614
7F078
7F69E
00660
7FBC2
00674
7FE00
7FB7E
00962
7F65C
7F7E4
7F3D6
7F41A
7FF50
007EC
7F7AE
7FE34
0019E
7FEB4
00156
00772
7FFA8
7F80A
003C0
00280
006E2
0013C
7EE96
00528
0010E
0063E
7FE8A
00566
007B0
0011E
0076E
7FF6C
00492
00600
00234
001F8
7F692
0081A
00DB2
00B10
7FA56
7F424
7F99E
002B0
7F16C
7F3B4
7FEF0
7FB36
7F562
7F40C
7FAFA
7FA22
7FFD0
7FECE
7FD62
00EE0
7F2D6
7FDC0
003D8
001A4
00194
7FC90
7FADC
7FAA2
008BA
7F600
7FC64
7F278
00D4C
003B2
7F94C
7F936
7FCB8
00240
7FB32
0033E
00A02
007B4
004A4
7EF4E
0086A
7FFFE
7F5C4
7FA7A
0021A
7FFE2
7FE9C
0022C
7F6AC
7F94E
7F6A4
7F9C0
008DC
00BB4
002F2
7FBDA
7FD98
7FDFE
00440
0031C
0047E
7FA0A
7FBA2
00512
7F4C4
7F9D2
7FF9A
7EFC2
00AE6
7FA92
00D7C
7FAFE
00408
003F6
7F79A
00592
7F3B0
7F2CA
7FDDC
00074
006C6
012BA
7FA04
7FDA2
000F0
001E4
7FFEE
7F8F6
0001A
00400
7FB38
00BA8
0046A
7FEB6
7FEFA
0086C
006D0
000D4
7F8D0
7FAE2
7FA6C
003E2
00614
007E6
00DF8
7F402
7F42E
002B0
7FB10
7F410
7F670
7FB06
00982
008D4
7FE90
00DBA
003B2
00646
00CC8
7FFF6
7FC52
00BFE
7F8C4
002DA
7FA9C
001C6
7FFD6
7FE46
00A74
7FB2C
7EDE2
008C0
008C6
006F0
0088E
7FF3C
7F8C6
7F402
005C6
00470
7FF86
7FB74
7FC36
0089E
7FFEC
0032C
0062A
7F8F8
7F8DA
7FEE4
7F9BE
00E8C
008DA
7FC00
00150
01368
007F0
7FC1E
00102
004EA
7FF36
7FE46
00D2C
7F8D4
0009A
004BA
00C34
7F8D8
7F964
00DF0
7FCB4
00654
00304
7FB78
7FE60
7FCAC
7FB0A
7FF70
7F816
00982
7FBBC
004F6
0008A
7FC18
008A4
00800
7EEF6
7FE20
0102A
7F64C
0104C
7F856
00792
7F5CE
00C96
006DE
7FFE0
00E84
001A2
7FD02
7F7A6
7FE00
008F4
7F818
7FEEA
00232
011A6
7F61C
7F8FC
7FC98
0019C
006BC
00054
7F7C0
006D6
7FE1E
7F4F2
00600
7FF90
00564
7FA0A
00122
0004A
00232
0078A
0012E
7FD46
0017A
7FB54
7FD92
7F89C
7F170
7FF46
005F8
7FACC
00230
00174
000AA
7FBD2
00850
7FF1A
00002
7EE0A
001C0
00392
0017E
7FEC4
00DFC
7F736
00200
7FE26
7F944
7FEA4
00876
0103E
00FC4
01136
006C4
7F8C0
7F9AC
0064C
7F32C
00746
7F96C
7FAE8
009F6
7FE8E
7F3D0
00C00
7FDA4
7FB44
00C3A
00960
00004
7FE2A
00E58
00490
005CC
0007E
00094
7FD64
7FA00
7F980
0088E
7FEE6
7F934
006F6
00898
002E0
00570
004D2
00BC6
7F96A
7FBB6
00288
7FAD8
7FE7C
003F6
001F2
00416
7F166
00EEA
7FD2C
7FE0E
00226
000F0
008E4
7F64E
7F598
00382
7FDC6
7FCE0
7FC5C
7F602
00754
7FEDE
7F8EC
7F9CA
7F2F2
0000A
7FDCC
00290
7FE90
7F7BC
7FE2E
0003C
7F744
00204
00128
7F422
7F884
007B4
7EB9A
005F6
7FEE2
7F150
00274
00F16
003E6
002E0
7FC8A
7F882
0070E
7FE32
000AE
7EA00
7FDA0
7FA96
00476
0077A
7FE0C
009A6
7F28A
7F5C0
00792
00FE6
0055C
00082
7FDF2
000C4
00AAE
7F800
7F698
7F330
7FD60
00196
7FA30
7F67C
011E0
001C2
00D48
0056C
003FA
7F6B6
00E90
00162
00A9C
00200
00926
7FB46
00BB6
7FFD4
005FA
00F04
7FCBA
7FE3E
0042A
0023E
7F692
00122
7FE02
7FF22
7FE2E
00BFE
7FD1C
002A8
7FD80
7EF1C
7FE10
7FE80
7FF7A
00A3C
7FC7C
00CB8
00500
7FFA2
0092E
0010E
7FBE4
7FE00
007C0
00E5E
7F836
7FE50
7FDBA
002BC
00486
00430
7F53E
0021A
001F4
0057E
008FE
001BA
008B2
7F806
003F8
7F1D6
003B0
7F994
00AAE
004FA
7F63E
7F3CE
7F476
7FAF4
7FD7A
7F654
7F56A
0051A
7F9AA
001FE
010FC
7F5C6
00A26
7FDB2
001AA
0079C
008D6
7FBCC
7FFD2
0057C
006B4
7F684
0014E
006F0
0008E
007F2
00D1E
7F91C
00A98
00274
7FDDC
7FAF4
7F758
7FC42
007DE
00E66
0046E
005B0
7FD00
007DC
006D4
7FE00
0018A
7FCF0
004E6
7FDC4
7F290
000C8
7F6BA
7FA02
004BC
7FA2A
0006E
7FD8A
0057C
7FE7C
7F374
7F600
7F2D6
7FAA2
00966
7F3E0
7FCAE
00102
7FB3A
00200
0184C
7F296
00100
00E6E
7FC9C
7F592
001EE
7FE02
7FF26
7FB18
0037A
003DC
7FF02
7F744
7ED28
7F9FE
0041C
7FDE0
7FD0A
7FD8A
01866
7F988
7FF8A
005FE
00978
7FD66
001A0
0028E
000F8
7F6F4
0037A
00202
7FD18
00576
0002E
00E6A
7FB00
00280
7F682
7FE00
7FE1E
7FE16
7FEF8
7F806
00BC4
7FAE0
7FA94
008DC
7FBA8
00218
004B6
00E1A
7EB9E
7FD3C
7EF50
009F6
7FD08
7FE7E
7FA44
003F8
0001C
7F99E
7F1FC
7F738
7FDD8
005D6
007AC
7F830
008E0
00752
7FDC8
005FE
7FA0C
00804
7F482
00BF8
00122
7FE46
0019C
0031A
7F598
7F408
005D8
7FB90
7F60C
00198
7FAD6
001FC
7F674
7F8FA
003C0
00018
007F2
7FF84
7FFCE
7FCD6
7FED8
7F64C
002B8
00612
006D2
7F774
00390
7FE00
002DC
7F5B4
7F6CA
00048
00376
7FF84
7FE8C
006D2
7FB1A
7F992
7FF5A
7FE1C
001AC
0006A
003B0
00200
7F2A4
00B1A
7FC72
7FDE2
001C0
7F96C
7FFC6
7FF82
00F96
007B8
7F9FA
7FBB8
7EBAA
005F0
0061A
7FE00
00B24
00EA4
00732
7F8E4
003CE
7F57A
7FC58
0012C
00F92
7FFF2
00168
7FB10
7FD9A
00D5C
7F5E6
7FA00
7FF8A
00888
001E6
000F0
0043C
002F4
007C6
0107A
00C28
016C0
7F8F2
0031A
0012A
00AE6
7EDDC
7FA00
0075A
0007A
7F8D6
00BB0
7FBBE
00354
00EA4
007A0
7F5E0
7F9AE
7FD06
7FB20
7FDAA
7FE02
004B2
7F60E
7F2EA
7FF80
0071E
0021C
005A2
00A64
007E0
000D4
7E724
00A96
00470
7FE28
7F906
7EDFA
00310
005FE
008F2
7FE86
7FDF2
7FF1C
7FABC
7FF5E
00072
7FC62
7F438
0070A
00F40
007B2
7FC08
7FDC4
7F744
7FA08
00650
7FE34
00BF6
00306
017C8
0017A
007BA
7FB2E
00EAE
007F6
0055A
7FF08
00FF6
7F7BA
00226
00200
7F138
003AC
008D0
7F7A0
00218
0151C
0004E
7FC96
7FCFA
7FA0A
7F6C0
010C4
00872
00494
0060C
7F80C
7FD86
0091E
7F8CA
0115E
003DA
00A14
002E6
7F9C4
0062C
7FCA0
0059E
006A4
0049C
7F708
000CE
00DFE
0064E
7F91A
008A8
003EA
7F368
7FED8
007D6
7FF6E
7F4AC
7FFA4
7EC3C
0039A
7FAA4
00106
7F442
0000A
7FFC2
00574
00480
7FAFE
011E0
00894
7FB12
00242
7FCFE
7FE62
008C6
7FCDC
0039A
7FCCE
7FEB0
7F800
001CE
002C4
000D2
0041C
003A8
0086E
006C8
00406
00138
7FDEC
7F688
0016E
7FB12
0061E
00194
7F418
00336
0010C
7EFA0
004CA
00D4A
00DD0
00AE2
003F8
006E0
004D0
0035C
00508
00336
0170E
00048
7F802
7FDC0
7FFF4
7FC94
7FBF2
7FEE4
7F404
7F54E
003F0
00968
0012C
7F982
00680
0013A
006B2
7F3B0
7FC0A
00536
7F8FC
7F994
7FB5A
7F824
7F744
00B0C
003FE
7F682
00F34
7FF96
002E6
008AA
00A72
7FEFA
7FE00
00574
7F49C
7FC92
7F962
7FB4A
7FD02
00018
0076A
7FC14
7FBD0
0034C
7FA06
7FC48
00276
7F696
007FE
00758
7F73C
00488
004E6
7F82A
7FB46
00C3C
00D12
7F832
00A08
7FD42
00132
7F3E0
7F91A
00BC4
7EE00
00512
7F1B0
7FD0A
0069E
7FA74
7F3E2
7FF78
00494
7FDE2
7FE80
7FFD8
7FAA8
7FFD4
005EC
00704
7F400
7F948
7F982
00C74
7FB18
01028
0062E
7FDF0
7FEEE
7FDFC
7F49E
0104C
00A1C
7F6A0
7FC2C
7F190
00400
0093C
7FE88
7F396
7F2AA
00836
007C4
7FBC4
0173E
00328
7F994
7FE34
005F8
7FB08
01148
7FDB8
013F0
7FE8E
00036
7FF70
0077C
7FED6
7FA2E
7F1AE
7FED4
00670
7FA74
7FDD8
7F656
00270
006C4
003B8
7F802
7FDA2
0059A
00818
7FF3C
7EB06
7FE44
7FEDA
000B4
00534
7FD16
7F2FE
0081C
7FCB8
7FDE6
00DDE
7FFFA
7FB72
006F6
0156E
00698
7FE60
0047E
000A6
7F92A
006E0
00396
0007A
7FB90
7FEDA
00556
003CC
00800
7F87A
7F5C2
00686
7FC10
007F4
00A60
7F2B0
006D8
0098C
0086C
002DE
00708
0094C
00330
006B0
00FF6
7F5FC
7FC2A
7F002
7FF52
00212
7FB46
0042C
00126
7FB08
7FACA
7F8D4
7FBA2
7F5F2
7F8E2
00480
00800
0067C
001F6
7EF6E
00588
00F74
00D52
7FA58
0012A
0004E
006AE
7F960
7FA8E
7F13C
00958
7FEA2
7FFFC
7FC1C
00E92
0058E
7F712
00752
7FAB0
00024
006D6
0037C
003C6
7F8D8
7FAC2
01556
7FCEC
00B38
01400
00038
7FFDE
0072A
7FB66
7FAE8
00B62
7FEE4
7F722
00382
007D0
7FC90
7FDCC
7F9F0
007E2
00082
7FC06
7FED8
7FDD4
0004E
0012E
00CE4
7FA92
001D0
7FCD8
7FAD6
7F59E
001AC
0063A
002B0
0110C
0055A
003FE
00170
000B6
7FE72
005A2
00696
7FB84
7FD4E
7FCCE
00A32
7FF46
7F7EA
7FDB6
004F8
0049A
0075C
7F422
7F7C8
7F998
00C7C
0056C
00F16
7F016
00592
7F72E
7F85A
7FB5E
007AE
0062E
00720
000F0
7FF1E
7FA00
010D4
7F930
7FF0C
7FD52
7F5AC
7FC20
7FD98
7FE3E
7FDD2
7FA08
00056
7FAB6
00734
00C3A
0110C
7FBFE
00AD8
7F288
0131A
00596
7F7E8
0049A
001C4
00894
7F8D2
7F90C
00DBA
00524
7FF08
001C8
7F7BC
7FA00
00032
7FD98
7FEF2
00104
7FE26
7FF96
00684
7F5C4
0155C
7FFCE
7F6EE
003A2
7FC36
00152
0009C
7F800
7FBC4
00EB0
00158
0040E
00684
007B0
7FDC6
00B68
002FA
0051E
7F88C
00480
004AC
7F8A8
002EC
00000
7F53A
0059C
001EA
7FBDE
7FB9C
7F94C
004FA
001A8
7F3A0
7F5F4
7FEF4
7FF30
00056
7FF3E
7F28C
017DC
00798
7FDD2
7FB58
7FB3C
000E2
00756
01054
00352
00122
00012
00CCA
7FCD2
005EA
7FC26
7FBEA
7F800
0041C
009C4
7FBAE
00424
7F9FE
00504
7FFE0
7F660
003A6
0064E
7FA92
7EB40
7FC32
7EB1A
7F8FE
007F4
011BE
7F86A
7FDDC
004C2
7FB36
7FB4A
000FE
7ECB6
00B82
7FDFC
002D6
7F8E2
7F54C
7F8A6
0026A
00200
00242
7FACE
7F348
7F6CA
00480
000DC
7FE42
7FDC2
003FA
7F5D4
7F40E
7FC58
7F8B0
7F71C
006B2
7F806
00450
7F608
7FE3C
7FC36
7FE34
012F8
00DEA
00244
7F35E
00506
002C6
01012
00434
001BE
003AA
7F602
00BEE
00A6E
009A2
7FA78
005DE
7F9AE
7FBDE
00636
000DC
00108
00AF8
7F988
00EC0
00BA4
0025C
00002
7FB9C
7FF22
7FFBC
7FAB0
7F7B2
00826
00270
7F9C2
7FE4C
009C4
007FA
001FE
00F82
005C8
003FC
7FA00
7ED0A
00396
01422
7F4FA
7F5C2
7FE5A
002B8
7FE94
7FB78
7F3D4
00218
7FB18
7FBDE
004BE
7F77E
00002
7F44E
7F628
0042C
007B8
0022C
7FCE4
7F50A
00836
7F6B4
7F97C
7FE84
00124
7FC2E
00692
0029C
00200
7F30C
7FC20
7FDAE
7FC3A
7FDF2
00336
7F6E8
0017C
00946
006B8
7FF0C
005FA
7FAEC
009E4
008C0
00BDC
7F73E
00226
7F47A
7EF4A
00730
7F2E2
00CD6
7FFC2
0027A
00414
7F59E
005A8
00676
00946
00196
7F600
00682
00370
00906
00692
00058
0039C
7F808
7F658
7F9D0
7F6F0
7FFC2
7FE44
0022E
7F572
7FBF8
011FC
00C52
0078E
7FDC4
7EF4E
7EF1A
01060
7FF54
009A6
00304
00B68
7EFB2
0151E
7FC60
0010A
00E58
00DFE
006E8
00A2E
008A6
7FDEA
7FDFE
0043C
00438
001A8
7F356
00014
7FBE4
7F9F0
7FAEA
7F928
0093A
7FA00
00112
00076
00F2E
00436
7FADE
7F8BE
00C74
7FE56
006F6
007E6
7FAB6
00AAA
7EC4E
7FF62
7FFB4
7FC00
00456
0076C
7FF34
00DB6
00EAC
7FDE2
00E54
7FB68
00422
0036A
00A36
7FE16
7F7A6
7FF02
00684
7FA04
7FC3C
7FCCA
011AC
001CC
00ADA
00BEC
7F890
7FA44
7F9A2
7FA92
00BB6
7ECF2
7FB00
7F990
7FEE4
00000
0011C
00008
7F24E
007DC
7F6B8
7F990
00D46
7F8A0
7FC72
00024
00776
0107E
00B32
00416
7FE7A
7FA08
00462
00F0A
7F7E6
00884
7FE8A
004A4
0046A
7F1C8
7FFB4
7FE8E
00768
7F48C
7F360
00B50
0036C
7F800
00538
0109E
00380
00ABC
00E92
7FED6
7FE90
00496
7F96C
7F7F6
7FA34
0049E
7EF98
006D8
00982
00600
7FF82
0061E
00594
7FD18
7F8D4
7FE54
7FAFA
7FF74
00674
7FEDC
009C4
7FDF4
7FA50
7F728
7FE30
7F402
003AE
003DE
006FE
0062A
7F78E
7EC4E
0042C
00764
7F68E
7FA5E
008D0
000FE
000C4
7FEBC
7F60A
005FE
0070A
7F99A
004EC
7F20A
7F4D6
7F8FC
007B8
7FC96
7F580
7EAB0
7F960
7FC6A
0066A
7F0FA
0016C
7FC00
00830
7F8EA
7EBD2
00814
002AA
7FF60
7FA02
7FA90
009F6
001D4
7FAF2
7F79C
7FCF2
00702
0012E
0020A
01BD4
00860
006CC
00B0C
00880
00948
005C0
7F62A
7FF62
0058A
00874
00BFA
7F070
007A8
7FAF0
7F800
00858
000EE
00E0E
7F920
00E2C
7FFBA
7FCAE
7FD72
7F834
00368
7FEE2
7FE5A
7FC88
0019A
7FE6A
001FC
7F8FA
00DB4
7FCD6
7FBB4
7FB32
007A4
7F610
009E4
00B14
00538
7FB60
00616
7EFD4
7FF98
7F7D4
00200
7FE68
007AE
7F928
00F26
00C24
7FB8A
00710
7F7C2
000E0
00314
7FFA8
7FD26
003AE
7FBB0
0073C
00000
00816
00640
00072
00862
00354
7F868
7EE84
7FE18
000B4
7FBDE
00952
7F128
00086
00DAA
7FE1A
009FE
7FE82
7F9DA
7F762
00554
7FDC2
00082
7F74E
0003E
7FCF2
0009C
7F936
00756
7FF98
00EB4
001D8
7FC00
007C6
7F836
7FD06
7FB22
004BC
004EA
00654
011E4
7F95C
0006E
7F47E
0025A
00582
00E8E
000EC
7FA00
00004
7FE2C
7F7DE
7FC0C
00B48
007C8
7FC6C
7F72A
0022E
00666
0049E
7F8B2
7F98A
7FF26
00434
7F9FE
005A6
000FE
7F768
00E0C
0048A
00980
00856
004CE
7F66E
000D0
7F49E
0120E
7FA08
00232
0069A
00202
00078
0067C
7FD2E
0089E
00E28
00446
000CE
7FCD2
00014
7FFFE
0056E
00400
7FC24
7FFDA
7F142
001FE
00AF4
007FE
00432
00D28
00022
7F810
7EF5E
7FF2C
0062A
7FB26
000B4
0012E
00222
00124
7FEFC
7F200
00D1A
7FD72
0041A
7F4DC
010C6
7F7C0
0080E
004D2
7FC14
7F7C8
001BC
7F9B6
00438
0015A
000AC
7FE00
7FACA
0062C
7FA40
0031E
00136
7FE1C
0012A
7FCE2
002A8
01044
01336
0047E
000BE
7FA0C
7F15E
011FE
7F782
7F2D8
0066C
004DA
7FB16
7F9D0
00994
7FF2A
7F780
7FB08
00790
7FCB4
7FF0E
7FEFC
7FA5A
00602
000F2
7F650
7F4AE
7EB54
00766
00856
00520
7F72C
7FE28
00016
7F552
7FD28
7F2DC
7FDA2
7F074
7F800
00562
7FA26
7FC0C
7F5C6
7F31A
7FBAE
00794
7FE3C
7FC54
00420
7F9D0
7F9C8
7F8EA
003FC
004EC
005F2
7FCF4
7FC9C
0055E
7F5CA
7FB76
7F51C
00366
0050C
7F6C2
005FC
7EC24
00AB4
00452
00580
006EE
7FC00
00AE2
007BE
00052
003C6
01544
0010A
00646
7F5DE
001B2
7EC8E
7F7A0
7F706
000D4
0025E
00B98
7F61C
7FA32
00716
7F970
7F8B8
7F920
7FD3C
003F6
7F6EC
003E2
003C2
7FA0A
7FC9C
00514
00514
00058
00C00
7FFF6
7F89C
0013A
00474
000A6
006BA
00E54
00496
00E94
003A2
7FC9A
7FCA0
7FCDC
0059A
7FD16
7F202
7FC6A
00E1C
004D2
00050
0080C
007A6
7FD02
7FD12
7FD82
00928
7ECF2
002EE
7F366
7F720
00278
00000
7EB0E
7F39E
7FBFC
7FB8C
00022
7F6E0
7FF46
00768
0025E
00A88
7F040
00360
7FEF8
7F9BA
00316
009FE
7F614
7FFFE
7F582
7FFAC
002CE
00068
00D32
7EEEE
00408
7EE54
7F16A
7FD12
7F522
003E0
002CC
00000
7FD30
008A6
005FA
0058C
7FAAE
7F2E6
7FB26
00042
002E0
0055A
0046E
0014C
008F8
000C0
7F90A
005F4
00430
7F9F0
0036A
7F964
7F5A4
7F8B6
7EA84
7FBC6
01318
7E970
00A36
00680
000BC
7F84C
7F378
00C00
005BA
7F8EE
7FA76
7F54E
00EF2
7F81A
7FC36
7F7CA
7F382
7F5B6
0055A
7F640
7FBD8
00ACE
00410
00606
0037E
7FA2A
7FDAE
7FBD0
7FBA8
7FB6E
0022C
00432
00736
005EA
7FC52
001F0
0042E
7FD2A
7F9A2
7F600
000F4
0074A
7F98E
008F2
7FD38
7EE48
0048E
7F452
004E6
7F9AE
7FD20
00074
00530
7FD9C
7F5EC
009F2
7FDCA
00074
00AF8
7F198
7FE48
000AA
00414
008CA
00BBC
7FC52
7F5D2
7F43C
7F534
7FDA2
7EF42
00A00
7FD00
008D6
7FED6
006CE
00038
7FA98
7FD9C
7FFB2
7FD32
00052
00BFC
000C6
7FAEC
7FECC
7FC78
7F604
006CC
00850
7F388
7F6C6
7F746
008EC
7F602
0032C
7FAE2
000BE
7F54C
01290
00C66
0039C
7F6F2
00C00
00CF0
7FE56
7FCF4
7F87C
7FDB4
7EAD8
7F8B8
7F722
002A8
001E4
00218
00428
7FFB8
00AAE
7FF54
007F6
00884
00726
7F030
7F2AA
008C0
00D1E
00134
7F8E0
7F57E
7F78C
0044E
7FBC2
7FFDA
7F46E
7FD28
7F402
00510
0088A
0006C
004B8
7FB10
7F90E
7FDA6
7FCD2
0041A
7FA92
00684
0043A
7F44A
00752
7FF06
7F816
7FDA2
00D38
7F59A
01002
7F3EC
00398
00914
7F32E
7F21E
010AE
7FFC6
7FBCA
7F01C
004E0
7F3FE
00800
7EF8E
002EA
01056
008DA
7FF44
7FEE6
00622
00256
7F78E
00660
7F17A
004DA
00782
00520
0083C
00BFE
7FEE8
7F3EC
0021A
7FED8
7FA92
7FD88
7FAB0
7FED4
0060C
00606
7FA56
7F8AC
00050
7FAB6
00372
003FE
7FF6E
7FD48
7F036
003A0
00B68
0011E
7F07E
00DA6
7FDB0
7F886
7FF14
7FFA0
009EA
7FEDC
7EE00
00000
7FC56
00092
7F7CC
7FCAC
001BC
7F272
7FA5C
7F92C
003D6
00664
7FAAC
7FAD8
7FDE4
7F150
7FAA6
7FA00
009C2
7FFD0
7FBE8
7F670
0036C
7FD7A
7F690
7FF68
004C6
7F9E0
00148
7FB80
0054E
7F8A6
7FE12
003FC
00532
0064E
7FD96
7FB06
0084C
00758
00424
7FD12
0029C
00700
7FDCE
00544
002B8
00742
7F93C
7FA02
7F734
003A4
0033A
7F7F4
7FC7A
00370
00D72
7FC9A
7FE9A
005B2
001E2
7FAE2
7F894
7FAC0
7F996
7FFF8
001CE
0017C
7F530
7FEB0
7FFC8
7F7C4
7FE9A
7EEE6
001F6
7EE22
7FD28
7FC60
0076A
0054A
7F86E
00000
00F44
00576
7FACC
008BC
7F176
7FCC2
0090C
0023C
00100
7F43C
7F672
7F730
00FE8
00588
002FC
7F20C
00DD0
00368
008D4
7EB82
004C0
0057C
7FA12
7FAF6
004A4
01574
0039A
00156
7FB68
7F48C
0027A
7F800
7FEC2
00C02
7F8B0
7F964
00AB6
00484
7FDF8
7F9CC
7F6D4
00030
7FF68
0045E
00B56
7FB54
7FB94
005F6
7FA26
7F566
7F69A
7FA80
00730
7FEDA
0018C
00916
00244
00BB6
0084C
00B1A
00C74
004F4
007B0
7F800
7FBA0
00472
7FF0E
7F26C
7F60C
7F5E6
002E4
7F336
7F368
00066
7FF50
7FB72
00584
0009E
00976
7FE06
7F96C
00182
00052
7E8E8
0027C
009D2
0019A
00838
7F89E
7FD40
7F846
00110
000B6
00E28
00FCC
00000
7FFDC
00C00
008E4
7FF64
7FD10
7F69E
000E0
00CB4
7FFA2
7F6A4
7F7C6
7F8A0
7F952
7F252
7FFA8
001F8
7F7EA
0048E
7FA78
7FD78
00D78
7FE5A
7FF24
7FFC2
00114
7F554
00772
7F30A
003C6
00A12
008FE
00800
7FAAE
7FFA2
7F99A
00674
7FCEC
0024C
7F9A0
009FE
00032
7F3DA
00508
7F14A
7F5A8
004EA
000F0
7FC00
7FCC8
00208
7F75C
7F9DA
0114A
7F38A
00242
7F058
00AB4
00CBA
7F88A
7FC90
7FF5C
0054A
7FFA0
00000
7FA2C
00B36
7F68A
00BAE
7F3E2
7F3AE
7FB90
009FE
7FF18
7FD56
005F8
0023A
00352
00742
7FC56
7FC00
7F486
7F8C6
7FA58
7FC04
7F4A4
00584
7F75E
7FBAA
7FFD8
7FC6E
00A9E
007E8
000F0
7FF7E
0044A
7FC00
7F848
7F1F0
00E16
00058
009D6
00518
7FC3C
007F4
006DE
00A92
7F382
0065C
000F4
7FADC
0007E
007F8
7FF98
7F276
7FCBE
7EECE
005E8
00056
7FFD8
00002
00186
7F27A
001AC
00772
000E2
7ED96
7FB48
00BFE
00B82
002C6
008CC
00898
7FFC6
0028A
7ECA4
007F8
00D88
000BA
00DA4
00742
00430
7FC4A
7FAAA
00006
00840
00244
0020E
7F850
00ADE
7FEA6
007A8
00002
7FE66
018DE
7FE0A
7FAE2
7FF7C
7F4CA
00294
00E00
00756
0022E
7F77C
007DA
0088C
00650
7F5D6
0047E
0049A
7F320
7FCEC
7F900
7F610
7FFB8
00BE4
7FE0A
00FB8
01468
7FE24
0068C
006A6
00234
00DD8
7FFFE
7FEC0
7FD66
004AA
00C88
7F19E
00726
7FF7A
7FA02
00606
006F6
001DC
001C8
7FB68
7F772
0010A
7F394
00CD0
7F6DC
7FCB8
7F7BE
0017E
00504
7FB7C
001FE
009E2
000FA
002D6
7F7D8
0032E
7ECC0
000D6
00000
00A86
00A12
7FC2E
7FAC4
00728
7F76A
7FEC4
00200
00836
001A6
7FB18
7FE76
7F968
004E2
7FB96
00204
7FB06
7F56C
7FE64
7F35E
7FBD0
7F4FE
7FDC0
005FC
00448
7F8B6
0040A
7FC5A
7F1D4
0089A
00950
0084E
7FE9A
000A2
0053C
7F81E
00624
7FEB2
7FC80
00200
7F908
002E2
00492
00178
7F60A
7FE98
7F392
001EA
009C6
001AC
7F4DE
7FF1C
7FB82
00018
7FC10
005F0
7F656
7F2BA
0045A
003AC
7F7F4
7FF3C
7F5AA
013AA
7FBFC
7F858
7FAE6
0058A
00DF8
000F4
00058
00400
7FE44
001F8
000A0
7FB12
7F914
00122
0081A
00496
7F9E6
7FAD4
007AA
7FA6C
00E6C
00460
7F0FA
7FE00
0090A
7F886
7FE0A
00160
7FD5A
7F436
7FC22
0036A
7FB94
7F944
00C6E
7FFDC
00C62
0019E
7FF94
7F800
0054A
7FF04
002AC
000EE
7F894
00CA4
00F5A
00768
000B4
7F91E
7FF16
7F09C
003AE
00358
00518
00600
7FF1E
00426
01B3C
7FA9E
00378
00058
002EE
00096
7FE1A
00522
006D8
00D1A
7EF06
0044C
7FD2E
7FE00
00508
00BB8
7F750
7F7BC
7FBA0
00992
7F4DE
0023E
0067C
7FE1A
006FC
00C48
7F792
015D4
7F4AA
00008
7FF7E
00090
7F02E
7F480
7FC02
00198
004DE
7FE40
007E6
7F95C
005CE
7FA4C
0003C
7FD36
7F2B6
7FE00
00270
00264
7F58C
7FC4E
00424
7F664
7FE12
7F9C6
7F61C
00FF6
00D7E
0089A
7FC60
7F72C
00EBC
0040C
001BC
7F6EA
7FC7A
7FF8C
005F2
008CA
7F836
7F5C0
7FE22
7F2EA
7F79C
7F8C6
7FEC6
00B70
7EEC6
00800
00768
7FFEA
7F89E
7F69E
0053A
7FF8E
00BF6
00FAE
007D2
7FD42
7F966
7FC70
001CA
7F470
7FFC6
7F80E
00250
7EE7C
00F6A
7F978
7FD84
00828
7F144
7F860
00690
00EB6
7F7D2
7FC44
0011A
7FB34
00928
7F000
7FD32
7F8E8
7F330
7F6A2
00AE0
7FA6A
7FA82
0045A
7F7DE
004BC
7FB80
000BC
7FCC6
7FC66
7FDF0
7FFFA
7FCBA
00D66
7FC0E
7F97C
004B6
7F948
00740
003A8
005F2
7FA94
7F58C
0069E
7FDC8
7F8B6
000BC
00400
00112
00E74
7F8C8
0077C
7FD04
7F9AE
005F6
7F9FA
00482
0007C
7F638
002E8
7FFC6
0009A
00612
7F412
00234
00E14
0028C
0065A
7FBE6
0054A
7FCAC
008C8
7EE42
7F968
7F6EA
0016A
7F6A8
0039E
7FAC2
00000
00544
7FE8C
7FC70
7FAD2
7F95A
7FCDA
7FE76
7FA00
00764
7FD64
010D4
00512
00478
00978
00944
007EC
7FD14
00360
0026C
00734
007E6
7F5C6
00482
0032C
00B3E
7FA12
7FC56
00692
7FFA8
010B4
7FB9A
00800
00066
7F7BC
00A94
7F992
7F8C4
000BC
7F750
7FA96
7F460
7FA5A
7FF52
7F5F0
7FE40
7F97A
00E1E
009FE
00390
001C0
7F412
7F95C
000C4
000DC
006EC
00712
004C8
7EE30
7F7F4
00B7A
00C4E
004B0
00130
7F400
7FF22
00410
7F766
7FD42
005A4
00206
005BE
7FD6A
0002C
002BE
00768
7FD96
7FCCE
7FCAA
00506
00200
7F73E
005C2
7FF1A
7F7D2
0067A
7F462
7FE30
7F8EE
00102
00164
7EA3C
7F900
7FE4A
7FD2A
00B68
00200
7FC4A
002AE
00614
7F70E
7FDEA
7FD36
00802
7F9FC
006BE
001EE
7F8EC
7FBA4
7F28A
7FC90
7FFE2
7F60A
7FC30
00B62
7FE2C
7FC0E
7FD9A
7F2E6
7F7EA
7FC5A
00024
00722
7EA2C
7FA8C
00BCE
00FE6
00490
7F202
004F4
00100
7FB8C
7FF52
7F836
7EE4E
7F8B4
7FA06
7F986
00080
7FB76
7FABE
7FE9E
00CE4
7F250
00DF4
00298
008DC
00528
00594
00C44
00310
7EEC6
007A0
7FFA4
00E66
7FCB0
0071C
002F6
7F52E
001E0
7FE00
7FD2A
002BA
7FF3A
7FCF8
7FEF0
7FD3E
0005E
7E8E6
7ECEE
005F4
7FE76
002E6
7F442
7F63E
7FDF0
7F808
7F742
0030A
7FDA4
7FE4A
00C20
0046C
7F8E4
00692
0016C
7F670
7FB62
00DCE
7FB0A
004B2
0051E
00600
7FA84
0077A
7FCCA
005C8
7FF4C
003FE
7F3C0
7F716
00350
7FF7E
7F994
7F254
004E0
0179A
00196
003FC
7FF0E
7FE00
00946
7FEDE
7FDD8
00A50
7FD96
0096C
0051E
7F8E4
7EE70
7ED0E
7FF26
7FD6E
00C0E
00000
0006C
7FB1A
7FB84
00380
00078
003F6
0045A
7FBFA
7FF28
00648
7FDD6
005BC
7FCD4
00512
0086A
00FE6
7FB10
004D6
00756
005B0
7FBD4
7FAB8
7FB86
001A4
00616
013CE
7ED8E
00388
00746
006C0
01202
007FE
007AC
7F838
0024E
00064
7FFE8
00CCA
7FE90
7FC0A
0019E
7FCE0
7F53E
7FE48
0020E
7FB4E
7F90A
007EC
007D4
7FEF4
0003E
7FE56
012E4
7F6B6
7EDF0
7F652
7FE1A
00216
009C8
00078
7FA96
00670
7F082
00C00
7F7D4
002D2
0071A
005B0
7FFB6
7F696
00A2E
00AD2
003B8
00730
7F8EA
7FB86
7F8CC
0068C
008F2
007FE
003E0
00176
0050C
00078
7FFF8
7FEE4
7FAEE
00AD2
00652
0013C
7F1B8
7F64E
7FC6C
7FAFA
00082
7FC00
7FBC8
00710
7FE6E
7FE4E
7F844
7FD12
0076A
0052A
7F8D4
00160
7FE4E
7F87A
002C6
00BFE
00298
00000
7F91E
0024E
00F42
00388
0031C
00FC8
7FA32
0052A
7FC82
7F88C
00D34
7FDB4
7FCF2
00022
7FD36
7F600
7F70C
000DC
7F344
7FB88
7F41A
7F574
7F840
7FD28
005DC
7F656
7FCDA
008E4
7F6D8
00128
00C2A
00DF4
7E986
000A4
7FFEC
00C70
7FFFC
7F968
7F824
7FC06
7F380
7FF4E
7F5E4
7FF5C
7F882
00914
7FFF2
009FE
00CD8
7F8C6
00750
7FB86
7FD54
7F8DE
00B74
002D2
7FE40
000B6
00FD2
7F71E
7F76E
0057E
7FB54
009EC
7FB38
0036C
00884
00C6E
001A4
7FF5A
7FCCE
7FBFC
7FFCE
7FC10
7FA64
000A2
00642
7F938
7FFDE
00200
7F2DC
00B64
7FFC8
00624
7FB9E
0073A
0027C
7F780
00BE0
00350
00684
7FBC8
007EE
00E7E
0054A
00DF6
7FAF6
00084
01054
7FEC6
003A4
00612
7FD9C
00B4A
7FB64
7FEAA
7FB3C
7EFAE
7F844
7FDE2
7F9B6
00600
00528
00C8E
7F6D4
001D0
7EFC2
7FEF2
7F564
0086A
7FA76
7FCC2
009C2
0077E
7FB58
7FABE
00764
009FA
7EAB4
7EF80
006C2
0092C
005DE
7FBCA
00CD4
7F4AE
0057C
0094E
0021A
7FD20
00ABE
000E4
7FBE6
01000
0038E
7FF5A
00F42
0046A
0024A
005FC
7FAA6
003C6
7F5BE
7FED6
7FC7A
000FE
00C1C
7EEAC
7F546
005F8
0074E
00182
7F6F4
004AA
7FEB6
7F696
7FCBA
00292
007D0
00D24
7F3C6
7F5E8
7F49C
009B2
000BC
00400
7FE46
004A6
7F5AE
000DA
7F978
7F3E6
7FBAE
00C1E
00326
00066
009AA
7FF84
7FEF8
00108
00658
00DDA
00A80
01004
7F4C4
00600
00046
7FA02
001FE
0056C
7FBBE
7FDCE
00546
7F9A6
015A4
7FC24
7FECE
7F600
00B6A
0013C
00CA2
003E0
00666
000A6
7EED6
00168
7FC66
7F462
7FC48
7F8D4
7FE40
000DE
7F874
7F400
009E4
000DE
00A58
7FCE6
7FAD4
7F462
00272
7FBC2
7FB42
000A6
7F9F8
7ED80
7FAD2
0013C
007E0
7FE00
7E708
00012
00526
7FAF4
0051A
00034
0023E
7FE96
7FD0E
00518
7EB8C
006F6
7FBEC
0037C
006AA
00800
00564
0037C
0017C
7FC44
7FC42
00518
7F6C0
0043C
7FE3C
00034
00BE2
7EAB6
013BA
00010
00366
7FA00
7FC5E
7FC6A
001AE
00668
7F782
007E8
7EBFC
00ED8
7FE32
7F41C
00D54
7FBDC
00C70
00538
7FD22
001F2
0042A
00D94
00946
004A4
7FE78
004F8
7F91C
7F786
7FD86
7FEAE
7FE44
00868
7F584
00644
00AB2
7FA00
7F98A
7FC5A
001DA
7F6CA
7E984
7F602
0085C
0091E
7FE78
00A40
003FA
7FE04
7FB1E
7FC98
0013A
001FA
00008
0075C
00536
7FE2E
7F726
00AC2
7FD76
00878
01252
0054C
004F8
00DA2
005CE
7FA46
00560
7FE00
00744
7FA60
7F5F2
0048E
0068E
003E8
001C0
00296
7FDA8
7F946
7F5D0
00776
005A2
0059C
7F880
003F4
010E0
010A4
00260
00D06
0057C
7FD36
7FB34
00568
7FB2A
7F9A2
7FBB0
00444
007D0
7FC06
00678
00200
0012E
7FCCE
7FB42
0075E
7FCF2
7FC42
007FC
00572
7FED0
0015E
7FD30
7FC7A
7FD6C
7FFBE
7FA0A
00BFC
0060A
005D8
7EC28
7FEEC
7FA78
7E9B6
000FC
00298
00432
00E0A
7FFD8
7FFB6
7F622
00792
012FC
00200
7FEA4
7F844
0008C
00166
003A8
000B6
00966
00608
7FD3E
7F742
002DA
7FE3E
00820
7FEDA
7FDA4
001FA
0038A
00216
00248
7FE9C
7FDCE
00BA8
7F5FA
7FF2E
006AC
00416
7F9FA
00BDC
7F116
008B2
003AE
7FDFE
7FFC0
00BDA
7FB44
0016A
7FAC2
7FF42
7FA8A
005DE
00EAE
7FF62
0010E
00158
7F97A
7FD2E
005E4
7FE06
7F952
00518
011F2
7FEA4
7FA0C
00488
7FC1E
004D4
7FD7E
7F9E6
7FD7C
00480
00BCC
00B16
7F7BA
7FE00
00062
7F62A
00B98
001AA
7F8D4
7F9A8
0044C
7FFA8
00E98
7FE8C
7F830
7F9AC
7F912
002A6
7FEB4
011FE
7F9D4
7FE6C
00EC2
000CE
00042
009E8
7FD6E
7FB2C
7FA42
003EC
000D8
7FE08
7F95E
00152
01240
009FE
0032A
006B2
00170
7FF80
7FD2A
0074E
7FAE0
7F45A
7F156
7FEC0
7FD2E
7F782
01694
7F7C2
00386
005FE
7FA5E
7F70E
001B4
00606
01C70
002C8
007AC
000D2
7F770
7FC70
00C44
7F8CC
7FAE6
0069C
0073A
00200
001A6
7F804
7EF0C
007FC
7F57E
7EE14
00672
00834
7FAC6
00698
00A36
7FDB6
004DA
7F94E
0058A
003FC
7FBA0
7F51E
7F6F0
7FE02
7FE2A
004A6
7FE2E
00B06
7FCD2
7FFC0
00414
00584
0018A
007F4
7EEDE
7FE02
005F2
00CBA
7FCB2
7FFFE
7FAD2
7FF82
7F0FC
7FFC0
7F922
0035E
7FD08
0024C
0069A
00302
00D02
7FC00
0030E
7FACC
00C46
009F2
7EF0A
7FDCC
7F69E
7FCF2
00458
00196
00114
7FA7A
7FA46
7EBC8
7F71C
7FC00
7FE42
7F78A
7FBC4
00CCE
0059C
004D0
7FD58
00CDA
7FBA6
00142
7FA88
00316
00292
00460
7FC06
7FC06
0046A
7F976
006CC
002D6
00496
7FB88
7FEA8
000DC
00A36
003CE
7F460
00842
00F5E
7F49A
7FE98
00C00
7EACE
00608
7F94E
00792
00314
7FFE0
00508
0071E
7FE2C
0070E
00536
7FAD2
7FD2C
7FB98
00152
7FC08
7FFD8
00B6A
00120
000B2
000FE
7FD62
0064C
7FB2A
7F81E
00178
00F2A
011C2
7F90E
7FDD0
7FCD0
7FE00
010D0
00C3A
7F912
0104A
7FB3A
00CE8
000E4
7F68A
004CE
0039A
7F2F0
00214
005D6
007F0
7F766
7FBFE
7F478
00040
00618
00F22
7F99E
7FE72
7FD1A
0043E
7F6D0
0067C
00390
00A7C
00284
7EC58
7F942
7FE00
007E2
00932
0000C
00690
00888
004D2
0067C
7F96A
00E34
00B7A
7F798
7FF34
00836
7F57A
7F708
007E8
7F7A8
007C8
00022
001F4
00334
7F8DC
7F6BA
7FBC2
0012A
7FCCE
002C8
7FC5C
7FEE8
7FD76
00CFA
7FC00
01198
7F01C
7FA84
004A6
7F88A
002E4
7FBDC
7F186
7F38A
00580
0023E
00116
00200
7FFDC
7FF1A
00400
0014A
7FAAE
7FF84
00934
7FE42
7F648
7FAC8
7F458
7FE8E
7FD28
00DD0
0029E
0071A
7FEF6
00654
00000
005CE
7FBD8
7F6F0
7F808
7F8FC
002E4
0031E
0027C
7FE18
7EF2A
0007C
7FEEA
7EB2C
7FFDC
7F9DE
007FE
00474
7FBB8
007A2
00A1C
0062C
7F646
00330
7FFA8
00948
7FBD6
7F6D6
7FD64
7FF24
7FEF6
003C0
7FA00
7FF5C
0001C
7FAC2
7F39A
0006E
7F524
7FBB8
004DA
00244
7FABC
002B8
001E8
7F5FC
01366
000B0
7FE08
7FE46
7FFF0
7FDA0
007C6
007E6
011A4
00678
0032C
7FCAC
7FF84
00AB8
7FDCC
00600
00B12
7EB7E
00200
0017A
0054C
00ACC
7FD24
7FFB8
7FD80
00478
7FF2A
006C6
7F572
7F8B8
7FFC4
7FE68
00DB2
00FA0
00602
7FF24
00B9C
7F404
7FF82
7F560
00AB2
00656
008CE
00752
7FF64
7F73E
7F896
7FCD8
004BA
00276
00200
000CA
00338
7FD98
7FBB6
00064
7FF74
000F4
000D8
7FFE2
7FF48
7FCC0
00342
0036C
7F92A
7F8B6
011E6
7F8D6
7F9FA
7FAB6
008E2
0029C
001D0
7F698
7F608
7FE54
7F576
7FA90
7FD58
7FFC4
0025E
7FFCC
00600
0000E
7F45C
0050C
7EE3E
7FB60
0035C
000BC
7FB2E
7FCE6
7EF92
00908
00784
7F5AA
0000E
7FB46
7FE04
0014E
00F70
7F354
7FD4C
00104
0110E
7FCCA
7F5FC
7F9EA
7FABA
7FEFA
007C6
7F7D2
00EC0
00748
00800
7F48C
003C2
7FFC2
0052A
7FEF6
000D6
7FB16
7F778
7FC36
00620
7F954
7F768
7F94C
00048
7F080
00BEE
7FCB2
00560
7F67C
00E70
007D2
00108
001D8
7FE5A
008BA
7FF0E
7F2A8
00196
00B40
00326
7FE7E
7FC02
00032
7FFA8
00ABA
7FBFC
7F26E
7FC06
0012A
00850
00C9A
006A2
7F286
001F0
7FFDA
00D08
00832
007EC
7FF5E
7FF3E
007E6
7F86E
7F874
7FECE
00D5E
009AE
0090E
7FC0E
00D88
7FD46
7FE88
002C0
0085E
00400
7F9FE
0043A
00020
01504
0034C
011A2
0018A
7FA02
00606
00ABC
00646
7F594
000F6
7FF14
7FA54
7FC00
7FB66
005B6
7FEA0
00748
0118A
7FB08
005EC
0067A
000F2
00A5A
00362
7EB56
7F936
002C0
7FA90
00000
00A84
000D8
00E2E
00248
7FD0A
00A84
00382
7FA00
009F4
7F976
004D0
7FC14
00382
7F5F0
00E6A
00000
7F8B2
7EC3E
00000
7F968
7F12E
001C4
00C68
7F584
7F676
00A6A
00494
7FB02
7FF40
7FF40
0054C
7FA00
7F560
7FFF4
0071C
00964
003CC
00840
7FB82
00328
7F356
7F12A
00B00
00592
7F76E
0036E
7F546
7EA0E
00156
7FD3A
00952
7FAA0
7F6A4
7FF7A
7F942
009F4
7FB80
00CA0
01004
002FE
007D8
009A2
007F8
00600
7F146
001D6
7F5E6
7F572
7FF92
00270
00870
008CC
7FA04
00CBA
002C8
7F5F6
7FF9E
007A8
00122
7F5FA
00758
00350
00B30
7FE92
7FC4A
00828
7F6CE
009FA
00C9E
00316
0026E
00974
00624
008CA
7FBC2
7F000
7FBF8
00996
00812
00482
7FFC6
7F4D2
00DE2
7FF6A
7F342
00836
7F6E0
008D2
7FB78
010C4
7F78A
7F604
7F2A8
00496
7FE02
7F40E
001B4
007B4
7FA28
7FF6A
00A92
7F7F8
7FF1C
7FBE2
7F928
00DDA
7FB2E
00FFE
7F47A
7FE88
7FAC8
7FA58
0000E
00BEE
7FF88
7FC9C
7FBA0
0027A
7F1DE
7F060
00032
0009E
7FC38
001FE
00ADE
7FEA0
0048C
00532
0067C
7FC2E
006B2
7FC92
7FD6C
7F21C
7F76E
002F6
7FE62
7FC0A
7FE32
7FE00
00290
7FBF2
7F832
7FC1E
0102E
002F2
7FDA0
0036E
0041E
001E2
7F686
7ECEC
7F5AA
003FA
00256
007FA
7F7B0
7FF70
0063E
005E4
0075C
00340
7FD2A
00BD8
7F86E
7FC9E
0095A
7F8AC
00682
7F126
00548
00A00
0032E
006E2
7F454
7F424
7FCE6
0048E
7FF62
000A6
7FCD2
7F6AA
00D68
0045A
00B48
7F936
008DA
7F816
00D20
010EA
7FE70
0119E
01576
7F88E
7FFC4
7F818
0052A
00786
001A8
7FE2E
004F8
7FE6E
7F5BE
7F800
7FE60
7FF98
7F9FE
0057A
7F9BA
005B2
00526
7FF2C
7FD42
7EE9A
7F64A
000A2
00056
00FC8
7FFDE
00BFE
001F4
7FD7E
00570
7E778
7FC1E
7F280
00B22
7FA00
008B4
7EF3E
7FF64
008EC
003A6
7FC04
00088
00BFE
7FED2
008CA
001A8
00126
00058
7EEA8
7FF5A
004D4
000F6
00248
00EE0
7FF5E
7FD84
00A06
006BA
7F802
00370
7F7C8
000A4
7F1EA
7FCC2
7F4E0
7F914
7FA00
001CA
01234
7EE66
7F714
00036
7FE74
7FB78
7FA00
7FCAE
00198
7FAE2
7FBFA
7FC68
7F522
000A0
7FB68
7FD90
7FAD6
0066E
7FDEC
0033C
0029A
7FFD4
7F408
7F0CC
7FCD0
7F58A
7FAB2
00052
7FE2E
00060
7F9C6
7F324
0123A
00296
011E4
7F944
004B4
7FE54
001FE
7FED8
7FDB0
7F380
7FE60
7FC52
000E4
00016
7F89C
7F2C0
00B64
0037E
7F6D2
7F9E4
7F89E
00CE4
00002
00E1A
0089E
7F7A0
00AF0
7FB4A
00080
00872
0023E
00232
002BE
0015E
7F960
7F562
00B58
00212
7F600
7F29C
7F874
7FB9E
0017A
00FD8
0031C
7FB40
0012E
005D8
7F6E8
7F4E0
7FD4E
7F862
7F790
0026C
7FA06
7F804
00402
7FC5A
7F254
7F9CC
0058A
00258
7FC02
006CA
7F700
00146
005FA
008B8
7F53C
00738
00200
00EEC
7FF08
7EECA
0002A
0004A
008BC
7FFA0
006D4
00238
0054E
7FEDC
7F90C
000C0
7FF02
7FE5C
7FE0A
7F79E
00234
00D74
00408
016C8
7F784
0090A
7FBFE
7F97A
7FF26
7F062
7FB9C
003EE
7FB48
7F848
7F600
00466
7F8F6
00350
7F902
00476
7FC4C
006CE
7FC92
7FAAE
7F4DC
7FF0E
7F820
00756
7FF0E
000BA
007F6
7F896
00A3C
00188
004A4
7F896
004B8
00912
7F6FA
7FC3E
0013E
7F38A
00202
004C2
00434
7FD36
7EE02
0028A
7F70C
7F9B4
7FFAE
7F320
7FBC0
0030A
7FF6E
00E5A
00C58
7F72C
00422
00462
7F8FA
7FC46
7FC0A
00902
7FA90
004CE
00A68
7FB22
7F35C
7FE88
00512
7F214
008C0
7FC56
7FA02
00456
7F3D6
00ACA
7F200
0013A
7FD48
7FB8A
0030A
7FC1E
000D0
00344
7FD84
009A0
00704
00D84
7F476
7FC2A
7EEB2
0089A
001FE
7F1C8
005C2
7F714
7F942
7FE22
7F97C
0056C
0032A
7F458
0051A
7F448
001B8
00DB2
00494
010AC
7FA00
002C6
00D08
0078A
00844
00A66
0095C
7F934
00E7A
00902
7F9B6
7F5FC
00B88
00868
7F98A
7FFE4
7FA00
0097E
008E2
006E8
7FB6C
0019C
7F9FE
7F9EA
008D2
7FE6A
7F12E
00BD0
7FE48
002C4
0058A
00652
00800
7FF38
0078E
004DE
00288
7FE6C
00BEC
7F736
00952
00A3E
00618
00A20
007A0
00594
7FBE0
009C2
7FC00
7F612
7F2A2
7FE22
011AA
7F8AA
7F814
7FD78
004D2
7F096
000E4
00022
7FC5E
000EC
00538
7FDFC
7FC02
0029A
0040E
00CE4
003CE
0035E
7FC9E
7F2D4
7F2BE
7FA12
0050A
7F75E
007A2
00750
00DF6
7FBA8
00002
009CA
0041A
7FEE4
7FFE8
00820
001B8
7FCB2
7FF2E
7FE22
0019A
7FAD6
7FC5C
7FAE4
7FE88
00D04
00600
00606
0027A
000DE
012F8
0098C
0040A
7F6E0
7FD2A
006D4
00482
7F658
00734
0000A
7F8A6
7F676
7FE04
7FB90
7FF24
7EDF4
7FD50
00208
009DE
7F05A
0099E
0031A
7FA22
7F634
006D4
00494
7FDF8
00F5A
00200
7F5FC
7FCA8
00394
0043E
7F89C
7FF74
7FCEC
002D4
00652
00584
7F27C
00A50
7FE9A
7FC7C
001E2
001FE
00B78
00D06
7FB8E
0035C
7F9CA
7FDF8
00F22
7FE58
007DE
7F08C
017EA
7FF7A
00384
0019C
0007A
7FE00
00100
00974
00138
7F6C2
0010A
00A70
7F996
00370
00156
7FE08
7FAE0
0068E
00206
7F63A
003F6
7F410
00114
7FF9E
005AE
00A50
00830
7FAA2
00234
7FAF4
00290
7F260
00ADC
00794
00754
00708
7F800
009FE
000C4
00110
7FA7C
7EF34
0001E
7F08E
00096
00096
00158
7FF84
7F06C
7ED0A
00766
7EE10
0050C
7FC0C
7F20C
00C48
00D64
7F7E8
001FA
0059C
00982
00910
7EF8A
7F980
7FB1E
7FCEC
7FA78
7F964
7F8D6
00400
00FAA
7F908
012E6
01CF2
0051A
7FBFE
00064
005C0
00056
00064
7FC52
7FB60
7F87C
004F4
00224
7FE00
005E0
00426
7F966
7FBDC
7FED8
004E8
005E8
7F498
0045A
7F78E
00330
7FD18
7F2C6
7FBAC
00D90
00000
003CA
7F840
7FF70
00006
7FEF0
0019C
00AB4
00E3C
7FB94
7FD10
0038A
008A0
7FF5E
7FA62
7FC7A
7FE00
7F506
0003A
00BA6
7FF2E
7F930
00324
0020E
7F76A
007FC
7F556
00590
006E8
002AE
7FF56
000BE
7FE00
00116
7F9F6
00916
0023C
7FCA8
7FA56
7FDB8
008D8
7FD06
0018C
00538
00552
008D6
7FED4
0038C
7F5FE
7FBAC
0013C
7FAF6
7F61E
7F56A
006C8
00784
00278
002C8
00320
7FD8E
7F7E4
7F2AE
7FC30
7F954
00600
7F822
7FF08
7FB0A
00B62
7FB96
7F9B0
7FD4C
0032A
00282
7F31C
00C46
7FDF4
00722
7F532
00DA2
005F4
7FE60
7FDD4
00A3A
00C36
00068
7ED3C
7F56C
7F18C
005BE
00044
002E4
7F4DA
7F416
7F7E0
0023A
7F600
7FBD8
00388
7F850
005C8
7F7C0
00952
7FD0C
7F2A8
009E6
00028
01522
00564
003EA
7FB76
7FB06
7FE06
00908
0000A
00760
7FB20
0012A
000C8
7FD3A
7F6B8
7F374
7FD1E
7F23E
7FC24
7FB7C
00494
007C2
7FE02
0080E
00534
00278
7FD84
004EA
7FEB0
001FA
00942
005EA
00198
00A60
00036
7FCE8
00C7E
00294
7FDFE
00B14
00290
000FC
7F1A4
008B4
00732
00A66
00D58
7FFBA
7F5DA
00656
7FE42
001AE
00358
7F8AC
00C00
01258
7F942
00152
7F77A
7FB32
7F85A
00020
0036E
7FE4A
7FB70
00740
7FD66
009D2
0116C
7F89E
005F6
00BC0
7FAC0
7FBD2
7FAE2
7F2FE
7FD4A
7EC74
00490
7EF58
00368
0090E
7F22C
00D5C
00480
0050C
00000
7F2C4
7FA18
00988
00882
7FA24
0049A
7FE14
00098
000C6
7FEC8
001D8
00038
7FE78
0085A
00BC6
7EE32
7FF9C
7FEAC
01284
00508
00AA2
7F722
00348
0076A
010BE
0059C
7FAEA
00038
0072E
0004E
0021A
00400
7F2F8
0032C
7FD34
00480
7F32E
7FDF6
0033A
0063E
7FD90
0039C
01A5E
7F79A
7F0D2
0013E
7F2B2
7FA00
7FD84
00388
00692
7F3FC
00EE4
7FE2A
011AE
0023E
00462
0095A
7FA9A
7FF02
009D8
7FCE8
7F8E4
00400
7EF12
00B58
7FC00
7FA52
7F828
00356
7F09C
7FDC2
7FB98
00006
7F89C
7F3EA
00310
7FF9E
0050E
7FE00
7F34C
00398
7F2B6
00530
7FFCE
00630
00630
7F9C2
7F8FC
7FD58
7FFEE
7FD7A
7FEDA
7FC94
003A2
7FE00
00828
00526
001E6
008C4
7F6AA
7FB3C
00D20
7FE3E
7F518
7F962
0052C
7EFCA
7F444
7FD82
005D4
00402
007EE
7FCA6
7F898
7F31E
7F8D0
7F8A0
7FFA2
7FC9E
7FA40
7F408
7FD68
7FCC2
00076
0021C
7FC0E
7FE02
7FE0C
003B8
7F914
00826
7FBA2
0014A
00BE2
7F5CC
005E2
7F354
00158
7FCFE
7F6AE
00D56
00E32
00000
7EF88
7EA74
7FD64
7FBFE
00746
7FF92
00F0A
7FF64
00870
00F56
7F938
0068C
006FA
7FE52
7FA20
00800
009E0
7F670
7F920
00872
7FF8E
7FA2A
7FC4A
7FD2A
00504
0046E
7F77A
0033A
7F1B6
7FC2A
7EF14
003FA
0095C
7F304
7EFAA
7F794
7F83E
7F9BA
7F578
0052A
00B20
006A2
005FE
7F9BE
7FF84
005E2
7F8B6
00000
005AE
000D8
0005E
00870
7FA08
7F0D8
7FF74
002D0
7FCE2
7F9D6
00148
00DA4
00740
7FE6C
7FEEC
003FE
7F6B4
00A60
7FC7E
7F796
7F884
7FFE6
0033C
00AD6
7F9F0
00664
7FBBA
7F566
006C8
7FAD0
004F0
00400
7F178
7F8C0
0011E
7FF6E
7F66A
7FDA8
0123C
7FD68
00224
008F8
0057C
00F6C
00C50
7FA7C
7FB96
7FA0A
0069A
00626
00A9A
7F2A2
00548
7F12E
003A2
0043A
7FFB8
7FD42
0046E
005BE
7FF9E
005DC
00C4C
00002
00F44
00AB2
7FFB2
7F760
0161A
007AA
000DC
7FABA
00A34
003DE
7F980
7FF4A
7FB06
7F7CE
7F9C8
009E4
7FB4E
7FE7C
7F0DA
7FEA2
7FBB8
7F614
005B0
7FBC0
7F64E
7FDD0
00502
00358
006A6
00B36
7FD54
00C00
7FD7E
7FC0A
0001A
7F8EC
7F93C
7EEBC
00974
7F32C
7F398
00216
00822
7FA6A
7FA42
7FDE2
004E0
00400
7F1D6
7FF66
004A2
00C42
7EED8
000C6
00016
0032A
7FE40
7FD44
7FF9E
7FA30
0131A
7FC36
7F810
7FC00
7F7E8
00E86
00642
005E8
00B6E
7F032
00410
7F8D4
7FE70
7F4E4
7F93E
7FEC0
7FD1A
7ECBC
7FE8C
00BFE
7FF56
7F956
00BC6
7ECEA
00106
7FCFC
0007E
008D4
0028A
7F870
7F83A
004A2
0079E
00C7C
00664
7F800
7FF84
0021C
001F8
7EE6E
0001C
006BE
007B6
007FC
0065C
7E8B6
7F070
7FA94
00710
7FA20
7FF42
003F8
7F54A
7F424
7FD4E
0014C
7FAA6
0145A
7FFE0
00874
00AEA
00A9A
005B2
7F448
0062E
7F19E
7F760
7FC02
7FD58
7FFD8
7FDBA
7FD2A
7FC08
7FB06
00310
007FA
7EDDE
7F3F6
002AE
001F4
00858
0033E
7F952
007EE
7FF08
7FF96
7FEA4
7FB32
7F8C2
7FAD4
00CC4
7F782
0045E
00318
0004A
7F752
00626
00018
003F0
7FE00
006F8
00682
7F94A
7F938
000A0
7EF66
00834
00202
005D0
7F384
7F9BE
00CC8
00032
002BA
7F8B2
7FDFA
7FCE6
00A50
00058
7F416
7F436
00A92
005FC
009F2
7EF02
0025C
00366
7FA34
7F4E2
005DC
7F912
7F602
7FF84
7FDEE
00366
00DFE
00222
7F59E
000E8
001FA
7FCC4
008B0
7FD56
00264
7FDFC
7FCB4
7F992
7F610
7FA2A
0048E
7FA7C
7FCC0
7FB50
0088E
7F20E
00A06
00C04
7FE22
0094C
7FE84
7FF48
7F2BA
7F83E
7FC00
7FFDE
0008C
7F920
7FD70
7FEE6
00076
7FABA
00FE0
001E4
00296
00436
7FE86
0012C
0050E
7FE70
003F4
000A2
002D2
00824
0085A
00D12
7FAAA
7F996
7FD2A
7F27C
000B6
00038
003AE
006BE
7F336
00AE0
7FC00
7FF06
7FD06
00FE0
004C8
7FDE4
00BD4
001A6
7E852
0040E
7F868
7FEF2
00160
000B4
00068
00314
7FC0C
01460
00534
00A1A
0053A
004FC
7FEAE
0009A
002D4
7F804
7FEA8
7FCD4
7FC54
003B6
001D2
001C2
7FE00
0112E
7FC64
00196
7F926
0012C
0091E
00606
7FA02
7FEFA
00C00
7FF4C
7FC20
001AA
7F838
7F71C
001FE
7FE70
00842
7FE2E
006D6
0050A
7F638
7FB12
7F458
00F62
7FDFE
007AE
00964
7FAFA
7FF08
008CA
005FE
7FE0A
0060C
7FF92
7F530
7F756
7F0B8
00C66
7FA00
7FD86
00844
7FFDC
7F6E8
0000C
7FE8E
00136
001FE
7FA54
00D4A
7F3C0
7F2D4
00A72
007F0
00326
7FFA8
7FC1E
005B6
0160E
00B90
00B4C
00230
7FE38
00A00
7FD3C
001B4
7F4D0
00310
00174
7F490
002FA
7FBAC
7F92C
7FB02
00ED0
0048A
005BE
00D80
00422
009F6
00184
7FA7A
7FC04
7E562
00314
00012
7FB56
001FE
7F344
7F46C
00B64
008AE
7F02E
7FA78
0021C
001FE
00348
7F7A6
7FB5C
7F846
7F920
7F84E
002A6
7F062
7F9E6
001CA
0032E
00120
00290
003DA
00270
7FA14
7F526
00786
0029E
7FF6A
009FE
007C4
00532
001F2
7FBF6
7F38A
003BE
7F1B0
00684
7FF7C
00112
7FE00
00114
7F406
002CA
7F3F8
7FAB8
0065E
000CE
7F9FE
00842
7FF5A
7F7B6
00A96
7EDBC
005A8
0053C
00200
7ECAC
006D2
00D28
000F8
7F914
00854
7FD78
00674
7FA98
0003A
7FD42
00338
003AA
00B8A
00530
7FA02
7F698
00CB4
0063E
00384
7FBBE
7FE0A
00080
7FA0C
010D8
7FE5C
7F9D4
00B7C
7FCD4
01328
0035C
00600
0100E
00BBC
006A0
0077C
00348
7F4BE
00084
7F582
7FE50
7FEC4
0045A
7F6AA
7F85E
00A30
002D0
00000
7EC20
00BFC
00874
7F21E
0000E
0087C
7FED2
7FD28
00752
00078
7FDFC
7FD34
7FCDA
00666
7FCDC
00004
00B70
7FB2E
0070C
00F5C
00ACC
008D0
0072C
00524
0013E
7FE72
00BF2
7F6D4
7F8DE
007AA
00790
7F800
7F2E4
7FB5A
002B2
0042C
012B0
7FC52
7F61E
002C4
7FAA6
00546
006B2
7F940
7EF2E
007E2
7FC50
007EA
7F848
007D0
7F854
7F266
7F836
7F186
00D66
00ACE
7FF30
01192
7FFD0
00ABE
000D8
00ADA
7FA5C
00C00
00178
0010A
0005E
7FC10
7F334
00D04
00458
7F586
00B88
00D50
00650
00914
7FEC2
01200
00078
003FE
7FE38
001DC
7FFEE
7FDCC
7F7AA
7F13C
7FBF2
7FF2C
7F4B0
7FCDC
008A6
7F81E
00626
7FC5C
0000E
003FE
0093A
7F956
007E6
7EF74
7F52A
7FDD6
01858
0067C
00686
003AA
0001C
7FDBC
7FA96
7F728
00568
7FC00
7FE00
7FE1E
7FF14
7FEAE
00878
00990
00468
004D4
7FDA4
7F7D2
7FE52
0090E
00CAE
7F4D6
00854
00000
00C4E
00098
7F9AE
00162
005DE
004D6
7FED8
007FE
0077C
00140
00ACC
00648
7FC06
007EC
7FF92
7FC02
00FA8
7FC64
00184
002EA
0011C
0058C
7FA82
7FA60
00172
012DA
7FB06
00074
7ED64
0029A
00594
00800
0012E
00376
7FFA8
00694
7FED4
7FCEA
7F8F6
007F6
7F6AE
00EF0
00AA6
7F9B6
001D6
000C6
7FB5C
7FC06
7F90A
7F8F0
00680
00510
007A0
7ED70
7FDA6
005AC
7F588
00376
7F976
7FF8E
7FC0C
7FFFE
00448
00400
7F11A
00B94
7FB82
0041A
00DDC
00AE6
7FE42
00698
00780
7F810
004DE
00690
00192
7E7A8
00232
005F6
7FC66
7FFBA
7F3CE
7FF24
0018C
7F0E8
00AE8
7FFBA
00B92
00C98
7FA98
00886
00A06
7FB1C
7FD1E
00000
00606
00552
7FA50
7F918
7FC24
7FDBE
7FDA2
00966
7FE08
7F7DE
7F476
7F34E
7FEBA
0044E
7F9DE
00DF4
7FE60
7FCE4
0001A
003AC
0059E
00422
003CE
00840
00CF6
005BA
7FBF2
00D7A
7F48A
00B4C
002B8
00400
7FC7E
7F68A
7F2F8
7F700
003AC
7FA64
004C0
00606
7F46A
7FA86
003E8
7FB4E
7ECFC
009CE
00080
00BE8
7FDEE
7FB84
7FE3C
0085C
7F798
009B2
7FAC4
7FE08
008F4
019E8
7FD80
00384
0050A
7FC1E
7F9BE
7FBFE
00A20
7FEB6
7FFA8
00084
002D0
7FF7E
0064E
005FC
007B0
7FDB0
7F52E
7EEA8
7F9DC
7F41E
7F59A
7FC0A
7FC48
7FE72
7F3F0
0001E
7FB76
001F2
00396
7FDFC
7F5A8
7FEBC
00962
00296
7FF00
0007C
001E6
00800
002E8
00444
7FB5A
7F742
7FB5A
7FC28
008C8
7FA56
0072A
7F128
7F902
7FCEA
00316
0062E
00414
007FE
7FB64
00286
00238
7F554
7FFF2
7FA32
0024C
7F400
0089C
007FC
7FCF4
7FB62
7F812
7FC6A
7F082
007FE
004C4
7F220
006F4
015B4
7FD22
7FCAC
7F508
005A6
7FB6C
00080
7FD3E
7FF14
003E4
00726
7F354
7F002
00A96
7FBCC
001C8
7F5B4
009EA
7F1A8
00722
7F402
00276
011AA
001CA
0009C
0034C
7F190
7F584
7FE00
7F028
00486
7FD42
000A0
7FD14
7F976
00552
00896
00308
7FF42
00806
7F6B0
7EA28
00B46
7F3E4
7F80E
7FD7A
7FCB0
7F858
004BC
7F03A
00072
7F9BE
7FF6A
7F55C
011E8
006A0
7F67A
002D4
0099C
7FB86
001FE
002C2
7F638
7FE34
7FE38
0035E
7FE72
00562
00B60
00C3E
7F34C
008BA
7F838
005EA
0179C
0043C
007F4
7FB86
002EA
7EDA0
7F47C
00074
006B6
7F386
7FC8C
00AD4
00124
0027A
7F2C8
000B8
7F464
7F926
00200
7FDE4
7FEE0
00414
7FD8A
7F960
0073A
7F1CC
7FD66
00568
00F1C
7FC2C
00774
7FA4C
00118
00C58
00C04
006FA
0060A
00A2E
7FA12
7F956
00722
00836
0016E
7EF7E
0012E
003DC
7FED0
00582
00B04
00180
7FA02
007C0
7F19A
0013E
7F7B0
004F2
7FC18
7F84C
7FA9E
7FF20
001E0
7F7AC
7FDB2
7FFF4
006FA
7ED04
00002
004C4
0008C
00382
000C8
7F536
007F0
7FC56
7FE96
005E0
006B6
0007A
00BFE
0080C
00A88
00B02
00800
00402
00CA2
7F5EA
7FD42
007CE
7FA88
00742
00534
00AE2
7FA12
00758
7F98A
0085E
00554
7F032
007F0
7FA1A
00554
7FC54
7F9DE
00CFA
0006C
7F24C
7F0C0
7F24E
0044E
00184
007C6
7F1B8
7FACC
7FC84
7FC00
00628
008D0
7F08C
00578
7FA80
005C0
00456
00ACE
00506
014D6
00868
00616
7FAAE
7F044
000D4
7FC0C
0027C
002B6
7FD66
00362
00A6A
7FCF4
009DE
0074E
006E2
7FEFE
7FE88
0089E
001A8
0021C
7FAB0
7FA00
7FFD8
7FCA0
7F918
014F6
00854
7F50E
004F6
7FA1C
7F864
7F932
010C0
7FD2A
00B86
00248
000DE
00BFE
7F528
00316
7FD60
7FB80
0063A
0064A
7FEE0
7FD6A
7FBA6
0081E
7FB4A
00B50
7F830
00042
7FA5A
009FE
7FBBE
005D8
00884
006D4
00320
00980
7F7D4
00DE6
00D9E
0071A
00D06
7FA5A
0093C
7F776
7F886
00000
7FD2A
00272
7EF6E
7F8B4
007BC
00E70
7F9AE
7FA96
009CE
7FF94
7FF24
7FD2C
0003A
002AC
7F04A
00400
7F7A6
010FC
7FC7E
00670
00194
7E9DA
00050
7F9DE
00AEC
00370
00946
00302
7FDBE
7F072
00544
7FFFE
009FA
7F540
0050A
7F9DE
7FDE0
7FE5C
007EC
007F6
7FA52
006C8
00C38
7F9F0
00124
001E6
7F882
00800
009CE
00444
00836
00BA4
00EEC
7FE18
006EA
01612
00186
7F220
7FBAC
7F980
7F812
00090
7F594
003FC
000FA
7FB24
7FAB2
7FC08
005BE
0040E
0094E
007FE
00820
7FE02
005A2
7F1AA
7F99C
002BA
7F8DE
00600
7FA58
7FC56
7F4D2
7FF60
7EF00
7F9EA
000D6
7F618
0073C
7F598
00336
00AAA
7FA68
0086A
00812
00000
7F4C0
7FC3E
00B96
006E2
00516
7FAA6
00BEC
7FE9E
7FF14
00088
7FD8E
7F700
011A0
004B6
7FC7E
00200
7FC30
7F94A
7FB42
7F4B0
00AEC
7FB74
006A4
009DE
008AC
7FD70
001FC
7FC9A
7FC64
7FADC
7F4D6
7F802
0073E
003D0
7F612
7ED32
7F520
7FF1C
7FF4A
0016A
7FE82
7F6CE
7F4FE
7F9C6
0033E
008F4
00A62
00400
008CA
00A6E
7FE7C
7FF3A
00212
7F418
002C6
7FD26
7F754
7FC9E
000E8
7FD72
00E46
00AE8
7F758
7F01E
010BC
7FA90
00F1C
004CA
00154
7FA00
7FB26
7FD30
7F5D8
00164
7FF42
7FC1E
0043E
7F8D4
000EA
00400
010FA
004EA
7F716
7FF3E
7F9DE
7F5CA
001C4
002C6
004EE
7FFD0
007E2
00C20
00772
000E0
7FE52
017C0
00172
7FBAA
7FE28
004B8
003BA
00670
00206
002D6
00D7C
7FCB0
00094
00238
7F98E
7F12E
7FC70
7F000
0055E
00590
006BA
008CE
00BFC
001E2
004E0
7F52C
00734
007DC
7F3C8
7FFE2
00DF4
00BCA
001B4
7FC00
7FFF2
0084C
00592
7FB88
00D36
7FABA
00DE6
009A6
00610
7F886
00038
00248
0024C
7FFD0
7F910
7FC00
00588
00192
7F9EE
7FA08
0092A
7FB06
002E2
7FAD4
0002E
7FED6
7F674
002F2
7F476
00C8E
005D2
00000
00834
00636
0049E
001A6
7F502
002B4
7FED4
7FE58
7FF7A
00B1E
7F412
7FAE6
003E4
7ED7A
00188
7FA00
00BD8
7EF8A
7F76C
7F740
7FB68
7E99C
7FB34
7F1D6
001CE
00366
7FF4C
7F9A6
7F6AE
00568
00610
7FE00
7FA9A
0000C
00492
00024
00AB2
0041C
7FEA2
7F666
7F7C6
007E6
7F832
7F890
7F920
0034C
7FA10
7FE00
7FEC8
002EA
002E2
000C2
000D4
7F81C
00BBC
00E14
7FB34
00984
7FF90
7F8C2
006D4
00056
0134A
7F210
7FA98
00FE2
00CA6
7F7E4
00264
0013C
7F1E6
001AA
7F016
7F8CE
0021E
00520
7FB4C
7FFEA
01048
7FE00
7FCB6
7FD68
00726
00B62
004D6
7FE8E
00102
0036C
003CA
00DFC
7FB66
7F024
7F50E
7F2A6
00A38
7F80E
008D4
00766
0087A
00242
7FFCA
7F1D8
0071A
002BC
7FE1A
00F62
00116
00326
7FFD4
00272
7F8B6
7FE00
7FBAE
7F4EA
7FF9E
7FA40
00770
00B3C
00424
00098
00332
0010C
00972
7F4B4
7FE32
00416
7FAA4
7FBFC
7F8AE
7FFC0
7FD12
7F824
0052A
7F466
00628
7E93E
7F10A
0082C
7FDB8
7F820
7EBC0
7F6D4
7FFEE
00000
7F520
00344
00BEA
00C62
001A6
7F97E
00D16
0071E
004A0
7FAC6
7FFCA
0055A
00D72
7FBBE
00D8C
005F4
00214
00582
7FEC8
7FEE0
7FCC2
003A4
00632
7F3D0
00568
7F356
0073E
7FA1E
7FCDC
003D0
00900
7F7FE
01258
007E8
001E4
00144
003E6
00670
7FF9E
7F900
7F58A
7F9D0
00924
00814
7F3E2
0043C
7F738
7F226
00B62
005CA
003AE
00382
00678
7FC64
7FCFA
7FC3E
7EB8E
00170
7FFB4
00830
7F930
7FC3A
0022E
00800
7FAF0
7FE62
7FA86
7FF62
7FE56
005A8
00980
7FDFE
7F69A
00926
00E02
00334
008FE
0097E
7F5A2
003FE
00104
008C8
0062E
000EA
00290
00A16
00688
00E7A
7F9C0
7F576
00158
7FEA8
000B2
00720
7FDA2
7FC00
004A2
7F87E
7F5CC
0049C
0097A
00252
7FCFC
7FE00
7FE84
7F752
001AA
0041A
7FA7C
7FE82
003E0
00FFE
7FE8E
00BA4
7EA24
00314
00540
7FDE6
7FFF4
7FD84
7FB60
7FEC4
00E54
7F20A
002C8
000DE
7FBDE
00400
7F120
7F780
00DF6
008F8
7F0E4
00EA2
7FA00
7FAD6
7F394
00152
7FAA4
00390
7FDCA
7F26A
7FD6C
7FC00
00B44
00014
7FAF6
7FBF8
00790
0040C
00516
7F6DA
7FBB8
002DC
7F9AC
00776
003B0
0077A
7FEE8
00402
00380
7F972
7F7C4
004A2
7FCA2
7F60C
7F4F8
7F538
00134
7F3FC
00344
7F928
001AA
0097C
0086A
003F6
7F9F2
00162
7F4C2
0065E
00582
004EC
00236
7F130
7FA7A
0057C
7F7B8
00BCA
7FD90
7FEE4
00046
7FC00
7FFBE
00476
00A28
001B8
7FA16
7F48A
0052C
7F416
00220
7F922
7EF82
00CD6
7FE18
7FF7C
012A0
7F608
003D4
006E4
006D0
00C7C
01246
7ECF6
7FFAE
7FAEE
007AA
001DE
7F9A2
7F740
7FE4C
00FE8
000CA
00000
003B8
0074A
0046E
7FAF8
00708
7F5B6
7FBE6
007D8
00132
7FFFC
7FBB4
003F8
7FC7C
7F82A
7FC1A
7FDF2
006C6
00092
7FC2C
006A6
00348
00A3C
009EE
00914
7F6E4
001AC
002EC
7F7DC
00052
006F8
00C36
00400
7FABA
00CDC
7FF08
006D4
0140E
7FF94
0029C
01052
00134
7FA12
00226
00208
00822
0034E
7FDDE
00DEC
7FBAE
001B0
003B2
7F73E
0088A
7F026
7FFEC
7FCF2
7FF76
0036A
000B8
7FF0A
00124
00792
0098C
00BFE
00A9E
00412
7F854
7FECC
7F66A
0088A
0093E
007D2
00010
00138
7EE4A
003A0
7F91C
7FD26
005F0
001FC
7F51E
00096
7F4D2
00310
7FD0C
7F478
7FE6A
00B12
7FDDE
7FDF6
013B0
7FB5E
7F906
7FB4C
7F43E
00600
7FC2C
00B0E
0086E
7FAD4
7F910
004FC
7FD5C
7FC58
00FCA
005A4
7FA5C
7EAA6
7F97E
00FA8
00946
005FE
00B54
7FF9A
002D0
00126
7FBE4
7F9D2
7F1F4
005FC
7F9C6
00440
0092E
00024
7F93E
0118E
00660
00600
7FEC6
7FBC6
00252
00ED4
7FCA0
7FDEE
00576
007A8
01002
7FB88
004A8
0060A
7F4BC
7FFE2
00B92
7FE00
005BE
00738
7FED2
7FD32
7FCD6
7FA50
7FBB6
00600
7EC54
7FCEA
006B8
00728
7F82C
7F7DC
7F8F6
7FA00
7FB8E
0083A
7FD7C
7FCC2
009C6
0140A
00368
002D0
7FA9A
7F09E
000BA
7FBF8
7F964
003EE
00914
7F60C
0007A
00F94
7FE66
7F838
7F108
002A2
7FF78
7FB8A
7F65A
7FF52
7FE00
0054C
002F8
01088
7FE2A
009FE
004EC
0084A
00E34
7F876
001CE
00184
008D2
7FD2A
00E82
00192
7E91A
00C78
00A14
7FF68
00A2A
00DF4
00660
0040C
7FC6A
002A2
00060
0056A
7FE52
00C7E
7F928
7FA40
7FB1A
7F23E
7FC9C
7FE64
7FB2A
00600
001B8
00750
00088
7F6C6
7FCAE
00422
00B06
002D6
7FA96
005D4
7FB68
7F3CA
0038A
0011E
0146C
009FC
00762
00344
00BC2
00618
000E2
7EAEE
0019A
0012A
0054C
7F3F0
7FE00
0000A
7F5DA
7FA3E
7F9F4
7F600
00C08
7F8FA
007F2
00270
003C0
7FDB8
00368
7FD32
7FD34
7FF9E
7F53C
00576
7F8EE
001AA
00F52
00206
7FFB8
0046E
0054E
7F8C2
0074E
00B30
0029E
006D6
7EE0C
00E92
0012E
7FECA
00520
7FB02
00630
00400
7FCDE
7FA16
7F79E
0052A
7FAD6
7F7DE
0040A
7FAA6
7F734
010C6
7F272
00150
00614
7FB92
7EBF2
7FFFE
7F136
0016E
7FDEC
003A8
010AA
00516
002D0
7F860
001E6
7FBFA
00208
7F790
7FC02
7FE7A
007A4
7FC00
00CC4
7F9F0
003B2
010D2
00826
00336
7F770
0111A
7FB62
7FFDE
00420
7F3FA
7FC18
7FC12
7EF92
7F816
0026C
00CF2
7F290
7F648
7F974
7FD86
0090C
003A8
002EA
00106
7F0B4
00340
00020
7FC2E
000C2
7EE00
7FF60
7F2CC
7FEDA
7F99A
7F448
00A9E
0001C
7F2D6
0011E
7FE16
007DE
7FEEA
000A2
00316
7FD0E
7FDFE
7FD5E
7F206
7F5C8
00976
00AA4
00740
7F3EC
0087A
7FD24
0058E
012AE
007DC
00322
00142
7EE74
7FDFE
7FB40
00CE4
7F448
7FDEA
0032A
7F61E
00992
7ED2C
00C5A
7FC60
7FE28
7F642
00648
7FBE4
7F7F2
005FE
00138
00648
0057C
7FF02
00C06
00B52
7F7BE
7F784
00C28
7F7F8
7FF80
7F2F8
7F7CE
7FC74
00094
7FA00
7FB22
0011A
00614
7FC36
00808
7F858
7FB78
7FAEC
000E8
7F826
003C6
7FD16
00066
7FEE2
7F8AE
7F402
00706
00522
7FD34
004E0
001E6
0020A
017EC
7FAF6
00070
7FE38
007E6
7FCA0
7FEAC
000A6
7FD84
00200
003A0
7F972
7F518
7F888
001BC
7FA12
00170
0090C
7EFC6
00B76
00C66
002F2
00552
001D6
00938
007FA
00E66
7FE04
7FC78
00664
00342
00DE2
00474
00908
7FF6C
7F084
7F7B6
0035E
00800
00C3E
00286
00000
00FC4
00926
00236
7FDE8
7FDF2
7FD84
009AE
7FE92
7F4A8
7F992
006D6
00C6E
01540
7F492
7F932
7F20A
00096
7FC66
0071C
7FAEC
7F596
7FFB8
7FFDE
7F62A
0046A
7FC74
0084A
00834
7EEE0
008D4
001E8
7FC02
001F2
7FDD4
00BA0
00CE2
7FF10
7F3F6
00544
00170
00786
7F1A8
00B80
00BDC
7FF3A
011B6
00416
001F8
001FE
0033A
000A4
00A34
001C2
003A4
7FBA6
009EA
7F632
7F1C8
7FAEE
7FF4C
7FD1A
7FC28
00B1E
7FE00
7FCB6
00D1C
00C52
0041E
00788
0016A
7FC6A
7F688
7F48C
7FBC8
7EF2E
00760
7FF82
00486
0054C
7FC04
00210
7FF9E
00C96
0070E
7FB0E
7F022
015C2
00A86
7FBFE
7F83A
7FFA4
7F5A2
0045A
7F8C6
00212
7F600
7F9BA
7F692
0038A
7F52C
7FE10
0115C
7F676
7F976
00B30
002A6
7FC30
004FC
0001C
7FFA4
003A6
007EA
00F64
7FCB2
00F4A
7F7E4
00768
00836
7FCF8
00D68
00C32
00946
7F986
005E0
00424
7F7D2
7FF62
7FE00
7EE26
004D2
7F562
001C8
006C8
7FC52
01032
000D4
008DA
003B0
00070
005E8
0002C
002B4
7FB8A
005FE
7FA60
7FA22
004AA
005E8
00236
00AB2
7F8E8
7FB2C
008AC
000E2
7F5BC
001C8
008C4
00860
7F18E
00600
7FD10
00DA0
00176
7FC90
00202
7F938
7F7F0
7FB2E
7F58C
008A2
00780
003C0
7F520
001A0
009D0
00E00
0106E
00368
7F462
003BE
0051A
7FFBE
008F2
000D4
7F796
002CA
0071E
7FC8E
7FD22
7F34A
00A68
00000
7FDDA
00260
00D22
001B4
7FB54
005FA
00E80
7FCA2
7FDA6
7F61A
002EE
7FE68
00B8A
7F05A
7FC8C
7FDF8
7FA4A
003F6
00F1A
7F284
005D4
7F4D8
7EF20
7FDC4
7FA16
00EFA
7FDE8
006A8
7FB18
7FEBC
00900
7F404
7FAD4
7F7C2
7FC70
7F258
7F7EA
0039E
7FF64
7FF68
7FBF2
00554
7FF38
7FFF0
7E4F6
00AEC
00172
7FE06
00DBA
7FC44
00268
00184
000AE
7F742
7F9AE
00640
006F6
7FB36
00012
002F8
7FF6A
7F060
00702
00800
7FBC0
005EC
00880
00BDC
009A0
7F2CC
00B6A
7F2AC
7EC5E
7FC0A
7FC4A
7F238
00CEA
001AA
7F8AE
7F806
01198
0053E
0005A
0062A
006A2
003B4
7FC16
7FDFE
003FC
00F02
7FA78
7F9F8
00060
00636
00370
00000
00128
001BC
7FAF8
0008E
0054A
00840
7FCF2
0094A
00A0E
0065E
7F51E
7EE3E
7FEDA
002FA
7FA9E
7F7FE
00C00
7FB12
00092
7F55C
7FED2
00946
005E2
7FDFE
00B28
7F676
00FD8
00DD6
7FF6A
7FD22
7FEDC
00200
00BFC
7F868
0043A
00284
003E6
7FD32
010E8
7FE56
002AA
00492
0022E
7F124
7FDEC
7FE4E
7FFC8
00204
7F7E8
7FAAA
7FE3C
7F7B6
7FEF6
7FF16
001EA
7FED4
7F68E
7FEFC
7F288
010BE
0038A
002F8
00D7C
7FE00
7FAEA
001FE
7FA7A
7FB0E
0044A
00862
0159E
00992
00928
000FA
000A8
005F0
7F806
7FC06
00D8A
7FE06
7F874
7FFB0
7FC5A
7FACE
00D80
00698
7FE18
7F92E
00612
006AE
0040A
00816
7F1A6
7F78E
00BC0
00000
7F6EA
00032
7FD80
007DC
006EA
7FAF2
0006A
0083C
7FC9C
010C2
00442
00AEE
7FE74
7F3AC
7ED5A
00600
7FC14
7FC1E
00050
003B6
002A6
00350
7F132
7FFC2
7F4D6
005A4
7FE7A
7F8E2
7FDB2
005E4
00592
7FC00
7FCEE
00612
008A0
7EE00
00BCA
7F1EC
00762
7FFC0
00982
00594
7F1B0
7FBE6
00888
00CBA
002A0
7FDFE
7FEB4
7FCA4
7FB4A
00E6C
7FDCC
00A2A
00FB8
0083C
00B1C
004FA
7FE86
0084A
7F376
7FF5A
00D06
7FC00
7FA72
7FF5E
7FFF4
7FC0C
0090E
7FE56
7F82C
00B9C
7FCB4
00E7E
00FB2
7FB64
00BB6
7FC6A
00D32
7F412
7FDFC
7FD08
7FCAC
7EC10
000F0
001D0
006D2
7FB30
7FA78
7FC3A
7FC92
7F31E
7F7BA
7F63C
009AE
00002
7F994
7EFE6
7F92E
003F2
002C4
0007E
7F988
00054
003CC
00068
00B12
7FCAA
7F5A4
7FCC6
7FD9E
7F80E
004C4
7FAD4
0068A
013EC
7FD10
7FD00
001F8
000D4
7FE4E
7FDCE
7FC4E
004E8
7ED26
002FA
000F4
00200
7FAA4
00224
00480
7F078
7F6B8
002EE
7FB44
001C2
00568
7FC5A
007B6
00B0C
00768
7FFAC
003F2
7F806
7FCA8
7FA80
0046C
000F4
7F1C6
7FFB8
0079A
7FF68
000B0
7F64E
001D6
7FDAC
7FE6A
7FA70
7EFD6
00200
7FABC
7FA3A
7F64A
005E4
7E9DA
7FD14
008D6
00A30
7FA06
7F12A
001EA
00682
7F124
00054
00518
00C0A
00D18
7F92E
7FF8A
000B4
7F39A
00030
00454
7FC94
002C0
00C32
7EA66
008B0
00152
00590
00244
00800
7F7AC
7FCE8
7F8C0
001AA
7FFBA
000E0
7FF3C
00648
00448
002C2
7F5C2
00E80
014BE
0041A
00A14
001FC
7F7B4
00544
7F7D4
0005A
7F806
7FFCE
7F1E2
7F5CE
0094C
7F910
00FE2
00CE0
7E7C2
00B8E
7FBDE
003FE
7FE34
7FE8A
005FC
0099A
7FE80
00748
00D42
7FDC2
00388
7FD82
00570
00174
7F868
7FF56
00310
7FA10
003FE
004EE
00A0A
7F48A
7F574
00240
0069A
7FE42
00424
00112
00446
00312
7F930
0068C
001D4
00400
7F4F8
7F818
7FBB0
0008C
7FF3A
00B54
0004E
7E9DC
7F6D8
00E30
0003A
004FC
7FDEC
7FB3E
7F750
7FBFE
7F944
7F222
7F952
7FD4A
00800
008FE
7FC3A
7FDA8
01066
7FBA0
005C4
00614
7F830
0099C
7F478
7F800
00CA2
0021E
00342
007F0
7FFA2
000BE
00322
00622
002E4
004CE
7F5AE
7FA8A
0017A
7F2CC
002CA
7F800
7F8CC
00506
00410
7FA3A
7FB96
7FE3C
002C4
7F258
7F22E
00FFC
7F7FC
00A68
7F5F8
0050A
7FEFC
01000
00852
7FF2A
7FB44
00250
7F452
00584
003F4
7F736
7F9E0
00180
7FE66
7FE04
7FE6E
7FEFE
00186
00BF4
008C4
00A10
7F6B6
01590
001E6
7FB02
7F7BE
7F85C
00356
7FF68
00B50
7EFE8
7FF60
0049C
003A4
003FE
0009E
00514
7F97A
7FE62
004AC
7FFF6
7FE16
7FCDC
0016A
01346
00358
00EE6
7FFD2
7FA4C
7EAC2
0000C
00348
0073A
00070
001A6
0045E
7F9E8
7F9E6
003AC
007A0
7F622
00264
7FB34
007BE
007BA
0012E
7FE00
7FFA6
7FD12
002A8
7F71A
00DD2
7FFFA
00CE8
00442
7F944
7FC7C
7FE40
00512
7F8B2
7FF84
00A28
7FBFE
00062
7FC7E
7FD40
00036
001AA
00FCE
00544
00560
7FCC0
7FEB8
00582
7FF66
7F85E
7FC34
0035A
00200
7FEFE
7EFCC
006CA
7EC12
7FF7E
00EF0
00ECA
7FBCA
7F972
7FD7C
0001A
00242
7F60A
7F2BC
7F4EE
7FC00
0117A
00B56
00242
004C0
0040C
007C2
004BE
00296
7FFFE
012AC
7FC8C
7F154
005CC
00AE4
00E42
7F800
7FC46
00744
01744
7FBDE
7FD8C
006BA
00150
7F8A6
00E4C
00020
00372
7F8A8
7F900
7FB22
7F950
7F814
00730
00404
0054C
00D9E
0031C
005A0
0017A
006CE
0005A
7FFA2
7FE06
01452
00A98
0086A
000E2
003FE
7FED8
0081A
7FB86
7FDF8
001DC
7FE66
7FD60
00F3A
7F8D8
7F76E
00B18
006E2
7FB90
00896
7F4A4
7FC0A
0038C
7FFC6
7F8D0
00868
7F7AC
7F214
7EEF0
0012C
7FE00
00572
00456
7FC1A
7FB26
006FA
00032
01200
00424
7FFA8
7FD94
00CFC
7F896
00014
7FE26
7FFA8
002FE
7F948
7F660
7F236
7FC92
00D08
7F4E4
7FA00
7F4E8
000B8
00A14
7FFF0
7FA56
0013C
0001A
00FA6
7FEA2
7F8C2
7FDCA
7F846
00352
7F778
7FE86
001FE
00186
7F902
008B2
008A8
005D0
7F68C
004E2
7F456
7FF4E
00120
7FB7E
00B70
7F464
00810
0017C
7FA00
7F060
7FC46
7EDB6
00A64
007FA
7F72E
00808
00456
7F8D0
7F732
7F6F8
7FA12
00650
00466
7FB3E
00400
0044C
005C0
7F2CC
007CA
00B52
0063A
00B6A
00510
00318
7FB82
002A8
7F7F0
000A2
7F2A4
00346
7FDF2
7FF92
00558
00386
7FF20
7F1C6
0066A
015BE
00094
00204
004CC
00A4C
7F1D4
7FCE6
7FCD0
7FC7C
00FFC
7F86A
7FB30
00D7A
00B72
00148
7ECAC
001FC
7F6F4
0058C
0011E
01090
7FDC6
7FEA0
7FD96
00152
7FE04
00AAA
001B2
7FB9A
7FD96
000CC
009F8
7FFE4
0036A
004EE
00690
002F2
7F894
7EE1C
7FFB4
7FBD8
7FA00
000A2
7FC04
7FD1A
7FB2C
7F1AA
000A6
0021E
7F5FE
00128
00464
7FFCE
00020
003FA
00D82
7FF4A
7F210
7EB22
7F86C
7FEFE
00528
00158
7F934
00E22
00326
7FD96
7FE9A
00F68
009AC
00AB4
00396
00ACA
7FE00
00260
7F47E
00780
00066
009B4
00160
00724
7F602
7F496
003F4
00400
0010C
0021A
7FDB4
00538
00DEC
00AD4
003CE
001EE
00746
0040C
00182
7FCEC
008D8
7FD10
7FC4C
0074A
7FD20
004DA
00480
7FC7E
00600
003C8
7F908
00960
7F9F0
0029E
7FDDA
7FF46
7F9B8
007FA
7F24C
7FACE
7F93A
7FE0A
0072C
7FEE4
7FBF8
7F1FE
7FF94
7F2D0
7F8B6
7FCBA
0024E
7F8FE
001BC
7FCF0
7F5A0
005AC
7F0E2
004D6
0029C
00D1C
00600
001A4
0010E
7F0D2
7FC76
000F8
7F1A4
7FDD0
00234
00AE6
7F408
7F7BC
7FD32
00682
7F414
7F6E2
00000
7FBB8
004EE
7FFCA
008EA
7FF32
0065E
00D32
00A3C
00CD4
7F54C
7F474
010B0
00704
7FA54
00088
00A00
00456
7FB5A
004B6
00640
7FEC6
7FFF0
7FE1E
00368
7FA62
00048
012F2
00306
7F942
001CE
00512
00000
000A6
00CA8
7F78C
7E950
7FD1A
7FE38
007C0
7FC18
7FEC4
00C3A
7FEFC
00796
7EEC4
00CB6
7FD8E
001FE
7FE96
7F978
7FAD8
00062
7F9CA
003BC
011CA
00094
00A98
001A6
7F888
7FF52
002EA
7FBBE
7F7D2
7F400
7FA12
00330
0051E
7F012
7FCAC
00E18
004C4
00FE4
7F9EA
00D24
7FDFE
00610
00764
005BC
0046C
7F400
00276
00444
00196
00298
001CA
0030A
7FD88
00648
0023E
00062
004F6
7F8DC
7FB42
00838
7FBBC
7FA08
00124
7F644
7FA16
7FB70
00316
7F688
00204
7FE40
7F104
7F3C4
007BC
000DE
00992
7FC0C
7FAEA
00400
00860
00150
7F438
7FA96
00522
7FF0A
7FBBC
7FDC8
7FD7C
7FEAC
7F58E
7FEB0
7FBE2
7F5FC
7FF4A
7F61A
7F972
001DA
00674
00760
00AFC
7F9C6
7F406
7F5B8
00E94
7FF94
002CA
00798
00582
00372
7FF78
7FE00
00920
00AA6
00C84
7F63C
7F530
7FEFA
00BBE
00804
00A3C
7FFF6
005BA
7FD86
00B26
7EF94
00B6E
001FE
7F7F8
002A2
7FE66
000DE
7FCD2
008F4
00C16
00868
00200
7F85E
7F8EE
7FB24
7F9B6
7FF70
005E0
7F202
7FA7A
7FE6E
009B0
7FE78
7F7BC
7FD26
7F93C
00800
00522
7F9F8
7F5AE
005C0
7F9DA
0027E
00568
00DEE
7FF9A
00AD0
00008
00A60
00C1C
0062E
00030
7F780
7FE9A
7F724
00BA2
7F19C
00006
00320
00346
7F800
00AD2
00002
00346
7F1BC
00C28
00428
7F9F0
006DC
7FD38
7F6F2
7FDE4
7FB62
00892
00B64
7F58C
7F40E
0038A
7FC84
7FA96
7E712
7EF90
7F67C
7FF52
002D4
7FFF8
00272
7FA4C
7FF0C
00336
00388
7EF86
7FFFE
004DA
0022A
010B8
00008
00C22
7F9B8
007FA
00114
7F7CC
003CC
7FA38
0008E
00566
7EF80
00D4A
7FC0A
7FDD6
00156
7FDCC
7FF6C
7FFEA
00BA4
7F754
7FD2C
7FEA6
002C6
7FCC8
7FCF4
002A4
00198
7F9EC
00200
00798
002F6
7FC06
7F9C2
7F902
7FD1A
0017C
0032A
0029C
7EED0
007AE
001B0
7FF34
006CC
7FF5E
011FE
00890
00432
001FE
0023C
003AC
7F1C6
0041E
00BA6
00346
7F4B2
7F2D8
00336
7FD5C
7FB8A
0087C
7F600
7F688
7F7F0
7F97C
7F9C2
00156
7F5FA
7F1F4
008D2
7FF92
001AC
7F252
7F42E
00B4C
7F5D6
7FAE4
7FE00
7F484
00436
7FD4A
0023E
7F802
01326
7F9C4
00058
00AA2
00782
7F30C
00EEE
7F6CE
7FFD4
7F73C
7F200
00138
00D4A
000C0
0091A
7FA58
005DA
7F900
7FA06
7F376
7F486
0053C
009F6
7FEFA
7F6DA
00268
7FA0A
0025E
0016E
7F9F4
7FCBC
00300
7F3A4
7FB4C
7FBAC
7F140
7F8FE
7FB16
001FA
7FDA6
0095A
00194
7FA00
7FA86
7FE46
7F6E2
7FC88
7FD40
00138
00398
7FA08
00408
7F1CC
00BE8
7F606
7FE6C
005BE
01424
7FA08
7F44A
0018A
0081A
7FDA0
00310
00D4E
000F0
7F064
009A2
0022C
7FEBE
7FE08
002A0
00200
00A5A
7FC00
7FE78
7FA06
7F3AE
7FE1E
00BB8
7FDFE
7F10C
00CD8
005D6
000BE
002E4
7FD6C
7FE40
00820
7EE00
7F804
0056E
001C6
01194
00318
0049C
00716
7F080
000D8
7FFD4
7FB82
0073C
010AA
7F798
7F7AA
7F6DC
00400
008C4
7F400
7FFA4
7FB1A
7F5E8
7FFD0
7FE9C
00720
7F66E
7FBFE
7FA50
0007A
00D06
0039E
7FA86
007F6
7F51E
7EF50
7FF2E
7FBC4
7FC8A
7F582
7F798
7FB2C
7F6D6
008AE
7F962
00952
005D2
00246
00710
7FA00
0054E
00300
7FADC
7F6BC
7EF38
001A2
7F75A
008E0
000E2
001B8
0035E
00026
7FB48
7FD2A
003A6
7FDFA
7F6CE
7FA22
002DC
7FE2A
7F762
008A6
7F3C0
003A2
7FF18
00116
7FDA4
001E8
001E4
7EE80
7FD24
00600
010DE
00302
7FEC8
0065C
7F992
7F824
0032A
00328
7F522
001B2
00A1A
7FF4A
0003A
7F842
7F238
009E4
7EE78
7FA22
001B0
00494
7EE10
7FE8A
008DC
7F85C
7FAF2
0011A
001D4
00E6C
00954
7FB40
00A28
00600
002D0
00566
00132
7F638
005E8
7EF1C
7FC22
7FA18
7F8B6
7FD3A
009CC
7FD92
7EC40
00142
00858
00000
00BD8
00800
7F7FC
7FA92
00D86
00CE6
7F29C
7F3C2
7FA00
7F932
7FDD2
7FBD2
7FC9E
009E2
0008C
005FE
7FC48
7F490
008AE
7ED4E
00522
7F38A
00622
00DE4
008F2
7F6A6
006DE
00144
7F622
7FEE6
7F526
00BFE
7FC82
7F95A
7FF76
7F9F0
7FB00
00522
7FB04
7FC40
00832
7F79E
7FB82
7FD5A
0021E
00142
006C0
7F200
7FE14
01102
7FF02
7FC04
7F120
00846
00D20
7FDCE
7FE3C
7FFCE
7FCAE
004FC
7F0A2
00494
003E4
007FE
000EE
002FA
003E2
7FE00
7F966
7F91A
7F7D8
001BC
7F6C0
7F59A
7FAAE
7F59E
00866
7F970
00566
001FE
7F866
7FB68
7FF98
007F4
7F714
7FCBE
0028A
00636
7F842
00BB2
7FC5C
7E974
7F672
7FDCE
7F5DA
00404
7FB42
00188
7FF4A
005FC
0016A
00794
00138
00A36
00B7C
7EDF4
7FF46
00414
0023E
7FE82
00376
7FC00
0147E
00DE8
7F914
7FB92
7FC60
7F364
00292
007E6
000FA
7FBC0
7F4F6
7FD8E
0010A
7FCAE
00046
7F610
7F540
7FC74
00060
7FFAE
7FA50
00488
00354
0010C
7FB04
00DFC
7FC54
0073A
7F5EE
00238
7F444
00000
00848
00B16
7F928
00476
7FC8E
7F438
005B4
7F420
7F4C2
00796
00C0E
7FCDA
7FA1A
7FEE8
7FAEE
7FDF8
004A8
00DD0
7F54A
00058
7FD5E
000A2
7F656
7F2E8
7F3B6
7FB5E
7FF8E
7FE5E
00312
0058C
009C4
7F600
7FBE8
7F7D8
00CD2
0009C
00DC2
7FD5C
7FA1E
7F75E
0082A
002BE
008D4
00996
7FB6C
00628
00826
7FC04
7F87A
7FB96
00126
00454
0021C
7FC7C
7FDD4
7FB70
00670
7EF96
00476
7F72A
00BA6
000DE
7FE52
7FDFE
00544
7FEA8
7F040
010EC
7F106
7F8FE
012D8
7F4C8
7FCF0
7F642
7FEFE
008EC
003CA
00878
7FF84
00000
7F910
7F06A
7F008
001EC
7F3A8
00454
7F6B2
7F89A
001E4
0052A
005B6
7EE62
000BE
00974
7F906
7F600
7EE84
006A8
0084C
7F70E
0001A
7F55A
7F536
004D4
7FBD8
7F378
7FDCC
00B08
002A8
00C22
7FA82
7FA00
7FD2E
7FBD8
7FCFA
7F7B8
7FA0E
001A4
001B4
00BA6
0063E
00B0A
7F9B6
7FF14
00ABA
7F16A
7F886
001FE
7FCFE
7FD36
0083E
7FA1E
00052
7FBD8
7F060
7FF2E
01136
7FE94
7E924
7F622
002F6
7FEB6
005C2
00DFE
00424
7EF52
0001C
7FF1C
7FF72
00780
7F304
00058
7F48C
013DE
7FD0C
007BE
00108
00964
0019A
00400
003C2
7F8F6
7FD7A
00AE0
7F8F6
00232
00268
00722
7FF20
0078C
00328
7FB32
7FBBE
0099C
7F282
7FC04
00582
006AC
0009A
0029C
7FAB2
7EEC6
7F5B4
005FC
7F55A
7F062
7FF1A
000D6
00730
003A2
008F2
00000
00118
7F890
004F6
7F91E
00066
7F75E
004EC
00CC6
7F7A6
008BE
7F75E
7FB30
00D1E
7FBB2
7F49E
7FFFE
7F958
00234
007A4
0015C
7F67E
00220
7F2CE
005FA
00036
004F8
00254
000D4
7F56E
7ECC4
7F99A
00000
7FD26
008CC
7F4C4
0067A
0046E
003C4
00520
7F966
7ED70
7F490
7F6BC
7F0AA
7FCB6
7FF60
008F8
7FE0A
7F80E
0080A
7F844
0059A
008EC
0019C
0026A
7EBCA
00A8A
0057A
0024A
0011C
7FA60
00638
7F260
00800
00136
7FC5E
7F8C0
00720
010DE
7FC42
7F8C8
7F6A0
7FA28
7F15C
009EA
7F686
0024C
000A4
002D4
7EA0E
00464
00960
0003A
7FCC2
7FBE8
7FE62
004CC
7F43A
7FC90
7FDFC
00084
007D6
00326
7F9CC
0130C
00C00
00720
7FC90
7FF8C
7FEE6
7F57E
7F944
00946
7FFC2
009BC
008C8
0083A
7FB9C
007A2
0050A
7F60A
7FA0A
7F36A
7F15C
00EEC
0094C
004F8
7FBCA
7EF18
00560
7FE2E
000B0
00DBE
7FC84
00414
004FA
00088
003FE
00DEA
7FA80
00492
7FF7C
006D6
00760
7FB96
00826
004A4
7FB1E
7F4F8
7F2CE
7FE10
00540
004FE
7F61E
7FC6A
009FA
007D0
0005A
7FF46
7FAA6
00B9C
00294
7FE4C
7F8EC
00108
7FD2E
005A6
00996
7FE34
00800
0025C
00BDA
7F15A
00190
7FDE2
00666
01162
7FD6A
00026
00642
7F566
00708
7F710
7F048
7FA36
001FE
00FF0
7FC40
00102
7F1B4
7F34C
7FF5A
007AA
7F56A
0081E
7FFB2
7FA94
7F568
0055C
0074A
007B6
00000
7FBAE
7FA8A
00340
7FA70
00850
00462
009F8
7FA96
7FB1E
002BA
7FF54
00048
006C2
7FCE4
7FF2C
005FE
00164
7FFB2
7F292
00A4C
00B6C
00384
011C4
7F296
7FD3A
004F8
00B3E
7FB46
007DC
00DE0
0075C
7FE00
00E1A
001BC
0024E
7F6AA
007DE
7FF10
7F8A4
0005A
7FACC
0014E
00CE6
7F79C
7F3D0
7F5FA
7F694
001FA
0075C
7F222
003A0
7FCBC
00A0A
7FC24
00280
004CE
7FE60
7EBD4
005AC
7FFD8
7F856
007BA
00232
009FE
00922
00422
7F490
00032
00234
00684
7F7BA
00B9C
00D24
7FF46
7FC30
0073A
7FFF4
7FD5C
00018
005F4
7FC7C
7F5B6
7F15E
7F480
7F9EA
7FBF0
000C4
7FF26
7F9CE
7F5FE
000AA
7F95E
00A8A
7F748
7F83C
7FC00
7F880
012EC
7FDB6
007BE
7F968
7F936
005E8
7F72A
006B0
7FBBC
002C0
0004E
00FF4
7FB98
00A2A
00004
7F928
7F5C0
0052E
00176
7FF3A
00318
0027E
0032A
00806
7FDBA
7F7EC
000E2
00A6A
00172
007E8
7FC00
7F5B6
7F326
00846
004AE
7F508
7F5DC
00800
7FCDA
7F1D0
007B0
0016E
7F8EE
7FC3C
00A0C
007F8
007FA
7F9B2
7FE7C
7FC80
7FA24
00352
00838
00392
008D8
007EA
00482
0058C
7FDE4
00F04
7FE9C
0088E
00200
7F7A8
7F95A
00E4C
00012
7F77E
7FBD6
7F66C
00204
0043E
7F834
00570
7F850
0052C
007D6
7F006
001FE
7FFB4
7FD7E
7F5C6
7FAA4
7FA18
0106A
0167A
005FA
00A44
7FB4A
008D8
7FF78
00A86
7FE18
00A54
7FA00
00BD2
7FFDC
001DE
7FF28
00984
00122
002AC
001F8
0025A
00694
7FBE0
7F628
00552
0029E
7F4DC
001FA
7F780
7FBB2
00DAA
7EE50
0010C
01026
005DA
005FC
00498
0037E
7F20E
7FA44
7FEA4
009C6
00B30
7F600
00D76
0008C
7F2E8
00104
0197C
7F6D8
7FC90
7F7C4
001B6
7FF02
7FE26
7F60E
7F43C
00F30
7FCAC
7FFFE
01148
00404
7F3DC
0040E
7FB28
0048A
7EFBC
7F696
7FEBA
0048A
7FE7E
00932
00124
00862
00242
7FA00
008B0
7FA38
00366
7FD52
7FA94
00644
00BBA
0003E
0002E
7FED4
008C8
7FAA4
0071C
000A2
7FECE
00800
008C4
00134
0070C
00598
7FE22
00308
001D8
7F96A
005C8
7FD9E
0095A
7FE1C
7FF8A
0031A
00860
7FE00
7F6CC
004DC
7F75A
7F9F6
7F1E6
0009C
00772
7FCF2
008EA
003C4
7F8B0
00322
00B8C
7F032
7FD66
003FA
7FDCE
7F806
7FCB2
000AC
7F984
7F8DE
7FF38
7FB1A
00370
7FA24
00004
001A0
7FE5A
7F5B8
7FD52
00200
00572
7FE9C
005E6
7F86E
0025E
00C32
7FE8A
00B0E
000AA
7FBCC
00B7E
0027E
001E2
004C6
7FFA2
7FC02
7F6BE
00FD0
0059E
7FCFE
003EC
000EC
003EC
7ECF2
00D6C
7FB04
0078E
7F8BC
7F738
7EEC4
7F146
00200
003C0
7F85A
7F304
0006E
00710
01548
00F78
000D4
00B6C
0053A
004CC
006E8
007C4
7FDB2
7F998
7FA02
007D8
7F838
00764
00A92
7FC92
006CA
7F780
7F85E
005B6
001CC
00192
7FEE4
7FD48
00986
00360
00DFE
7FB5C
002D8
7FDD6
004B8
00828
7FBC8
7F3B8
7FB28
00A82
7F57A
0028E
003E6
003D2
7F2C0
7F7EC
01DEE
7F4D6
00A4A
7FE10
00032
7F55C
00126
7F49E
003AA
003D2
7F5D8
7FC04
00642
7FABA
7FD10
00090
00C00
7F852
00344
7FFA0
00AA4
7FC8A
7FFD4
004A8
7F7B8
7F7E0
0064E
00144
7FB44
7F4FA
7F8D8
00810
011E4
7F4F8
7F28E
7FEBE
7ECAC
7FBCA
7FF7A
00030
00836
00B30
7FFAA
7FD0C
00452
0012C
0006E
009C2
017FC
009FA
005A6
00972
0038E
7F64E
7FF88
00974
0003E
7F7F8
7FA28
00550
0020A
00B30
7FE36
000C0
009E4
000CE
00486
00006
00524
00920
00118
7F9CC
7FFBE
7FD36
7FFB0
00446
7FE7C
7F6C0
0086C
7F580
7F800
0087C
00CA6
00AC8
7FDF6
00172
00E34
7EE92
7EFC4
00810
7F5F6
007F0
7F88C
00076
00462
7F7C0
7FA00
7F7AE
00086
007D6
00056
00720
009B2
011FE
00296
7FA3A
7FA72
7F832
01268
7FBB8
0067E
7FFC8
003FE
004A0
00814
00116
7F736
003B4
7F7F0
001FC
7F83E
000E4
003CC
001A0
00EF8
7F772
000DC
7FA62
009FE
7F6E2
7FE0E
7FBEA
7FA7C
7FE2C
00828
7FC96
00568
00122
0087E
00536
0060E
001EE
00C40
7F852
7F800
00736
7F6CE
0057A
0044A
7F7F4
7F5BA
00A7E
7FF9C
00D90
7FFF2
7FE12
007B2
7FF88
005D2
7F98C
00004
7F852
7FA70
7FF58
7F9E6
0040E
0041C
00664
7FFAA
7FA4C
7FD22
0004A
7FF08
00596
7FD30
000CE
007FE
7F5E0
006AC
00538
000DA
7F9C4
7FBCC
0087A
7F462
00292
00864
004D8
7FB20
7F61E
00B72
00EC2
007FC
00412
00A70
00D46
010E0
7FDAE
7FCB2
7F9AE
7F460
012A2
00830
0055E
7FE24
7FAC2
7EF3A
003C6
00000
7F638
0068A
0045A
7F7E6
01016
00AC2
7FA76
7F17A
0004E
0027A
004BC
00220
00418
7F95C
0077A
007F4
7F314
00DFC
00694
0113E
00B92
7FF86
00848
0054A
7F734
7FFC8
7F926
7F946
7FD9E
004F2
00876
7FC00
7FD0E
7FCDE
004BC
008CA
7FB70
7F77C
00BCC
0027C
00C54
7FD0A
006C6
7F9E2
7FBF4
7E9F6
00B9A
00404
7F5C8
7F9DA
7F656
005E8
00A72
00992
7FC9A
7EEAA
7FE26
7F556
00A20
002C2
002B8
00C64
00494
00A00
7F7FA
7F850
7FFEE
7F94A
7FF48
00322
7F9CC
7F520
7ED7A
7F222
0035A
0018E
7FCE8
7FDB6
7F672
7FA04
00C8E
002F8
7FE3E
009AE
00BA0
0073C
00238
7F932
008DE
0006C
7F692
7F5D6
0097E
0021E
7F9D0
009FE
7F68E
7FA88
7FA52
01184
7FF8A
005A4
00002
7FAE4
00D9C
7FEEA
7F5C0
7F946
7FE7A
7FC54
7FBAE
009E4
7F82A
007CC
7EF12
7FB78
7FE50
008E6
0010A
7FED8
7FE00
000C8
7FDA0
7FF60
7FDAC
7FAEA
00252
7FC00
004D0
7EF00
7FDFC
00070
005C0
00822
7FF86
00768
7F4D0
7EF3A
00204
7F9B4
7FACA
7FAF4
00690
7FA02
00324
7FD7C
001A4
7EE2E
7FD6C
7FFCE
7FEBC
00A3C
003C4
7F5C0
00F72
0018C
00A3C
001E0
7FA10
00000
7FAF4
00D0E
7F5CA
002DE
00546
00680
0016C
00494
7FD36
0041C
000AE
7FE4C
7F61A
005CA
000C2
7F202
7F6D2
7F420
00664
7FE80
7F226
00A84
003EE
001C2
7F52A
7F944
00D58
7F676
00592
7F46C
7FFB0
00C00
7F8D0
7FA06
001C4
7F99A
7F556
00F18
7FDFE
7FFB6
7FA3E
00ADA
0021A
7F5C6
7FC7E
7FE0C
003BE
009FA
00186
0000E
00100
7FD5C
0003A
008A8
0020A
7FE9C
7FA56
0095E
00BF2
7FF10
0019C
00314
0086C
7F802
00068
7FB76
00DB6
01526
7FFBA
7F9F2
7F496
00834
00810
7FE24
00266
0090E
7FFB4
7F766
010C4
7FA08
7FD58
00736
7EEC8
00BCA
002AE
0019A
7FE7A
0016C
7FB5A
000E6
00026
7FA20
7FA3C
00428
7FFF4
00400
7FCBC
7FA44
008DE
7FCFA
010E2
7F8A2
00220
7FBC0
0050E
0010E
0071E
7FFA8
7FE46
7EC0A
0026C
001FC
0112A
0007A
7FC70
7FCBE
7FF70
7FF56
7FEBC
0030E
7FCB2
7FFFA
7FEBE
00C76
00AAA
7FF7C
7F840
003FE
7F912
0026A
7FA02
7EFCE
0054C
7F7C0
7F764
00446
7FBFE
7FD6A
011FA
7FAB8
7EE16
7F57E
001B8
00DF2
7ED80
00084
00492
0068E
7F7F6
7FDF8
7F96C
7F4EA
00E12
7F3F4
7FAD6
7F92C
7FB6C
0016A
7FB5A
00E00
0023A
7FE88
7FC00
0040A
00240
7FC26
009FA
7FDFE
7FF84
7FB00
7F442
00D8A
7F906
7FB8C
7FD5C
019DC
00010
004A0
00700
005C4
7F716
7FE8C
7F692
004CE
00CEA
00108
7F138
00502
7FA08
7FAB4
00722
7FA02
0040C
009D4
00D44
7F774
7FA42
00652
00990
7FE02
00456
009C4
7FB6A
00106
7FD60
7FF28
7F564
7FE08
7FEDA
000AA
00034
006AE
008D4
7FC8E
004B2
7FF2E
00BFE
7FC74
0039E
00414
7F15E
7FD18
002A2
00A00
00BE4
000AE
00C48
7F2BC
7FDC6
00592
00742
7FFC2
7F8A4
0046E
7F968
7FEEE
7F810
002D6
7FB8E
00800
7F34E
006A8
0020E
00428
00A3E
7FF7A
7F838
7FD6A
00F9A
7FE8C
0026E
7F4E8
7FF10
00994
7F510
009FE
003B4
00BBC
005FE
00A6E
7F898
7FB3E
7FC04
0083C
7F908
7FBC4
7FF30
003E4
7FCCE
00E82
0087A
00400
00868
7F83C
7EBAA
7FEAC
7F412
00464
00480
7FA96
00A06
7F5F0
004F8
00844
000C0
0005E
006E4
7FC00
7F82C
0005C
7F48A
007EA
7FCEA
0011E
7FE12
7FCD6
7F7F2
7FE44
7F400
00122
7FD14
0003A
7FC74
00002
0053A
7F896
7F7CA
0062C
7FFE4
7F662
7FF1C
7FF2C
7FA5E
7FE10
7FB88
00816
7FB06
00242
7E7CC
00400
7FCF6
7F396
7F6FE
01476
01502
00152
7FFF6
7F738
00824
00316
00532
7FDB2
00794
7EF82
7F508
007F8
7F1C2
7F83E
006A6
00548
00E4C
00736
001AA
004D2
002F0
7FBEE
00170
7F11A
7F6C6
00E00
007F0
01000
000FE
7F882
7FE52
7FADC
003AA
7FCF0
0083C
7FEF0
002E6
7F81C
000EE
7F7D4
7F550
0076C
00240
005F4
7FD5A
0013C
0054A
7F736
00C0A
008B2
7FB16
7F778
003AC
7FED4
7F728
003C0
7F87C
00D4E
7F570
00400
00AE2
001E0
0000C
006D4
00544
7FD6E
7F956
00D0A
0019A
00D70
7F7CE
7FE94
7FB80
7FE32
7FFA8
7FE0C
7F3D0
7F91A
7E6D0
7FF3C
7FA46
7F1B2
7F926
7F492
0062A
006D6
7FA7C
7FDE6
7FC2C
7F84E
7FE48
00200
006C0
00600
00054
7F67C
7F4C2
0092A
001D6
7FF2C
002C8
7FFFC
00020
0023C
0046A
7F66C
7FE36
7FA0A
0069C
003EA
7FC60
7FBEE
7F70A
003E2
0060A
0079E
00098
005D8
7F8EE
7F9BC
7FA9A
7F4C0
7F2DC
7F602
00732
7F906
00564
00844
7FB82
0050C
00D5C
004C2
7FC18
000C6
00B04
00234
00608
7FCDA
7FAC2
7F61C
00D7A
7F9CE
00B14
7FD36
00F26
0012C
7F65C
7FC58
00518
00CA8
0153A
7F9D0
7FDBA
01486
00228
00400
00386
0021C
7FB0A
0059A
00B60
7FDA6
00570
00BA8
7F1C4
7F884
7F4C6
0089C
7FFDA
00558
7FD4E
00BFE
003F6
00048
7F2B0
7F706
7FD56
003CC
7FF68
0072A
7EEDC
00F32
00E8A
004EA
000FC
7F9B6
00BD4
7FFFE
7FC28
7FA2A
0054E
7FC0E
7F61E
7FFF4
7FB18
00058
7FAE2
7FDB2
00E70
00364
7F416
7F9FE
7FD04
00002
00088
7FDC8
00472
7FF50
00018
00440
7F934
00CD4
00500
0003C
01210
00714
00772
0014A
0055E
7FC00
7FAA4
7FB3E
7FA8A
7FDE6
004D0
7F51C
7FD62
7FC0A
001F6
7FD8A
7F8A6
7FC98
003A4
7FDEC
0016A
7F80C
7ED8C
7FDF4
7FD14
7F8EA
7F264
7FD28
001EA
00474
00076
7FCB4
001FA
7FF6A
00AA2
7FF0E
0060C
00002
002C0
7F7BA
00836
000F0
004A2
7FC60
7FEBA
7FC00
7F054
7FFDE
7FFA2
7FC9C
00138
7FB64
7F922
00BFC
7FD64
7FE2C
00ACA
00046
7FB4E
7FBBA
00BB0
7F396
7F312
016DA
0167E
7FF6C
00B42
7FD56
7FA5E
7FA00
00114
000BA
7EF44
7FB28
0016C
7F6E4
000D0
7F894
7F7B0
7FBEC
00028
7F42C
7FE1C
00302
004DC
7F80C
002CE
7F7A4
00910
7F0D8
0010E
7F894
00408
7FCA2
0017E
7F9AC
7F60A
00726
006C8
008FC
7FBDC
00200
00046
002BC
7F910
7FA86
7FA62
7F758
7F8D4
7FB6E
00E8C
003AA
7FF84
7F8AE
0003A
7F89A
7FF64
00BF2
00364
01030
00100
7F9A4
7F6B8
0028E
7FFE2
7FF68
00BFA
7FB7A
7FCA2
7FC1E
00BEC
011EE
7FD88
00800
7F408
0033A
7FDC4
00FD6
7F4D2
7FA40
00016
00484
0015C
7FA16
00154
00B70
7FA18
7F5BA
7EED6
7F810
7FCC0
00804
00294
7FC24
0037E
7F74C
00CA4
003FE
7FB74
00060
008EE
002A4
0051A
7FC00
000BE
7FC00
007A0
7FE0C
7EF52
00FD6
7FD5C
009D8
7FCDC
7F39C
7F7CC
7FF5C
00514
00E74
002A2
7FB50
00C9E
7F422
7FA68
7FC58
00872
7FC2E
7ED74
00552
7FC64
003FC
0043C
00080
00396
7FB46
7EFD0
7F1F4
7F2AC
00400
7FD04
7FC5A
7F860
7F7A4
00044
7FF90
0005E
7FE58
00FD6
7FC0A
01006
002C8
7FB6E
7F8A8
0092E
003FE
0086A
7F22C
7F1B6
0071C
00290
7EF8C
005BE
7F802
7F906
00528
7F6A4
00224
7FB76
7F8EC
00408
003FE
00A36
001D0
7F660
00EB4
00AA8
0090C
0003A
009A6
00E22
7FABC
001FC
7F93A
7F5CE
0043C
004BA
00BFE
7F4E2
007A8
00D72
00A88
7F54E
7FFD6
006DA
7F800
00B16
7FC12
002CE
7F9DA
009DE
0022E
0077E
00400
0046C
7FD28
00848
7FF18
7F47C
7FC9A
005D0
000DC
7FBA4
006EE
002A2
7FD4E
000B0
7FF8E
0018A
007E6
001AE
00A02
00A8E
7FB68
7F536
7FFC4
7F410
7FA00
00B6C
7F9A4
0052C
004DA
00716
00954
0008E
01002
7F06C
008B0
7F298
7FCF2
7F6C4
00EA6
00542
7FB2E
7FF9C
7FD9E
7FAB4
01444
00124
7FC82
00734
003FE
7F9A8
7F5BC
00B48
0009C
00636
7FF46
7FBD4
7FA02
00482
7FC28
0080C
00176
7F520
0102E
0006C
7FA00
00E84
00D54
006E2
7FE7C
7F9BC
7F040
010C2
01AC4
7F8DA
00092
7FC82
7FC0C
007C0
7FF24
00098
7FC06
008A2
005E0
00488
0144A
00726
00802
00540
7F9C8
0005E
7F26E
7FC3E
7FA14
0030E
001D6
7EDDE
00200
7FDC4
003DC
7FFA0
7FE38
003AA
0167A
7F0DC
00144
7F2CE
004E8
7F68C
003F8
7FF80
00208
7FA36
00002
0090E
7F67A
7F8A8
7FEDC
7FA3E
7FECE
7FEB4
0023E
005F2
00A7A
7FD0A
005F6
006D6
7FF54
001CA
7FA00
002F8
007DA
7F7CC
003C0
0056A
7F5A0
001A6
009B4
7FA16
7FA3A
7FDB0
0046E
002A6
7EB00
00220
7FA06
7F570
008FE
7F988
00C2A
7FA10
7EA2E
7FCE0
7F26C
000CE
7F1CE
003FC
7F736
7FED8
7FF58
7FFE4
7F9FE
00592
00130
00812
0039E
7FC22
004D4
0033C
7FE60
00290
7F46A
7FDC8
7FE44
7FE36
7EFBC
7FA30
7FA10
7FEF2
7FED6
00E0E
00C22
7FD20
000E8
00142
7FDAC
00598
00EAA
7F916
005EE
0076A
00040
000BA
7FE00
7FE4E
00384
7FF72
7FA20
7F910
00082
001F0
0076A
00C18
7F7A4
000E2
00F60
00646
7F818
7FE90
7FC00
7F56A
7F878
002D6
00116
00682
7FE1A
007A8
7FC96
7F966
7FE62
7FD94
00564
00890
7F564
000F8
00200
00158
008AA
7FAA0
0030A
00050
00BD6
7E634
00496
7FFC6
7FE5A
001CC
00EC0
00198
00962
7FF5A
7FC02
00FDE
00C52
00DC8
001BC
000B8
00B30
7FFF0
7FF6A
005CC
7FAAA
7FBA8
7FC76
7FEF2
01378
7EABE
00A00
0055E
00B76
00C4A
7FDFC
7FD82
7FB30
0008E
7FF7C
7F8B6
00A62
7F9F6
7F9D8
7FE44
0028E
00AF6
003FA
7FC22
000C6
00030
7F860
00292
7FDE2
0017A
00BD6
002C6
00CB0
7FE96
00742
7F590
00478
7F7CC
7FDFE
0014A
00530
0082C
7FB36
7FF8A
7FB42
7FD88
7FC96
00760
7F410
00648
00F4A
7FE1C
0061E
0025C
00400
7FDDE
00432
0066E
00676
7FA20
00608
7F70E
7F81C
7F7BC
7FF34
0014E
00786
7F908
7F87E
008EA
00000
7FCAA
00A4A
7FDF0
7F4EC
00588
7F9CE
7FFDA
7F252
7EC6E
005AE
7FA12
7F860
00048
000D8
7FEFA
7F806
7F8D8
7F3FE
006D0
00142
7F9DE
00182
004E2
7FC08
00474
7F876
003AC
00670
001C0
00132
7FBD0
00800
0040A
7F4C6
7F3E8
00176
0060E
0022A
00CB4
7FDA2
7FB2A
7FDB8
00336
003A8
002F4
7FB2A
012B4
007F4
7FDAA
004F4
7FFC4
00062
00234
7FA7A
7F772
7FBFC
7F648
7FC30
00004
7F594
7F9FE
7FAC2
0102E
00000
01336
00236
003F6
7F2DE
7FEB8
7FDEC
7F9FA
7F60E
7FD96
0066C
00668
0061E
00A0A
7FEBC
7F978
7FA10
7F8B4
7FCEA
7F844
00D94
7EF22
00BE0
7F13A
7F350
0040E
00D16
00212
7F3CC
0026E
0045A
7FDC6
003FE
00BD2
0080A
7FFB8
00C98
7FB40
006C0
00AA2
009DC
7FD7E
7FB44
7FA56
7FA42
003B6
0043C
00036
001FC
7F8CA
7FD6C
7FBF6
002D4
00A0E
00ABA
00208
00CBA
00030
00C70
7F580
7FBCA
00C8E
7FD58
0009E
7FC00
00102
7F692
7FAA8
7F66C
7FAA2
00744
7EA0C
7FA00
00D62
7FD36
7F494
7F968
7F5CE
7FB96
005BA
00000
00694
00C04
7F880
7FCF8
7FD38
003F6
0050A
0032A
000F0
7FB6C
7F196
7FA44
7F8E6
00824
7EFDA
7F800
7FD38
7FF94
005B0
003EC
00C7E
7FE60
7F7C6
7FA00
0000E
00986
7FBC4
7F348
7F938
7FEC2
00C60
7FC02
007D4
00DD0
00210
008AE
7F522
001B0
7FBB2
008D2
006E8
00DD8
7F7D8
0090C
7FCA6
7F232
006CE
00000
7FC42
0050C
007FE
00350
0031E
7FE56
00F8E
00566
00856
7FBCA
00BC2
00D2C
7EEA0
7F9A6
7F1C8
7FA04
7F164
009D8
7FA64
00F36
7F756
7FE2A
7EF66
00298
7F74C
7F23E
7FDB8
7F830
00388
7FF22
7FCA6
00400
00904
7FE00
0014A
7FDDC
7F9E2
001B8
0024C
00294
0014E
7FAAC
0057E
7FCEE
7F46C
7F564
7F8C0
7F208
0053E
00F5C
7F680
7F79A
7FB78
00776
00194
0055E
009C0
7FB18
7FD78
7F5C0
00316
00C26
7EF80
00200
7FF10
7EEDE
7FC7E
7F9A4
006CC
7FAD4
7FFF0
7F5FE
7FC48
000BC
00106
7F378
7FA10
7F49E
0072A
7FE04
001AC
00954
0010A
7F708
7FF22
002C4
00CF6
7FFA6
00B98
7FDC6
7ED4A
7FF1C
00F78
0011C
0023A
00A00
00A34
7F1BC
7F9E0
0040E
7FBFA
000D6
005B6
7F600
000CC
7FBA0
7F36E
00C8E
7FE10
000E4
7FE26
00602
7FE70
7FAD6
7F410
7FB62
00AE2
0019A
000CE
7F454
00962
00128
00116
000E4
7F042
00938
7F6EA
00200
00194
7FD48
0035E
7F746
003D2
0079A
002A2
01256
00A22
7F818
00698
7FCF2
00576
7F980
7F28E
7F016
004FE
0024A
002EC
7F638
7F356
7F61C
016E4
007DA
7FD38
0043A
7F066
00562
7F516
00908
00094
00200
0013E
0005C
7FDA4
7F8D2
00B6C
0037E
7FC40
009AA
00F8C
002F4
7F9F4
00B0C
0083A
7FA24
7FA3A
003F4
01184
005C0
00D74
7F9E2
7FF9C
00468
7F230
7F41A
01142
7FB1E
008F2
00296
7F942
7FDBC
7FF7E
7F600
00076
7F878
7F472
00852
000CE
000B4
7FBAA
00096
7FDB4
0051E
7F73E
7FE4A
7FDA8
7F644
0112C
00BFE
7F6E0
00308
7F426
00734
005B4
7F69E
00E0A
00112
7F70E
7F918
7FCFA
008F4
7F84C
7FA1A
7FACE
7F200
00462
00380
7FA22
7FE80
7FFEA
7FFE2
7FD5E
0036A
7FD64
00AD8
7FAAA
002E2
7F472
7FAAA
7F2D6
00400
00884
008FC
009F6
7F9F6
00F22
000CA
7FC3C
7F2EE
7F99A
7FEEA
7FDCC
7FDDE
7F00A
00CF8
0047E
01A00
008EE
00B86
0018E
7FE48
7FC46
0056E
7FB24
00098
0022E
009B8
7FA5C
7FB06
7FE90
00152
7FE0E
00BF8
7FCA2
00000
7F57A
0030C
7FF9A
0043C
00526
7FB70
7F9B2
00572
7FEE4
7F7F6
7FDD4
00588
0081A
7FE00
005D0
0042C
7FC86
00FCC
00422
7FF74
7F828
00366
00810
7F814
0040C
00D72
004CC
00706
7F882
003F6
7FD46
7FDE4
7FF76
7EEDE
001AA
7F93A
00A2E
7F8A0
7FEB0
7FB0E
0046E
7FF96
7F1BC
7FFBE
00A08
00800
7F7B6
009E2
000AE
7FC04
005DA
006A6
7FE3C
00680
7FD82
005B8
7FFB0
7F66E
7F3D6
00220
7FB10
7F808
0058E
7FA26
7FBAE
7F59E
7F896
0094E
7F754
004D2
7FF8A
0072E
7FE7C
7F20E
7FFC0
004D6
01408
00000
007F8
7EC2C
00084
0160C
7F8E4
0007C
7FCCC
7F58E
7FE84
7FF08
7FA46
7F88A
7F63E
00186
7FA7A
7FFF8
003A2
7FEE0
00612
00058
7F948
0053A
00650
7FF2A
7F24C
004F4
004B0
7F73E
7EF4A
001D6
7FDE6
00400
7F4C6
007B4
00DC2
7F54C
000D0
0046C
7FCE8
7F486
003D0
00C72
00B74
00414
003D6
00534
00566
7F608
008CC
7FF94
0020A
0063E
7F048
001CA
005EC
0050C
7FFC4
7F8AE
00106
7F414
7F51C
7FCEE
00496
7F004
7FDCC
0049A
0000E
00356
7FB9E
7F280
00112
7F798
7F5F6
00148
7FF32
7FB30
7F402
7F900
7FD14
7FE04
003AE
7FC24
00294
008E4
00A5E
7FF48
7FFBE
7F6F2
00E1A
001C8
7F1C0
7F4C0
7F558
7FD04
0051C
7FC00
0045A
00822
0030A
00374
001C8
00C1C
7FDB6
7F92C
0015A
7F3CE
0046C
004FC
00AD2
7FFDC
00886
00800
0097A
7FF00
0003A
006B6
7FE30
7FC00
006D0
7FFFE
00600
7FC28
7F74E
00612
00180
0117E
7F912
00800
0090E
0000A
7F718
7FC12
7F8AC
0074C
7FDC0
7FED2
00730
7FE30
7F648
7FA8A
00CDA
7FE38
7FED8
7FC00
7FC5E
001CC
7FF5C
009C4
7ED6A
00E3A
7FE6C
00000
7F984
7F8E6
7F8F4
00A66
00572
002C0
7FA28
01000
7FE74
7FECE
7FF4C
7EC5E
00010
7FBE2
0023E
00DD8
005E6
7F9D8
7F840
0061A
009E2
00584
7FBD6
005F0
004EE
7FBC4
004EC
005F2
0049C
003AC
009EC
00F02
7FA98
7F758
7FAA6
005AC
00218
00EFE
0026C
00400
00A0C
007C0
7F4DC
7F996
7F6BA
00BF4
7EE6C
7FA24
000A6
7E936
00E60
7FB0E
00ADA
0086E
7F954
7FDFA
0033A
000F0
7FEF4
7FC2E
7F7C8
00120
7FD6C
000E8
7FE26
01260
7F6B4
0011E
00602
0064C
0006A
7FE00
000FA
7FC24
7FA60
7FDDA
7F506
7FD34
00694
00040
00062
7FA30
0177E
00AF2
7F6BA
006FE
7FEF0
7FC04
0092A
7FA90
7FB46
7FB4C
7FA12
00222
7FF7E
7F972
00DD6
00676
00338
7FE5C
7FB58
0024E
7F9A4
7FA00
7FF46
7FAEA
00546
7FA2C
7FEA2
7F89C
7F786
7F7CE
7EDF6
7F9E8
0027C
7FAB6
7FC0C
7F8CC
7FFAC
7F400
7F772
008BE
007CC
7FCCE
00BF6
00278
7F042
7F68E
7FE96
00B18
011CE
7FBFE
7FCFA
00384
007DC
7FA00
00760
7F862
7FC94
7FCA4
7FE9C
00542
7F5E6
7FA8E
0014C
7FD1C
7FBB8
00370
00216
7FA7C
00B42
7FFFC
7FEA0
00976
7FD70
00E70
7F83C
7FC92
0028C
7F624
00C94
7FF9A
7FA48
7EB24
7F264
006C2
7F90C
7FE02
003A0
7FB22
7FC30
001A0
7ED64
004DC
7F280
7FD54
7FDD0
003F2
7FBCC
7FBE8
7ED30
012A2
008FE
7FFFE
7F4FA
00320
7F82A
7FB34
7FE7A
00932
00816
009E8
007A4
7FF76
004DC
7FD9C
009A8
7FC2C
7FAC6
00200
00526
007AE
7FDF4
00100
7FEA4
00134
7FE9E
7F0EE
7FCFA
0027E
7F466
7FCCE
7F2C6
00D24
00CB6
7FC00
002A6
00572
7FF7C
7F99C
7F5D4
7FA66
00A4A
0043C
7EE5C
00FD0
7F2F0
007AE
7F7E8
7FF12
002EE
00200
7FE3C
0053C
000C4
7FF7A
0028E
00AD0
7F1C4
7FF12
007CC
00222
001B6
00E02
004C2
002D4
005BA
7F000
0020E
7F5A0
004B2
7F5E8
7FFA4
00194
7EFDE
7FBC2
00012
7F38E
7F8BA
7FD7E
7FE94
7F8F2
7FB62
00800
0003C
7F730
7FD7C
000BC
006C2
01252
00CD2
00B5A
7EDBC
00380
0105A
7F3F4
7FBCE
7FC86
0004A
00600
7F5BE
003FA
009E8
7F692
00474
7FC72
00244
7FC9A
7FF1C
000D4
00B38
00FE8
7FF90
7F488
000A0
00400
00464
0096A
7FC38
7F9A6
7F6D4
007BA
0011C
0088E
7FE18
00780
7F820
000C6
7FC36
7FE46
7FE08
7FDFE
7F87A
00B60
7FE3E
00F10
01004
0001A
00688
7FF6C
7FBB0
0041A
7FA5E
7FB5C
7FCFE
7FA1A
7FA54
00200
0020A
7F60E
00CA6
006E6
7FB92
0099E
0044A
00840
0032E
7F3C2
7FCE6
7F5E0
7FDD0
7F57C
7F4DC
7F80A
7F80A
7F9E0
00108
000A0
002D2
00236
0033C
00B08
7FEAC
7F5F4
7FC3C
7F0E0
7F826
7F9AC
004B0
7F602
7FD14
00084
7F7A8
0010E
7F846
7FF6C
00330
7FFC0
7FF9E
7F33C
00AE6
0022A
0023E
003EC
00194
00000
7FBF8
002D4
00C9A
0075A
7F754
7F82A
00214
7FCEE
00684
7FFD6
00554
00730
7FE6E
7F9BC
7FCD2
00000
00672
0014C
006CC
0053A
00044
0084E
7F742
7F6A6
7F9A4
7FDDA
00442
7FCDA
7E432
00526
7F8AA
00BEE
7FB6C
7FE86
7FA7C
00230
00D78
7F4D6
0004C
7F8DC
7FBB4
00568
00940
00060
7FC20
7FB76
0077E
7F402
7F776
00F36
7FB36
7FABE
7F6B8
00380
00B72
00D42
7FE38
0052A
7FA60
7F586
7F65E
7FE70
7F9EE
00000
7FCAE
7F8E6
003A2
7FDCA
7FA80
0127A
7FD1E
7F32C
7F670
7FF6C
7F826
7FD4E
00A90
7FDB4
005DE
7F800
7F8C8
7FD2A
009C2
00642
7F7BE
01650
7F26C
00DFE
7FAA8
7F9D4
0045A
00408
7F9B6
006B6
7FBB8
00800
7F40C
0005A
002CA
7F5C2
00352
006D0
7FD7A
00150
00C86
00148
00806
7FD80
7F93A
7F9A4
7FC10
00000
00176
003F4
0032E
00A38
00226
7FB18
00038
00DFC
7FD30
7ECC6
7FEC8
7FECE
00610
7F02C
001D0
007FE
7FCAA
7FF80
7FC4A
009C2
00380
7F8C0
7EF88
7EAB0
7F55E
7F728
7FABC
7FFAA
00196
7FE82
7F4D2
00800
7FA04
00628
7F50C
01064
00D10
001B6
7F8FA
000A0
00326
7F5C6
7F8E6
7FBD0
7FA10
7FF0C
7F776
7FDFC
0080E
007EE
7FB68
001DA
7FD34
00730
7FEB8
003DE
7EB08
7FF22
00CF4
7FD4A
00DF6
004D2
7F354
007FE
7F734
0078C
0005C
009A6
7F180
7FDF8
7FADE
00368
00440
7FF3A
00EC8
00D52
7F9FA
7FE7C
00594
009F2
01124
008DC
00154
7FC04
00898
7F11E
00052
7F01C
00320
7FD46
00FD8
0117E
7F9B0
7F5A8
0062A
00600
7F942
7FD82
00980
7FE94
7FA96
7FB1A
7FBE6
000D4
00616
7FD0A
00058
004B0
7FD7A
00E98
00136
7F20A
7FF48
7F958
00C06
7F708
7F7B2
00246
7F646
00278
001B4
7F696
0038A
7F404
000BC
0027C
7FCC0
7F602
000D0
00404
00A3E
000BE
00034
00298
7FBA0
7FB30
00228
00B5E
7F73A
7F50E
7FE68
0031E
7FBD4
011E8
003A2
7F78C
007C6
7F1DC
00634
7F718
00140
7F17E
7F92E
7FEBC
7F3F6
7FA76
00ABC
004B4
00064
00600
00CFE
006EE
7FC2E
7F4EC
00280
00CB2
00A3E
0091E
7F85C
00464
7F780
7FB4E
0052E
7FB9E
7FC5A
7FFFC
7F2F8
0022E
7FD7E
008A6
7F39C
7F804
7F490
7FB70
7FCFC
7FCE2
00358
012F4
7FDCC
7F9DC
7F57E
7FE00
7FB52
7FA30
7EEF8
7F7BA
0000C
00A2E
00C14
7FAF4
00B98
00266
00720
7F97A
7F5D4
7FB98
00BD2
7F422
004C2
7FEFA
7E808
7FABA
7EF90
00A0E
7FE1A
7F894
00564
009F2
00712
7F85A
7FB46
00600
00010
00400
005FE
7F7A6
7F628
00620
7FD8E
7F602
7F466
7F858
0100C
7FEF6
00D98
00AB8
00A18
0073E
7F758
00400
0020C
00D94
00384
7F8A6
7F7E2
00830
7F186
008D4
7FFE0
7FDA4
004B8
7F4F4
7F86E
7F400
7FC2C
00800
7FD5C
7F594
7EC2A
0092E
7F534
7FB90
7FF94
003A8
7F610
0032A
0006C
00498
7FB9A
7F916
7F724
7F800
005E6
7FD32
7F7E8
0000A
00A0A
7FE42
7F2F0
0032A
00550
7F83C
00622
003BC
7F68E
003AC
00648
7FE00
003EC
0066C
00C0A
7FA22
7F120
7F5F4
005FE
00292
0016C
001C4
7F982
7F8A2
7F740
00C06
7FE28
7E81A
7FFC6
7F732
7F3A0
7F6AE
00184
7F7A2
00688
7FFC2
009DA
00530
00176
7F2F8
7FFFA
0003C
7F8BC
00202
7F686
7FE1A
003DE
00530
00E4C
008EE
7F686
00564
000A8
7FDFE
7FF5C
7FB68
7F38C
7FF82
00892
7F80C
00B02
7FE9E
00982
7F21C
7FB96
7F884
7FA5E
00836
010B4
000B0
003F2
00110
7F6CE
0052C
7F7E0
7FC00
7FAEE
00158
000D8
7F95E
7FD9E
0082A
7FD8E
00C44
006C6
0020E
7FEB8
7F6B6
00C94
00BE8
7FF06
00E00
7F712
7FD0C
00EE8
7F99C
004AA
0029A
00D44
00294
7FEB2
00C8E
7FB66
00614
002EC
00A6A
7F664
00C00
002E6
7FA32
7F5B4
000FE
7FB08
7FAC6
7F74C
003BE
7F706
00A7C
7EACE
7F612
00590
003A6
00CE6
0020A
7FCCA
7FE78
00578
00C08
00670
7F198
01230
0056C
7FB46
7FFDE
7F9C2
7FD36
7FD9C
7FF0E
7FFCE
7FE00
00338
7F6F6
7FC60
7FF9E
00042
0058A
7FF8A
7FBBC
7FFAC
00112
00382
7F174
0098E
0024E
7FF30
7FC02
0057A
7FDD2
7EDDA
00120
7FD9A
7E97E
7F936
00294
008E6
7FF0C
7FDFC
7FF18
010DA
7FC90
008F2
001FE
7FB38
00362
00646
7F6BE
00436
7F9EC
7F5C2
0043E
7F952
00466
004C8
00288
7F458
7F8D0
0026C
7FC0C
7F8D6
7FC8E
7F01A
0007E
010F4
00714
7EEA0
0056A
7FAD8
00690
008E4
7F502
0043E
7F87C
00874
00600
7FA7E
0046C
00480
004E4
00AAE
7FD80
00F9C
00B10
7F816
7F834
7FF4C
7FA76
00362
009B4
0002A
00000
00202
7FE0E
006F8
7F880
7FF40
005E0
00258
0003C
005DA
007E0
00356
7FDB4
7FBB6
001E0
0114C
009FE
00550
7FD20
008AA
0066A
7FADC
7F5E2
7F30A
7FCEC
0037C
7F784
7FC74
0058A
00284
7F564
00FC8
00FFE
7F3BA
7F064
0011C
7FC30
7F6E0
006BE
00330
7F7C2
00904
7F86A
7F504
0024C
002B6
7FF06
00D26
7FC00
7FD1C
00EBE
008E0
00152
00D00
00714
004BC
00314
7F500
7FA02
7FCE4
7FB64
7FBA2
00986
7F758
00600
0020A
007C2
00608
0098E
7F65A
00312
7FBB8
7FBC4
7FAA4
007AE
7FFA4
7FD1A
01186
000EE
7F9EA
00C00
0000E
7FCA0
7FECC
004FE
00690
7FB98
7FCEC
7F4F6
7FCFC
006EE
7FCE2
00890
7F560
00A8C
00A02
7FA02
01004
7F4D6
006B6
00804
00468
7F6F4
00316
00440
7F8E8
7FF64
7FD82
006E2
7FA76
7FE42
7F900
00000
00262
00D2A
7F5A6
7F6C4
7FEF0
7FF38
00CB0
00898
7FB96
7F8C4
7F47E
7F6AC
0077C
001CC
7FB40
009F2
7FF50
002A6
7FE36
00088
7FC46
7FA76
7FEB0
7FF76
7FE54
7F78C
7FB66
7F8FC
006A6
7F822
00422
7FC00
0060E
7F4C0
00786
7FFA4
7F230
7FF9E
008A4
00B58
7F724
007DA
7F530
00D50
000C2
7F760
00662
009F6
7FAAE
7F91E
7FD8C
00120
7F84C
0046A
7F3BE
7FC92
7F15E
7FA40
7F052
00AFE
006A0
00110
00470
7FE00
7FED6
7F320
7FC7C
7F8E0
0005E
7F690
7FD9E
008DE
7FB20
7EDDA
007B4
7F4E6
7F74A
00B74
7F800
7FE04
00ABC
7F8B2
00244
7FD98
00048
001F4
00034
7FA06
00604
7FABA
7F41A
7EC8E
00D8C
0104E
7FA42
00202
00A12
7F8A8
7FBFE
7F6A2
7F812
00E6C
7FAE0
0032C
7FE8E
00A04
005A8
00184
00366
0103C
7FEC6
001FC
7F476
0006C
7FD36
002D4
00F36
7FDAA
7FF4E
7FA00
00848
008C8
7F6A8
7ED84
7FFA2
7EF4A
006F4
7F200
00A0C
00884
7F558
7FA9A
7F7AC
7FE6A
0034C
7FB2C
00518
00294
7FB98
7FABE
00088
009AE
00794
7FA00
7FD40
008E0
7FAA8
00B8A
00190
00C64
009CE
00200
002B6
00120
0003E
008AA
7F496
7FE22
7FFFE
7F600
00550
0067E
003F8
7EF42
01436
001EC
00CD2
000D2
7F812
7F094
00784
00A6A
00E22
010C8
0048C
7FE00
7FB62
7FEBC
008B6
7FA9A
7FA8C
00340
7F962
00200
0081C
7F51A
7F954
0022A
004BE
7F764
0072C
7FE00
7F5AE
003B6
0033E
7FB4E
7F26C
005F6
00C6C
7F792
7F4E0
7FC36
7FFBA
7F4D2
004DC
0000E
7FBD6
7FDFA
00356
00A9E
7FEE8
7F38E
006B0
7FEF6
00108
0099E
004C0
00990
002E2
7FC30
7F89C
7FCC4
008E4
7F202
7FFC6
7F9AA
7FDCA
7FE5C
7F98E
0062C
004BE
00872
7F7D4
7F49E
7FCEA
7FF38
013F6
009F0
00D82
7F9FC
00246
0034C
7F712
7FAE6
7F620
00034
006BE
7FE50
7F856
7FA52
7F78A
7F7DC
0011C
7EDF8
006B4
00600
00776
7F91A
7F522
7F042
7EB6C
00258
00CA6
7F4EA
00568
7F8B8
7FF0E
7FF98
7F9FE
7FF0E
00B48
7F80E
7F12E
00172
00832
004D8
7F6E8
7FEEA
7F7EA
7FF0E
7FF36
7EF86
7F0CC
00352
7FCDA
0037E
7FEE4
00200
01036
7FAA4
010CC
0007C
7F82C
0050A
00CB4
00312
7FE14
009A8
0017E
0020A
7F840
003F8
7FED4
007F6
00462
7FAE4
7FEA0
00274
0021E
7F9C8
7F838
7F0EA
001EC
7FE18
006A2
7F310
00274
7F972
008CE
7FC00
00B48
7FAE0
000D4
0019A
00908
7F6AC
7FBBA
005AE
7FA56
7F576
004A4
0033E
7EE88
7FFD8
7F84E
7F806
00B34
00340
00BD2
7F4A6
002AA
001F8
0101C
00128
7F526
7FD42
0069A
7FC5E
7FA46
003B0
00128
007FE
00078
003D6
7F578
00E28
001FA
00988
7F354
7FA4C
00A08
7F888
7FC08
00138
0045C
00290
005E0
00BDC
0086A
7F5FE
00608
7F3DE
00C9A
0058A
008C0
006D2
00D7A
00CE2
00096
7F738
7F228
001E2
00894
00600
7F2B8
7FAC8
7F234
7FD96
00324
7FAEE
00244
7F9C4
7F6C6
00394
7F52E
007D0
006AE
7FC8A
001D2
7F402
001CC
7FFDE
7F992
7F558
0028A
0045C
003D8
00C92
7FB48
7F702
010BA
0053C
00936
7FCFE
006F8
00200
7ECFC
7FAB2
0012E
0053C
00BA2
0025C
7FEBC
0023E
7FDE0
7FCC6
7F7F2
7F558
7F956
00054
7F4EE
00BFE
7FE26
7FD00
00254
007D2
7FAB6
7FBFE
00032
00F68
7FE7A
00648
7F78E
7FD96
7FCAE
7F87A
7F88A
00800
00186
006B8
00168
00770
005D2
7FFCA
7FA34
00E38
7F9BE
0037A
7FF40
7F8C0
7FE24
00A3A
00346
001FC
7F626
002F2
7F4CA
0104A
00060
00D26
008A8
7F9CA
7F974
00144
7F7D6
7F506
00C0A
7F716
00016
00400
7FAE0
7FC56
00308
002DE
7FF36
7F5C8
7F7CA
005BC
7FC56
003E0
7FB98
01284
00DB0
7FA1E
7F920
001FC
00E64
7F9FE
7E90E
00542
0036E
7FD42
00D00
00238
008D2
7F756
0047E
7FFB4
