00000
00000
00000
00000
00000
00000
00000
00000
00000
00000
00000
00000
00000
00000
00000
00000
00000
00000
00000
00000
00000
00000
00000
00000
00000
00000
00000
00000
00000
00000
00000
00000
00000
00000
00000
00000
00000
00000
00000
00000
00000
00000
00000
00000
00000
00000
00000
00000
00000
00000
00000
00000
00000
00000
00000
00000
00000
00000
00000
00000
00000
00000
00000
00000
00000
00000
00000
00000
00000
00000
00000
00000
00000
00000
00000
00000
00000
00000
00000
00000
00000
00000
00000
00000
00000
00000
00000
00000
00000
00000
00000
00000
00000
00000
00000
00000
00000
00000
00000
00000
00000
00000
00000
00000
00000
00000
00000
00000
00000
00000
00000
00000
00000
00000
00000
00000
00000
00000
00000
00000
00000
00000
00000
00000
00000
00000
00000
00000
00000
00000
00000
00000
00000
00000
00000
00000
00000
00000
00000
00000
00000
00000
00000
00000
00000
00000
00000
00000
00000
00000
00000
00000
00000
00000
00000
00000
00000
00000
00000
00000
00000
00000
00000
00000
00000
00000
00000
00000
00000
00000
00000
00000
00000
00000
00000
00000
00000
00000
00000
00000
00000
00000
00000
00000
00000
00000
00000
00000
00000
00000
00000
00000
00E00
7FBBA
01129
7FE78
0051D
00849
004B7
0054B
00865
00107
01436
7FBFF
00170
7F343
0019D
7FCC6
00116
7F8F0
004D5
7F8BE
7EF34
0072B
00AA2
7F99A
7EE50
00321
7FCFD
7FAE1
7FD12
7FE17
00699
0012D
7FD2D
7FBC4
7FE9D
0066C
7F569
7FDDB
0047D
00514
00217
7F3B7
7F9F9
002FC
7EFF7
007AA
7F31C
7FBC3
7F6A1
7FD64
00120
7FDD7
006FF
0054B
00998
7FC9C
7FFD5
7F63C
7FF1E
7F9E9
7EBAB
0014C
00C64
7F9E7
00600
7F9E7
7FDAD
7F9D4
7FAC1
00343
00C2F
7FC14
7FD2D
7F83F
00232
000D2
00727
0027E
0033D
009A1
7FE01
7F80D
7FF9E
7FBDC
0022B
0078B
7FCD7
0118C
006D3
7F56F
00324
00817
7FD25
00222
000EA
7F365
7F600
7F8B6
0047E
001C9
00A6C
00161
00CC8
000DC
002D4
7F20B
00983
006EE
00952
7FCEA
7FF23
00BE5
7FE00
0096A
7E1EE
7FEB0
008A8
7F412
7FFD8
7FAC7
0012B
00594
00D6C
009FD
0025F
004D5
0070E
7FDCF
7F400
7F5F4
0058D
006CA
00139
00741
7FDB3
008A9
0057F
00105
0036C
7FA6D
00B1A
00477
7F84D
000A4
7FF3C
7FC3A
008D1
7F1EE
7F554
7FD3D
7F602
7FBE4
00AFC
01171
7F5CF
7FA17
7FA06
7FA73
7F525
0069D
7F347
0022C
7F7F1
00912
7FF07
006D7
7FB5D
7F7A2
00A11
00035
7F8A5
00A36
7FD95
008FA
00AF6
7F331
00051
0011C
004E0
001E7
008D9
00103
01740
7FC72
0001F
009C0
007A6
7F86B
7FA53
7FC02
00614
00A17
00400
004CB
01071
7FF7E
7FB79
7F93B
00A5B
7EC5C
00D3F
00415
7F7FC
7FE0E
7F5B7
001A8
00CB5
7FA85
7FA59
7F849
004B8
7FE24
004F1
7FB11
0070D
004BE
7FE79
7FC07
7F518
006C5
0105B
01110
7FB88
7F285
7FC00
001D2
7F98C
00185
7FBFC
00291
0010E
00C62
7F630
7F5B1
0020B
7F9FC
0007E
7FE46
00A43
00173
7EF0A
0037A
00D5E
010DE
7FA18
7FD44
003B8
7F567
003B1
003EC
7F608
003CB
0067B
7FD71
0048E
7FF3F
7FE00
00478
0031E
7F970
016CF
00543
009A2
00716
007D5
7F813
7FC27
000CD
00758
004FC
7F25C
7FE5B
0029E
7FEC5
00573
00358
01628
0037B
7F8B3
7FC84
7FA8D
7FC3B
7F8E4
002F1
7FBAF
7FC42
001AD
7F5F8
002D5
7F8AC
7F8F8
7F41E
7FA46
0058A
7F0F7
7EC82
00BA5
005D6
7FC53
7FE2A
7FD76
7F318
0022B
00E2E
006F0
008D9
7FEF1
7FEFA
00079
00A55
006FE
00E05
7F225
004CB
7F21A
005CA
7F32F
7F265
7F759
0128E
7F800
00CED
7FFBF
0074E
001E6
7FE5A
001D3
002D4
7FB84
00B4E
00CC9
00265
00256
0089B
00897
7F210
00000
7F818
7FF69
7FCA3
00B05
0017D
00777
7FFE6
00DA7
00910
7FBE8
0070B
7FDFA
005F3
00CC9
7F95E
7FC01
7FB00
004D6
7F96B
7F99E
000D6
0027A
7FA50
00C7C
00390
7FE4C
7F5A7
0047E
001A7
7FDDE
7F3B9
003FF
0032F
7FC00
004A3
00177
7FD55
00437
7FFC4
00259
0002C
7F905
7FA3E
00333
7F676
7FCBC
008C1
00800
003F8
7F94A
0020C
00143
00341
00030
7FA00
0027D
7F929
7FCF3
00499
7F9E4
00BCC
00B94
00681
7FF6C
0052D
7FE87
00928
00388
7FEDB
006BF
00442
00AB5
00AF3
00C44
00073
7FE75
7F27A
00371
003C2
7FBC3
0130A
7FB86
00316
00664
001E2
7F989
7FE06
009DB
0016C
7FF23
7FF04
0016E
7FF24
7FFEB
7FB62
002EE
00D4F
00785
7FE76
7FB45
7FCB3
0002A
7F1D7
7FCA7
00299
00ADC
7F6EA
00547
7F49F
00A9D
00E4A
00000
001EF
7FDE5
7FAE6
7FA1C
7FBE2
7FB5B
7F9FE
004C6
7FE9A
7FDB1
001F1
7F52E
7F205
0097D
7FA18
7EF0A
7E7FA
00BBD
005D1
7F793
7FF6D
7FAD7
7FD68
00DB3
7FCB6
7FAC8
7FF2D
7FD32
7F83D
7FFD1
00D58
003FF
008DE
7FFBC
00D29
00860
7F5BE
00516
7FB30
7FBDC
005EE
7F98E
7FEFF
7FBEA
007F9
00100
004EF
010F7
005ED
0026A
7F6BD
7FFE3
00BF7
004AD
7FDA8
00383
0028C
7EA11
00BEA
7EC5B
0088E
00236
7F043
00600
0080E
7F77A
7F8EB
00C3A
005A5
002C3
7F0A5
7F88B
7FF80
7FF6E
002B1
00A0A
000B2
004E9
00D28
7F6C3
7F8AE
7F925
00224
00FF5
7FB33
0047F
00A98
00923
00659
7FD27
00669
7FAC2
00A51
00BC3
00EC9
7FBC0
001FE
0091B
00223
7FF64
00128
7FA90
00DF7
7FD3A
0021C
7FEE2
7FB1C
00377
00070
00410
0063E
7F4CA
7F446
7E926
0063F
009CA
00767
7F9A9
00A79
001A4
00188
01160
00C8C
7FD3A
00541
7F249
7F727
00600
7F38D
0020B
00BF4
004BE
007B8
00908
7F86D
00512
7FEB3
7F903
7F33A
005E5
7FABC
7FAF1
7FAEA
7F002
7FD94
7FEBF
7FE75
00DD8
00535
00359
7F9BB
00B69
0007A
7FDF6
0016B
7FFCC
7FAD5
7FCBB
7F2F8
7FE00
7FA17
007AB
00222
7FF41
7F434
000AC
0054D
7F6EF
7FFBB
7FCAC
7FF75
00BC2
00937
7F66B
0029A
7FC01
7FFBF
00084
7FCD3
7F627
7FF99
7FBEB
00869
00896
7FAD2
7F365
7FDD7
0068D
7FBD1
7F8F3
7F45D
7F000
002CA
7FEF2
0081F
7F9A6
7F89F
0001B
7FA31
7F075
0031C
7FA80
7FD73
0041C
7F82E
7FB81
006F4
00A51
7F994
7F903
00450
7FCC9
7EC19
00EF3
7EE1A
7FCEF
7FF81
00283
0073F
7FD60
00431
7FEC3
7F9ED
0043E
7FF0C
7FDD1
7F1AF
001A8
7FEC2
006B6
0088F
0079C
7F904
7FD02
00DEC
00789
0115C
00200
7F69E
001D8
7F5EE
7F950
0032F
00A6C
0042F
0077D
00E5B
7F12C
00614
000B8
0018A
000AE
003FB
007ED
006A3
7FA00
00A53
006D1
0022A
7F876
7E51C
00022
015AD
00402
7FED1
0021F
7FA1A
7F7C1
004C8
7F415
00222
7F346
0007A
0005D
005FB
003BA
00617
00459
00483
005FD
00804
00600
7FEC5
7F5FE
7F6B5
00253
0020A
7F402
7FD23
002E5
00020
7F8DB
7FA2E
7F866
00E41
7FA03
7F8B9
7FC40
7FBFF
7F87E
008E1
7FA79
0078E
00711
002F9
00692
7F8E7
009B3
00D89
7F647
00B97
7FBFE
7FE9E
00FB7
00017
017CF
7FA9B
00F8F
7FBA9
00600
7FB24
7FE43
0006C
7FC6B
004D3
7FA14
7FB1A
7FD2F
00648
00434
0051A
7FB15
7F6B6
7F679
0118F
7F29F
7FEB2
00809
00637
0048F
0097E
00C30
009FD
002CE
7FCE8
7F90C
000EC
7E935
0010E
0076B
7F155
7F619
7F735
7FE5C
7F21F
0034E
7FEC4
7FF9B
7F8C6
7FE2B
000B6
7F9F3
00BB4
7EF64
006B0
7F670
7FF39
7F765
00B3E
0055B
7F92D
7F980
7F6D3
7FEF9
0003F
00425
7FBD3
7FD1B
005C1
004D8
7FDE5
7FA96
7F391
7F800
002A6
003FD
7F8BC
004B9
006C3
7F46F
7FFF6
7FE58
0084C
7FB9D
7FDE5
7FC2A
00977
7FF5E
00597
00000
00836
7FA36
00D85
00831
00B27
00406
00230
7FED4
7F8F7
7FC34
0080F
7F4C0
0029A
7F777
7F758
7FC00
7F645
0184A
00658
7FC72
002F3
00FEE
00F9A
009A8
000C0
7F90E
009A6
002A8
7FB01
7FA1C
00D5F
00C00
009EC
005C9
7EDE4
7FEA3
7FA83
7FD44
001F6
7F92D
002EC
7F2DE
005EA
0046B
7F989
00967
7F1FA
7F600
0001C
0059B
00960
00955
7FB03
7FE22
00354
00A4B
000F8
7FA1C
003A2
00215
00476
0079F
0015B
00A51
00188
0004F
0053F
7F57D
7F39C
7FB44
00E63
0042A
00870
0038E
0082A
7F3B7
7FA78
7FD75
7EFA5
0043F
00835
00364
7FBDB
00062
7F9E0
00805
7FA88
009E3
7FA2E
7FD5F
00770
7EE6C
7F2B8
009FC
004AB
7F0A5
0064C
7F8CD
7F7F3
7FF96
002AB
003C7
7FDCF
7F80F
7FED7
003F9
003FF
0004C
007F3
7FE5C
7FE05
7FA00
7FB5E
00981
00F38
00553
00CA3
7FF3F
7FBD8
7FB8A
005CC
7F94F
7F88B
7F58C
00549
7EAB6
7FDA7
7F348
001E0
002B2
00069
7FC47
7FF0B
00BBA
00044
7FBFC
7F8E5
7FABA
7FCEB
0019C
7F938
7F9E9
7F5DE
00000
7FDED
004E6
00272
7F68A
7F805
0087E
7FAA4
7FFAE
00F00
0004C
7FD76
7FD14
7F8B7
7F71C
002D1
0016A
7F49E
00BAF
00214
00603
0035B
000C8
005B4
7FA03
7F6BA
0022E
001D6
7F91D
7FCBB
7FE3B
7FA5C
7FA00
00783
7F603
00349
00A91
002D5
7F4F9
0002B
7F619
00294
7FA94
00A46
7F285
00A85
000FC
7FB70
7FB3A
7FC57
00404
7F8FB
007A9
0029E
7F9C9
7FDB4
003BA
7F820
00073
7EEE4
7F7D2
7F8FF
7FA15
7F865
002D5
7FF29
0075A
7FFDC
7F9D9
013E1
7F3DE
0020E
00C78
00254
005F9
7FD7E
7FE33
7FB22
7F7A9
0010F
7FB39
0042C
00279
7F9BC
7F42C
7F987
000AE
7FF33
7FD90
003F0
7F3D4
00536
00606
0039D
7FD8F
00244
00400
7FC97
00824
7FC9C
7FB1A
7FBB9
7F4BA
007CF
7FC00
00443
004B5
00111
00C0E
001BE
00747
001E6
00000
01035
01123
7F81B
7EF63
002B2
7F9F4
7FBA2
00258
0053D
7F1F7
00B74
7FF03
7FC86
009FF
00981
7FC00
00B40
7FBAF
00062
7FCE5
7FE5C
7F769
7F73C
7FC00
7FEDC
00BB4
00558
0019A
012FB
7FA27
7FDCD
7F800
00154
00401
0112D
0089E
7F811
000F3
0049B
00DA8
7F992
7F4A7
0032C
00355
7FE9B
7FD8B
7FC33
7F400
00AFD
7FA8D
7F1B9
7FAC9
7F43D
00491
7FCD9
7F909
00256
7FEBA
0001A
7F593
7FBFF
7FD04
000D6
7FEEC
001EF
7FD2E
7FEC3
0007D
00F16
00969
0014C
00BFC
00388
7FC3D
00348
00270
7FF1D
7FD91
0091B
7FD2B
00B33
7F448
00156
7F45D
00653
00FC6
00616
01948
7FCAA
7FE69
7F6B0
7FD1F
7FC26
7FF25
0054B
7FB39
7F790
00403
00CA6
00D8A
7FAA9
0053C
7F8EF
0033E
00300
00B0C
005BC
00F2C
7F875
0052B
7F962
00800
7FA75
7F9E0
005BE
00058
7FF09
7FFD4
7F61D
00022
002EF
0085D
7FBD3
00AE6
007FE
006B1
00804
0043E
003B9
01153
7FC13
7F92B
0075E
006BA
00812
00446
00343
7FDE1
7F714
0052F
7F43E
7F29B
00553
7FE00
004DC
00C07
00038
007BD
00B2C
7F563
7F120
00AC4
0035A
7FE52
00752
7F7BC
00BB1
7F573
00185
7FE96
7F40C
00877
7FDB5
003A4
00147
00A1B
0093B
7F076
00AE2
004F1
00992
7FEA5
00A87
007C3
7FE57
00200
0087F
00308
7F56D
7FD1F
7F5CB
006FF
00116
00169
00B8D
7F8B9
7F64E
7FFE8
005DD
7FEB9
7FA93
7FBAD
7FAE9
0027E
00E36
7F95D
00479
7FF2C
01009
0001D
00555
7F391
7FFBE
0007A
7FA1C
00826
7FD31
7F782
001DB
7F81A
0032F
7F453
0001A
003A4
7F5FC
7F10E
7EF72
01157
002EF
7FADD
00A7B
00FB6
002BE
00496
7FF4C
00850
7FD21
7F7B8
7FE7B
00628
7FF0D
00C2C
7F6ED
7FA1C
010BF
7FB75
00324
00527
0025F
7E800
00624
7FC3F
7F87E
01372
0033B
00134
00231
010B9
0003E
7F8AD
7FED1
7FEBF
00264
7FCC4
00E2A
005FF
00346
7F4DF
004AA
00243
0121A
7FDBF
010A0
003C1
009E5
007AE
7FCFC
7FEF7
001ED
003D6
001B1
00001
00228
7F309
7FCA8
00633
7FE3F
00D93
00758
7F746
000F2
7FD97
00245
00891
7EB63
0095C
00A94
7FA00
0028B
0008A
002E0
00C12
00334
7F37A
7F927
00C3C
7F6CD
7FD5A
7FEA0
7F1B8
00984
7F60A
7F8E0
7FC00
7FC81
7F162
7F761
7F4B9
7FF6B
00DBF
7FB0C
00A81
000FB
7F633
7FE98
7FF8A
7F273
7FD69
7F697
7F405
7F553
7FF5E
7FA42
7F6FF
7FAB3
0061E
00117
00287
007A1
00669
7FEDE
7FABC
7FE8E
7FBA0
0003D
005A8
7F441
7FDF2
7F619
004DB
00532
00600
00122
7EC60
7F898
00281
00229
0011F
7F54F
7FFC0
00886
00806
7FD80
7FA64
7FCDB
00798
7FED3
01846
00089
7F872
007D9
004F0
7FE2F
7F847
00492
01433
7F1E7
00200
00464
0018B
005B0
7FECE
7F07B
00F4A
00125
7F651
7FF1A
7F7A7
00399
008D3
0099C
7F74E
00520
7FE97
00186
00625
006B6
0061D
0113A
7F747
7FF2C
0035F
00A95
7FE6C
7F588
00AE7
002AD
00918
00505
7F801
0070C
008C7
00734
7F6FF
00171
7FD89
7FC8E
7FD84
7FDDC
0007D
00D43
7F09B
0081F
0023A
00388
7FBC0
7FCF9
008F2
7F574
7FFFA
00A36
7FFE8
00087
7FD12
7FC21
005DA
7F732
00624
012CA
00414
00666
00000
00392
7EC8F
7FB26
7FEEB
7FD1F
7FB73
7FA76
7FBE2
00965
00E1A
7FFCA
00451
7FDE2
7F625
012ED
007B5
0092B
7FEC5
00A91
7FB91
7FD55
7FA26
7FD20
7F1C1
7FB46
7FEBA
7FF78
00C85
010EB
7F102
006EB
0016B
7F9E3
7FAA7
0016E
0014C
7FD49
00057
7F589
7FB81
002C1
7FA5A
00580
7EF78
00C3D
7FEAA
7FAD7
00826
00BEE
7FE15
001EA
0079A
007DC
7F9FB
7FED7
00079
001F6
00D62
7EC92
7FDE1
000AD
008E7
007C0
7FC00
7FC9C
006A8
00211
7FC61
00669
7F940
01091
7FC02
00744
005B8
7FCD7
000AE
00464
00791
7F7BD
007FE
009C5
01406
003A2
7F0DF
003ED
7F334
00367
001A8
00268
00185
0059C
003F3
006A8
00F0E
0023F
7FC00
0066C
7FE85
7FB25
7FD48
00C98
008BA
7FA67
7FC00
00970
00518
7FA04
008F8
00958
7FC96
00E0D
00000
7F625
7F128
7F676
7FD7C
001C7
7F9DD
7FEAE
7F659
7FE9D
0094E
000EF
7FA64
7FE31
7FDC2
7F63D
00800
7FCAC
00CB5
0092E
00319
7F8AF
7FF6D
7F372
00A7A
7F545
7F8AA
7FEC0
000BF
7E82C
7FF99
00211
7F8EF
7F8AB
003B1
00443
00A43
7EDEB
7F5D0
7FFDA
7FACF
001F6
7F9C2
7FC2E
00E07
00603
00568
7FBA9
009E7
7FA8D
00201
002F6
004E4
0049B
7FCB5
7FD39
7FBC9
00CBD
00128
7FEF0
00310
7FCFF
7FF18
7EEA3
005FC
7FA8E
7FC59
7FD62
7F8D4
00B78
7F535
00879
00925
007B6
7F3CC
7FDF4
001DB
7FCC7
7FCF3
00508
00400
00666
7F154
7F1AF
007DF
00CD1
7FFD4
0097B
006E2
7FC32
0019C
7F6BF
006BE
00572
7FA99
00539
7FE96
00A19
0043C
009B2
7FE71
7FB33
00906
7F877
00404
0042C
7FC0F
00BCA
004B9
7FBDE
7F3FC
00189
7F202
7FB48
7EEFF
7EE37
7FA5C
7FB30
7F216
001DB
0109E
0001A
7FBDE
7F270
7F818
7FD74
0083C
7FF0D
7FE96
7FCE3
00242
004E6
7FB26
7F395
7FA83
7F56A
005FD
7EF03
00EDC
00133
7F6C0
008D3
00A70
7FA43
00400
00454
7EB1E
7F43A
00CF3
7FE3A
7FA86
00A02
7F908
0099F
7FD06
7FED1
7F620
001D8
0014B
7FB98
004E7
00340
7FE53
0030A
7FB62
7F61E
7F860
7FBBA
008AB
001FC
001FE
002CD
008FF
7EB43
00DE2
7FDF7
7FE96
7F689
7FF42
00AF5
7FE46
00B7B
00E28
0087D
00394
7FDA8
7FA62
7F216
009AF
7FDBC
7F3A3
7F433
7F7D9
00326
0098F
003E8
000E9
00C96
0001A
004D5
00791
7FE03
7FC1B
00AD7
7FED8
7FA65
7FE82
7F2CE
00800
003F4
002E7
00C5E
7FC23
7F788
00233
001F4
7FBC1
7FC24
7F920
7F4A2
7F782
7FE49
7F7D0
7F365
7FE01
7F83B
7ED56
7F88A
006C6
002E5
7FF3A
7FD30
00D6A
00812
7FEC3
00427
0067D
7FE4F
7FD63
7F2EB
00001
00551
7FDA7
7FCE3
7FBDD
7FA12
00715
7F6DC
0043D
7FEA6
002A4
7F87D
7FF86
01032
7FD07
7FCC9
00200
7F5C4
00471
003E9
7F13C
009C4
7F528
00C51
00A95
7FA89
00321
7F456
01278
00040
0001F
7EF4A
7F000
7FD70
0091E
7FD66
7FB65
7FB9E
7F732
002A2
00548
0066D
00082
7FCDD
7F168
7FBB2
7FD7B
00F06
7FE9B
7FB18
7FB79
007FC
7F294
7FD6E
007E4
7F6E0
7FB43
7FA1C
00736
7FFA3
7FFBF
01663
7F890
00943
00440
7FDB9
00FBC
00135
0033C
7FA97
004F2
7F9A1
7FD30
7FB0E
0014E
00246
0123B
7FD9E
7FD59
00827
7FFAF
7EECA
7F9D5
7FCEE
00A09
7FE76
7FE00
00FDB
008BD
005A3
0028B
001DD
0031C
0008B
00E74
00E3E
7FC00
007E8
7FF51
7FE2E
7F8D1
7FDB0
7FF19
0081C
7F3D7
7FBF8
00F64
7FCE8
00AD2
00C89
7F1B2
002B9
7FD2D
00D4D
001AE
7FB24
0064C
7F9C3
000AA
00D4A
7FCC0
00266
00519
00B61
7FEB9
7F503
0020B
7FC3F
7FC01
7F0D5
7F8BF
002C7
00619
002FC
0031D
7FED2
00733
00520
7FAA0
7F743
7F810
7F6AC
0125D
002A9
002D4
7FA90
00087
7FF39
003EA
7FE90
7ECFE
0015F
7F829
0031D
7FA09
0095E
7F4F4
006CC
7F0BB
7F38E
00600
7F4D8
7FD94
7FC00
7F6E5
7F9E8
7FAE0
004D7
0031A
002E5
7FFE7
7F091
00BDC
001E3
7FB27
7F8D2
006F1
00497
009AA
7F407
7FC67
006E0
7FB01
7FC77
0050F
7FC89
006B6
00EE0
7F98D
00D81
7FF28
0075F
7FA59
7FD63
7FBBF
7EEB7
0019C
00526
7F45B
7F7A9
007CA
7F38F
7FA02
7FE78
00007
7FF12
7FF1C
7F4F7
7F829
005E3
7F97B
7FA88
7F824
7FC5D
7FAF2
7FB31
7FE37
00048
7FD67
7FDF0
7FC2C
0060C
7F051
7FE67
7FC00
00F46
009AB
00A4E
7F7BC
000EA
0024E
00C4B
00113
01558
001C1
7FE3C
006AD
0009F
00523
00A66
7F601
7FB7C
7FFD8
7FBB4
7FFC8
7FC9D
00290
00434
00096
0075F
005D2
7F378
7FFF1
00872
00132
0068D
007FF
7F4A0
7F880
00728
001ED
7FCCF
00AED
008AE
7F2EF
7FBB3
7F906
7F1CC
002FB
7FCA9
000B3
7FB33
7FE00
7FD0C
7FDFE
7F4F8
7EE91
011CB
00034
0085C
0036A
01679
7FF67
7F871
7FE68
002D1
008F7
7F43F
00600
7F67C
006DE
7F9A4
7F513
002A6
7F730
00435
7FD24
00B87
00371
7F89F
7EA02
7F871
7F5D1
0031A
7FB5B
7F72D
00456
00023
004F5
00628
00719
7FAE7
7EEF5
00343
7FE80
7FA4A
7F907
0082D
00BC6
7FA9F
00CB9
7FBF9
0046F
7FD0D
7FC20
01262
7FD41
7F3FD
00C64
7F5C5
001C4
000D4
7FE05
7FBA8
00C22
7FE47
7FDB5
7FEC9
7E969
7FE8E
7FFA2
7FB09
7F234
00FBF
0016D
0019E
7FB9B
7FE8A
7FCB2
00336
00A39
00593
7FC00
00792
7FCF3
7F8DE
00140
7EDB4
0053A
00921
7F003
7F730
004D7
002AC
7F50D
007A5
00405
00ADA
7F8EF
00598
7F9B8
01032
7FB30
7F793
0008E
7F7BA
7FA02
001E5
7F294
7FD0A
7F96F
7F4F8
7FA60
00645
005FF
001D4
000EE
7F674
7F90B
00039
7FEE3
0068C
7FDF7
00709
002C8
00060
00FD1
7F955
00F0B
00483
7F8EE
00578
004D2
00FCA
7F645
00CF7
0007A
00780
00402
007A1
0046B
7FE4D
7FCC2
7FCDD
7EE1B
7FBBB
00600
00B14
7FE83
00224
00559
00853
00252
00454
00399
7FD25
7FF62
7F075
0007B
003D7
00225
00381
7FDF9
002C5
00EB4
7FF1D
7FF94
7F669
006CF
7FFB1
7EE02
00138
7FC42
7FAA2
7FD56
00943
7FA2E
7F7A0
00711
7FA13
7F9B9
7FC36
7F786
7FB59
7F23A
00264
7F7DA
7FF40
005E5
7F987
00B41
00491
00399
7FA01
7F53B
00819
00DC9
7FB07
00120
7F328
7F89A
00413
7FCC9
7F58E
7FCCC
7FE25
7FE0D
7F78B
7F9FC
00689
7F800
0035E
7FF94
0020D
7FB5B
0001F
0079D
7FD7E
0043F
7F882
00EC1
7FA9A
00B0D
7FF41
0079C
00572
00200
00D27
7F1A5
007B4
00EE8
7FC1B
00CB3
7FD21
7FC3F
001FB
7FC93
7FF22
0056A
7FB7E
7F8CF
0019F
007FF
00D8D
00477
00CEF
004A5
001E6
001BF
7FDB1
7FBC1
7FD0E
0117D
7FFB2
00841
003E3
00847
7F677
7FE00
7EC62
7FBB4
7FF12
7F118
00632
00D3A
7F80F
7F3C3
7FE01
001CA
0076F
7F746
7FD0A
003FA
7FB7D
00200
001B8
0065F
7F93C
7F275
7F309
7FD3E
7FF48
000DB
7F81B
7FE92
7FCFF
7FD37
7F88F
7F60D
00281
7FD87
00127
7F344
0000F
7FEEE
7F975
00239
7F6ED
7F8C2
0075E
7FFA2
7FF98
7FC76
0127B
008BE
00676
009E7
7FC47
7F353
00564
00ABA
00567
004AA
7FC1C
7F46C
00902
0058D
7FAFB
7FDC9
01CA3
7F4B5
7FD17
7F961
7F8FF
001F7
001C9
0043E
00080
00522
7FFCB
007A5
7E2DC
00392
7FB53
0060F
00039
0096C
00A97
7F600
008BE
7F632
7FAE3
7EFF7
7FFA9
00423
7FA92
7EBBD
0024E
7FE8F
00A4A
00529
003F1
00436
00658
00000
001CD
006A3
0066C
7F8DA
7FBB3
004B5
003A5
000E5
00587
00545
0016C
008B2
7F440
00671
00CA7
7FE01
7E9B5
00725
00BCB
00297
7F8A6
000C5
7FE8F
7EE6D
00BF0
00AB5
00FA0
00A45
00AE5
002FB
7F875
7FD2C
7F63A
00770
7FF02
0048E
006C2
7F80E
00263
7F363
00629
00788
7FEF1
0004A
7FFB6
01712
0052B
7FE00
00567
00567
7ED5C
00C09
7F614
7F81D
0057B
7F11E
00AC1
7FBF4
7F97C
7FEB4
00799
00A8A
7F803
002BE
7FF88
00E83
7FFDA
0079A
00439
004D7
7F5B6
7F12C
7FCA1
0007C
006DB
006D2
00113
00798
000A8
7F61A
7FBEC
00BD3
0042B
7FFCE
0075B
006D4
00572
001BD
7EFD2
7F3C2
00288
7FD5B
00B26
00174
7F79E
7FC71
00A08
00C6F
00CBE
7FD29
001B9
00024
7F1BC
00559
7FDAD
000CC
7F845
00265
00972
7FEDD
7FB4E
00A00
7F964
0053E
0016F
008BB
7FE7F
005C3
009A5
7F72C
00D13
7F22A
7F8C4
00371
7F6BB
00B55
7F93D
005FF
7FF05
00A19
7EE85
7F9BB
00E79
004E1
7F44C
000D3
004CD
7FEAE
00E6C
7FA18
00E4E
000D8
00079
7EA02
7FECA
005D5
00EC4
00692
00F24
00510
00022
7FCD5
7FC79
7F84E
003D9
7FE37
7FCA3
7F9D8
006F6
7F601
001C4
0071A
7F9E4
7FEF5
00CB3
005F0
7FEE0
7FB2D
0020D
7FA95
7FC59
7FC42
00C20
00452
00263
00800
7FF4B
0084D
0135A
002F9
7F35A
008E9
7F717
7FBF4
7F015
00756
7EE0A
7F90A
00E71
7F466
0046D
0029C
7F79E
7FE85
7F522
7FE7E
00A7F
7FF8B
7F996
017B6
00295
00A5C
003DD
7FEF6
7F481
7FB84
7F746
00000
00178
7FA1F
0031B
7F478
0121F
00316
7FF42
00531
00688
00398
00008
7FCE1
7FAB6
7FB62
7FD80
7F8CD
0072A
7FC17
00108
004EB
01253
7FDFA
7E5BE
7FBCF
007E3
001A8
008B9
7F463
000C2
7FA85
0090C
00200
00CDA
0093E
7FE9B
7FB63
00287
7FDA3
7F955
00712
7FB43
00FF4
7FA92
003B1
00477
0010F
00317
7F8EF
7F395
00767
7FE73
009A9
7FE93
00D55
00420
7FE9B
7F1D1
00532
7FF24
00534
7F856
00538
00241
00400
00886
007BD
00726
01008
7FF32
7F47E
0047E
00165
7FF7D
7FF80
00493
7FEF1
001A5
7FD2E
7FC64
00169
7FDB2
7FC50
7FC2A
0020F
004A5
0085A
00ED6
7F8EF
00B43
7FFCF
7FAB1
008D6
001C8
00324
7FF0B
00400
008DD
00697
7FF51
7FC30
00A94
7F290
7FC08
0025C
7FF81
00554
004D7
7FB59
00CD0
7F6ED
003A1
7F7B7
7FD4B
00046
7F376
7F543
7FCA6
7FCCA
7FCF9
0022B
007D1
0040D
7FF70
00515
008A7
004A5
00F41
7FD2C
7FB7A
7F5C8
7F78F
7FF5D
7FEF8
00B24
7F89A
7F577
00152
0083F
00A47
7FA00
7FF75
00F1E
7E837
7FDD6
005E0
0067C
7FDA4
7FB80
7F246
7F4E6
7F23B
7F921
001A3
00506
7F854
01084
7F6A5
7FCAC
7F7CC
00000
7FB9E
7FAA8
7F1AD
00ADF
00623
00728
0130E
7EAB2
7FD0E
7F3D1
0030C
7FC50
7F111
7F8F7
011FF
00000
00A2F
7FE69
00187
7FC83
7FFF8
00046
00189
7F8D5
7F5CE
7F2EB
7FE24
7FE78
00A71
7FAD6
000A6
013FF
7FF8E
00184
003C1
0006F
7FB44
7FBAB
00887
00150
00389
00626
7F8F8
003B3
002C6
00433
7FAE0
7F402
00029
00665
002AB
7F82F
00258
0028F
7FD94
7F32D
7F419
7F226
00596
00187
7EE01
00257
7FE67
00800
00DCF
7F8BB
00C33
7FAD0
7F6DE
00286
7F99A
7F9DA
008E9
7FC28
00711
004A5
00996
7FB21
00AB5
7FD65
00361
7FBF0
00078
001A1
7FE70
00368
7FCC5
7FFF9
009BB
00257
00132
7FE17
0007F
7F503
00BC5
005AA
003D0
007D2
7ED8F
7FF63
7FCC2
7F782
00C8E
7F397
7EF64
7F709
011A9
7F73C
000CF
00560
7FD49
7FEEC
7FE2C
7F86C
7FC80
7FFC2
7FAB4
003F0
00CA9
0034F
003C5
7E762
7FCFC
7F416
001BB
005F0
00A86
7FE00
002FE
7FF6A
7FBAB
00155
7FD8B
0076A
7F0C8
7FEA8
00054
7FB03
01274
7FD36
7F681
7FEC7
00A5B
00000
7EFD9
7FF6D
0020B
000F9
0070E
7FB4C
004A5
7FC7F
003DA
7FC65
003DE
0032C
7FEB5
7FEC6
7FAD0
009FF
006FC
7FA8E
003D1
006B1
7FD9A
0023F
7F7FD
7ED12
7F211
7FDB2
0016C
01249
0033E
7FEFF
002B0
7FD2C
7F59F
00BF3
0048D
000A7
0074E
7F72F
003B8
00DB3
003F7
7F9B6
7F51E
7FC0F
0052F
7F385
7FBEB
00200
00305
7F9E1
7FC0B
7FC69
00901
7F550
7F656
7F51F
7F16F
00254
7FCAF
7FAF3
00608
00901
7F11D
7F58D
00634
7FC1A
7FF51
7FDB9
00059
7F881
00927
7F712
00014
7FF3B
006E3
7FD44
7FEA0
00108
00226
00000
0067C
00940
7F871
7F8CC
7FBF6
0081F
002E3
009C0
7FE59
0065D
00D09
7F6E0
0008B
7FD2B
00525
7FE7A
00D82
7FB61
7FB73
002E5
00A8B
00447
008DD
7F925
0076A
00105
7FBE2
7F42F
7F896
7F5F2
0019F
7FC00
7FE26
7FB17
004FB
7F7CD
7FA34
0006F
001E5
00B12
7F982
01007
005F5
7FF12
7FA69
0012A
7EFBC
7FE01
7FDBC
004A7
7FC07
7FDE6
7F112
7F845
00B8D
7FF13
7FE8C
00168
00241
7FEA1
7F56C
00D0C
002DC
00BFE
7F457
00340
0020A
7FE8D
0015E
7E8DC
00021
7FCEE
7FA55
7F99F
7FE7D
004EE
00074
00318
0045B
001FF
00571
7F9B1
7FC7F
003C2
7FDB5
7FFCF
7FB8F
7F0F0
00346
00841
00513
00560
7FA11
7FD55
7F4A2
00A00
7F9E7
00B9B
7F2E1
7FF73
0088F
7FEAA
7FEF0
012E9
7EF2F
0056A
005DF
00E31
00390
7F96D
7FDBB
00403
001EE
7FA56
7FB25
7FB89
000FF
7EFF1
00783
7F87C
7F4D4
7FE29
00E25
7FB9A
7F5A0
002DA
7F75C
0043E
7F4CC
7FEE6
00647
000CC
00170
7F7A3
0012F
0042A
00AF1
7FD59
7FAB1
00858
00F61
00CCB
00215
7FB8C
7EDFA
7FA27
7F18F
7F5BB
7FF69
008EF
7FE5B
7F90D
009F0
00E69
7F628
7FC67
7F4EC
00164
7FC61
00600
00E3A
7F191
00ADD
7F6A3
7FC14
7F3AB
007B5
009AE
7F85C
7FB83
7F575
7F6FE
0102B
7FBA8
7F63C
7ED9F
7FC5E
7FA65
7FB97
7F850
00BF6
01181
7F981
7FFAF
7F32C
7FF84
0018F
00351
7F8F8
7FB02
7F4CE
7FC00
002A9
001B2
7FCEA
7FB27
7FDAC
0021E
7FDE5
0027C
00C09
00B53
00191
00452
0086C
7F17E
0040F
7FBC3
7ECE3
00843
7FD27
7FA92
005C7
7F813
7FB9D
7FB8A
7FF0C
7FDFD
7FB97
7F692
7EF0D
00839
0044E
00600
00D52
00083
7FD44
7F524
0059E
7FBCE
005EA
00962
00198
005F6
7FCF1
000BE
7EEC9
7F305
7FC75
00762
7FB26
001C0
001A0
7FBF8
7F86F
7FF0F
7F97E
7F8C7
00AC6
7F6E1
7F352
00A8B
0096E
7F3C6
7F9C6
005A8
7F448
0080D
7F5E7
005C8
00625
0004F
005AA
7F780
7FE9E
0072C
00381
00251
7FAF6
0060C
00AFC
005DB
009A7
7F4CD
00199
005DE
7FD7C
00393
7FF2B
7FF3C
7FEBF
00183
00820
00F87
7FD79
7F641
003A5
00800
00F0B
7F38B
7F663
0000E
00848
0146F
00A7E
00E3D
006E9
7EFDD
0012D
7F957
7F99A
00201
001ED
00201
00BE1
00403
7ED21
00BC8
7FFBE
7FA9F
7FD94
7F897
00AE3
7F1E9
7FCBB
7FC63
7FE3B
00AAE
0089D
00000
7FEC3
7F0EA
7FEBB
7FB77
00281
7F2C2
7F20F
005C1
7FC14
7F04D
7FD29
00325
7FCDD
7F4A5
7FC09
7FE01
7FA15
002D9
00155
000B3
00698
00982
7FD68
7FB69
7F9A8
002A0
0060E
7EF23
7FEE1
7F35B
7FD34
00600
0029E
00461
00204
00DCC
0079C
7FCE8
00912
7FBC0
00BEC
7FE2C
00051
7FB08
00B85
0054D
7F417
0029E
7FE82
7FF2A
012E4
00D6A
7F473
009B9
7FB80
7FED3
7F4C6
7F489
7FE9E
01011
7FE60
00644
0078A
7FA58
00952
008A9
7FEB1
7F9EA
7F2BB
00169
7EFB2
005CE
00004
7F53C
7EFBF
7F699
00EC8
7FC36
7FFF8
0029D
7FA69
7FFBD
7FE33
7F512
7F664
00227
7F4C9
0126A
005B7
00923
008A6
7F99F
7F9CD
7FB73
006E1
7F800
7F5F5
002E5
0050D
7F50A
7F2F2
000C7
7FFCE
7F24D
011F3
004E9
0102D
7FE0B
7FE1C
7FB7D
7FAD3
005A7
00903
005F7
7FBBF
7FEDE
7F81C
7FB2D
002E2
00073
7FA4D
00805
00435
006C5
00737
7F1F0
015F7
00400
00883
00A88
7FAC9
00197
002BB
00532
0016D
00381
001FA
00ACF
7F4DB
006D1
00C21
7F799
7F317
005A7
00FE7
00749
7F73F
7FB8D
7F878
7FC8C
7FCFC
7F9B1
7F99A
001A2
7FB74
003FB
000B5
00079
7FC82
00200
7FCFB
7F985
7FE07
00E99
7FC2F
00906
7FA67
7FDFC
7FD6F
0014A
0038F
7EE64
00048
008E9
7FB2C
00855
7FF64
7FDC6
7FB99
7FD41
00649
000BD
7F92E
00398
00422
7FDA8
7F54C
7F673
0042A
7FE74
7FF8B
7ED9E
7F49F
7FCBD
7FB53
0071E
003B9
016C1
009BE
003B4
7EFCA
7F1F6
7FB71
7FA5C
7FBBF
00895
7FC68
7FFDD
7FDE0
7FDF3
7FA53
0098C
00153
7F766
7FC7E
7FCF0
00B09
006D4
7F1A3
7F807
00778
7F93A
7FB54
7FC00
00075
00461
7FA7A
01037
7FF4D
00920
00A60
009E5
7FB59
00583
002EE
005BB
00376
7F584
00533
7F601
7F637
0008A
001EF
7EBAC
00829
0008E
005B8
7F96B
0001D
7FA01
0013E
0070A
7EECD
0055A
7F9D8
00800
002EA
7FB6C
7F668
7FB95
00097
00E59
7F9E6
7F61A
7F5D4
7FB96
7F58B
00518
7FF34
7FF96
00160
7F601
7F66D
00AF9
001E0
7F88B
7E7F5
00348
00150
7F697
7FEBB
7F996
7FB00
7FE20
7FE8B
00A3D
00AE4
00800
7FB29
0006D
7F189
00345
005C5
7FAD8
002EF
006CC
0096D
00E8C
00569
7F380
7FCEC
00393
7EF34
00EE9
7FDBC
000EE
00521
7FDE1
004C7
7EAFD
00D90
7F3DE
000DE
7FB02
00584
00463
7FBC2
7F138
00F33
009E6
7FFEB
00119
7FCD9
00182
7FEA1
009B9
7F588
008A8
004DA
7FF3A
00CDF
00790
005E7
007ED
7FB9E
7F8EF
7EE5E
7FBE9
00BBD
7F212
7F673
7F28E
7F70C
7F838
00783
00E78
00533
7F833
7FC92
7F62A
7FA68
00C00
01403
7F8D1
008D6
7FF1F
002C7
005BA
7FA76
009DF
001DF
7F80F
7F21E
001D5
008B2
004AC
00431
01261
005F1
002FA
00293
0054A
7FC0B
7F9A4
7F80E
00517
7F7AF
00B45
7F622
002D0
00C4B
7F656
007AE
7F200
000EC
7FD92
00FB8
002CF
7FB4B
7EFE9
7F88C
7F342
7FA94
0036E
7FB39
00548
00132
000A0
7FB0E
0016B
00695
7FEAF
7FDBC
001D7
00B55
00394
7F522
00899
00A89
7FE96
003B2
7FF1E
7EA47
7FE43
004E0
7FE00
7F45E
0131A
005BE
005D5
7FD97
01110
7F902
008A7
7FE03
0088D
7F951
7F941
7F13D
7F7EF
7F876
0058B
00522
008A4
00476
00A49
005F0
7FCCA
7FAE4
7FA17
0043E
7FD40
7FD98
0191F
00C24
7FA46
7F63E
7F8EE
00AAB
7F720
7FD70
7F2BE
00680
7F381
7F88E
001C4
7FB7F
7FDCA
7FF6D
7FC41
7FA81
00293
7F694
7FA02
7FE35
7F83F
0012E
7FF27
7FCB4
0002C
7FE3B
7F6E0
00AE2
7FECD
00123
0112F
7FE90
7FE7F
00BD8
00000
7F61B
00AC1
7F90E
00C69
7FCB9
7F4FA
7FEB1
7FD2C
00AFA
7FB44
7FA3C
7F8A3
00341
7EDAB
7FE69
003FF
7F313
7FE78
7F480
00035
007C0
0014B
0028A
0052B
7F3C3
00D9E
00706
000EB
7F95D
0034F
00534
007FF
7FF74
002CC
7FC10
7FEE6
7F065
00087
7F1A0
002D4
00184
00072
7FC29
7F75E
7FB90
7FEA9
7FCD6
003FF
7FF43
7FBFA
00469
7F47D
00475
00134
0005A
00AD3
7FC8B
7FEAA
7F943
7EF15
009CE
0085E
007A7
00200
7FBD2
7F6BE
004BA
7F3DF
7FB31
7FEF8
00E02
00315
7FD0F
002C7
004B1
00469
0099F
002A7
00174
00475
005D0
7FC86
005B8
0095F
7FF1E
0003C
7FF82
7F9E5
000E6
00000
7FA7A
00399
005B8
0052E
005CE
7FE96
7F71F
00052
7F834
00686
7FD3E
0108B
7FEE6
7F5FC
7FE91
000D0
7FB69
7FC4B
7FBF7
7F7FD
7FBAA
001D8
005EB
00009
005B4
00C39
00446
7F6FA
7F3F9
00132
7F4BA
005A1
7F92B
7F9FF
7FBD8
00459
7F434
00400
00165
7ED93
0116A
0030B
7FE63
7FE16
00813
00000
7F068
0024C
00666
003DF
00853
009FF
7F36D
7FD2D
7E6CF
7F24E
006F6
00C9B
002B6
7F55B
7FBA0
00001
00019
0077E
7FC98
7F1E1
00827
7FAA9
01558
00001
00836
000EE
00B10
7FAD2
7FE55
0096D
00A3C
00000
00694
0007C
006B1
002CE
7FA88
7FF23
00238
002D3
018A5
0003E
7FCDD
0039B
7FD01
001F2
0035E
7FFFF
00749
0090C
0044F
00709
0040E
7FC6A
7F8C5
7EE00
005E5
00A19
7F4B5
7FE4F
0037F
7F76B
7F9FC
7F800
00484
00BDE
005C1
7F7A6
7F7E5
7F72B
0017C
7F270
7FDEC
004D6
00859
7FA92
00533
00EAC
7F439
0055B
00960
7F09C
0072D
00758
01234
0024F
7F7C6
009E7
7EF2C
7FEBC
7FC0B
7FABF
000A5
7FF95
7FCE1
005AC
7F35B
7FBE3
7FC82
7FE82
7FB53
7FBC8
7F4E9
7FA03
7F94E
7FCE0
00B58
7F80A
7FC15
0050F
0043E
7F945
0014D
7F323
7FAF1
0040D
7FBB1
0020E
7FEBA
00200
7FA84
00CBF
002B6
7F8B2
7FC6C
7FCF9
00156
7FF69
00C27
004EF
0097F
009CC
7F77D
7FC67
7FE5C
00800
7F3A5
7F6CB
00E12
00A83
001E1
7FD32
7F9CA
7F1C4
7EDA6
7F11E
00807
00DBD
7FA24
7F7BF
7EF40
7FA01
7FD2A
0043F
7FA09
7FDA6
7F264
00686
7FC64
7FC96
0044C
0065B
002B6
7FC8D
00541
7F8B8
7FD7B
00400
7FFE5
00385
00A79
7F725
7F555
00AA0
001F9
7FA40
00205
7F84A
7F868
003EC
7F7CC
007D1
7F981
7F400
0066F
005F9
00D21
7FB6B
00873
008B5
00408
00218
7F44A
00ADE
7F92B
7F9FE
7FC91
0028F
00C46
0024C
7F902
7FA52
001EF
7F580
01165
00260
01863
7FEB5
7F400
7F87A
0021B
7F10E
004AE
7FA73
00B24
00711
000D8
7F9D4
7F9A3
006EF
00481
0003D
0052B
0031A
7FDE1
00A11
7FF62
003BE
00409
7FD84
7FBF1
7F5DD
00032
002B4
7F7B0
7FB60
004D3
00809
00178
7F7B7
003D1
00459
002F3
009B1
006CD
0065E
7FD58
7F400
7F680
003FB
7FBA0
7F81C
7FCD2
0021F
001BA
7FBDB
7F6B7
7FF79
00D05
7FD40
000E5
00473
7F602
002D4
7F329
7FD91
7F3C2
009C7
7FC47
003A2
00D7E
7FD64
7FF22
00DE8
7FC8D
012F9
7FAB6
00FF7
003AA
003FF
00196
008A5
00711
0050C
7FB9E
00038
0055C
7FB38
00094
00549
7F77A
7F65B
00483
007D0
00503
002D4
00443
7F407
00423
7F26D
00107
00760
001BD
00114
00555
7FBBA
006F0
00F0E
0052E
7FD37
00171
00200
016DF
00707
7F262
00174
7EEA5
00B4E
006F9
7F1CE
7FC9B
00158
7F21F
7FABD
7F349
00578
7FC30
00C2B
7FDBC
7FF3F
7F345
7F389
7FE97
7EF9C
7F9A8
000E5
0048D
7F94E
00917
00419
00BA1
00061
7F8ED
7F785
7F96E
00C82
001AC
7F529
7FD51
00A16
0154C
7F864
7F920
7FEC9
0046B
7F234
00E46
0080A
002D1
004C8
008B3
00BC2
00189
7FF6C
7FFF9
00865
00FD1
00347
7FDE3
00328
007DF
7F8DF
7F2F3
0002D
7FA7F
7FA00
006C5
7FD91
7FC12
7FB20
7FA08
7FCA9
005BE
00458
7F9C5
00174
7FA96
7F234
0061E
7FCBD
7FDB6
7FE00
000AB
00A47
007BD
7FD83
7FA79
7FE28
7FCB1
0054F
0019D
00186
0021E
0066E
005C6
7F478
00446
00200
7FA83
7F76E
7FFA7
7F192
7F1A9
7F5C7
7FBE0
00FA8
7FDA6
7FE74
7FF62
7FA7D
7F701
00BEE
0007B
7FE00
7F8A4
00E63
00646
005CB
004CB
7F1C1
01268
7EEB0
007B1
000EC
7FEE0
7FCE2
7F6D6
7F088
00821
7FE00
7FF97
000DD
00176
7FB58
001A3
7F776
7FF65
7FE00
00A67
7F7F2
00AE1
00C3D
01297
000E2
7FC84
7FBAD
7F82C
0049F
7FEDF
7FF51
00539
00DBA
0054C
003AD
7FC21
7F260
7F997
7F8AF
7F371
004B3
000A9
7F1DB
7F600
7EA56
00182
003A3
7FE9F
00B62
7F522
7FB7E
7FA6A
7FB3D
00D89
7F986
7FDD4
7FCC0
009E5
7F714
005C7
00750
7F5C3
7FD5E
7FC57
7F487
00337
00987
7EFA9
00628
7FBC7
002A5
001BD
7F985
7FF55
7F800
7F761
7F56F
000A2
7F8A4
000CC
7FA37
7FF1C
00166
000D5
00A26
00306
00B96
0002A
7F731
00AB2
7F8F0
7FD45
0043B
7F4C3
000E7
00613
00806
7F577
0097F
004ED
00AD0
7FAB4
7F7EE
00D3C
7FD34
7FDE8
7FE00
002F7
00B5E
7F847
7FFC6
7FC7F
7FB31
002F6
7F8EE
7F4FC
00382
7FEA6
7FA41
0070D
7FE40
7EFFF
7F8F0
00B72
7FF67
00832
01007
00981
7F353
7FA34
7EE4A
0044B
0020C
001DA
7F716
00A92
7F4CE
0062B
00400
7F671
0003F
004AE
00036
008ED
7FB20
7FB7D
00530
007ED
00A67
7F903
0037A
008B5
00693
005FA
7FB39
008BC
7FC7F
00135
7FF25
0026E
0009B
7F9B9
00509
0000E
7F9B1
007A0
7FCC2
7FD1C
00119
7F9FC
005A8
7FF17
7FAF6
7FF2E
7FE03
0045B
002D2
00404
005CE
00732
7F949
7FE9F
7F451
7FB72
002A9
00042
001FA
01119
7FBB0
7FC0F
7FFB0
7F729
00291
008B3
7FD6F
00D5A
008E2
7F980
7F339
7F575
0034B
00479
00000
7F647
7FE02
00E0A
01359
00628
00BAA
7F77F
005FE
005E1
00111
00F94
7FE97
7FC5C
7FACC
0055B
7FC01
0084B
7FEA0
7FFD5
0067C
010A1
7FA3E
00CC6
00BA6
7F7F6
7F4A1
7F57D
0016A
00435
0029A
00326
00000
7F1FF
7F778
00BDD
002C9
00207
7F66D
7F94A
005FF
00752
7FF4A
7EF85
7FE96
008AB
00365
7ECB7
7FC01
00063
7FE3D
00FBF
7F361
00801
7F604
00851
00058
00342
008AC
0088D
00169
7FC90
7FCDD
7FE4B
00400
00A43
00B01
012B4
00422
00459
000A2
000B1
7F3DC
0011F
7FB5B
01551
7FD86
000A1
7FD0B
0016C
0024B
7FF64
7FF79
000BD
005DD
7F73E
001C9
00B15
7FCA3
0082A
006CD
7FE56
7F7C8
7F9A0
00401
000A6
7EDA0
7FD03
7FC4A
00D30
7FF67
00945
7FD58
7FCA0
7F07A
00E10
00719
7FD53
7FE59
7F5D2
004A1
7FD8E
7FBFE
7F86F
7F95E
001F5
7FEF2
001F3
007B9
00407
006DB
00680
009EA
00036
00BC9
7FE3B
011F9
0094B
00800
00B25
7FB72
0040C
7F593
7F5C6
7FF24
7FD6F
7FECA
00C37
00F09
7F924
7FB3D
00CBA
001E6
7FF13
7F347
00285
7EC8C
7FB85
00582
7FD9B
7FD0E
7F430
7FD12
7FADE
7F2A1
7F935
00C0C
00F4F
0061C
00454
7FA00
7FE17
009D4
002E1
7EFD5
7F2A1
7FBFD
7FFC6
7F7D9
00108
0027C
7F36D
007B4
7FB39
00585
7FEBD
7F8EF
7F76D
7FE3D
00235
7FB2D
007D7
004AE
7FCA5
7FC9E
7FAE4
00814
7F82D
00225
001AC
0096F
001AD
00200
7EE87
7FE80
00608
002D8
00E80
7F900
006CB
00358
00057
00051
7FF16
008F8
7EC34
00391
008DA
00C4B
0065F
00E04
00B52
0073C
00D98
0045B
0076C
7FF9D
7EEF5
005F5
000CB
00735
7FCBF
00471
7FFD4
7FBC2
0009F
01125
7F7CF
00A5B
00558
7FD65
7F506
7FD47
00199
00092
7F655
7FB67
7F562
7FEC6
00BC8
7F651
7F7E8
003CC
00014
7FA64
0083B
00671
0096E
7F576
009E1
002FE
0056A
7F6ED
7FFE7
000A7
00105
00200
001B4
003AC
00445
7FD4D
7F5E3
00B72
0074C
00400
7F93E
7F314
004A6
00B71
0028A
0022C
00C61
009FF
7FFE7
00749
005FB
7F57B
7F8F1
005FB
0026E
00C7A
7F943
005A7
0032B
7FA11
00E04
7FB89
00856
7FE00
7F984
0064F
7F9DE
0005E
00BBB
7FA35
0038A
003FF
7FD5D
7FCD4
7F59C
7F238
00C42
7F82C
002E6
005FE
00CAF
7FA0A
7FC3D
7FCDE
0002F
7FFAC
00399
7FB85
7F1BB
7FF24
00B97
7F848
7FF14
7FED1
00E21
00200
00181
01442
7F872
7FCE2
7FFEA
7F95A
7FD6F
004DC
7FA91
7F8A7
00952
7F91C
00544
00A97
00A08
00711
7F569
00250
7FEEE
00364
7F7E6
7FD17
00A58
7FE19
7FBC1
0049F
7FF6F
00973
002B5
00D9B
00A92
009E6
7FABB
7FF2F
0023B
7F543
7FD12
7F873
00478
00189
00AC3
7FCFE
0081F
7FD2D
00008
00360
00A4C
00B35
0063E
0077C
7FE20
00F48
007A5
000E3
00418
0030A
0013F
00AE0
004A8
7F843
7F385
7EEE7
009D1
7FE00
002D8
7F832
7FF55
7F70D
0132B
7EE5C
7F3CE
7FBDC
7FA6A
008B4
006DA
015C3
0061A
7FB58
00A31
00001
7F681
0059B
7F829
00041
0008D
7FA9F
7FD02
7FBDC
7FD07
00201
7F7BF
00293
0060C
7FE77
005CC
00200
7FF26
7F2BD
00C18
7FC04
0008F
0016F
00688
7FB39
00D37
00000
7F4B4
00A18
7F7CC
00846
7FC42
7FD2C
7F81F
7F70E
7FEB3
009CA
005ED
7FD88
004A5
004C7
7F115
00472
7F813
00514
7FCFC
7FD55
00281
00400
7F7F6
7FB2B
004F1
7FF8E
7FE99
0056E
0003B
00DF6
00DD7
7F806
7F649
7FCF2
009DF
7FE1D
7FFB9
00A21
005B8
7F304
7FAF9
7E921
7FAA1
00663
006EB
7FDF4
7FEA8
7F37F
00B67
7F351
005E2
7EFE3
7F909
7F345
7EC2B
00528
7F8C5
7FD0D
005B9
00437
7FFB1
7FCD8
7FC8B
7F874
7F8C7
7FFB6
7FD5E
00264
00673
7F7D9
7F890
7F68E
00490
00584
00559
7F60D
7F8AF
00399
7FA23
00B4E
00033
00B3C
00395
00A79
00BDB
00200
7FE59
7ED77
7FBCB
00715
002FF
0002A
7FE88
00000
7F9D4
0127F
7F31F
7FFC5
00484
00254
000C3
7F601
7F9BA
007D2
7FB00
7F767
00341
005F2
00119
7FED4
7F029
00117
7F688
0048F
7EF60
00F94
007BA
005FF
7F957
0087F
00727
7F0EB
0037E
7F91C
7F7EA
00000
7F3C0
00646
007AC
005E2
7F925
7F290
7FFF3
7FA01
00674
0013F
7FF74
00098
7F7A2
00670
006BA
7F92E
7FF1C
0071B
005F7
7F5C8
7FCE9
7F5E0
0049A
7F600
002EA
7FE3B
7F53B
7F242
001D7
7FAA8
005D9
7F90C
7F981
7F420
00977
7FC2C
00DFF
0068F
7F855
7FE29
005A6
0050A
0036D
7F9AD
7F983
0002B
7FAAF
00D0A
00784
000A1
7FC99
00753
004E0
7FC61
7FB8F
00711
00BF9
7FB06
7FBCD
00B3B
7FB1D
7EF8F
00F2F
7FFAE
00A59
001C2
004B9
7FA68
0015E
0032A
7FD41
00E05
7F654
0031A
7F70C
7F81A
00AC9
0016D
00965
003D5
00DF7
7FA10
7F8AD
00A1C
7F85B
0030F
7F999
7FA00
0033F
006E3
7FB89
00FCF
0019D
002B8
00204
7F6E6
7FBF0
000EB
7F1DD
7FD8D
7FBC6
7FF30
008AF
7FA59
005C0
7FDDC
7FF5E
7F80F
7FF37
7ECE0
7F601
7FA52
005BF
004C9
00A40
7F849
0068E
004A0
7FE7E
005FF
7FDF9
006EF
0083B
7F6BD
00368
00C7A
001DA
00E96
00624
7FC84
7FE68
7FDD4
7F247
7FEE2
002B1
7FD2D
7F7EC
007BD
7F7FC
00116
001BC
002C6
7F402
00878
7FE66
00B23
008D9
7F98C
7EEBF
7FC08
7FB6E
00200
002B3
7FDAE
7FE34
0019B
7F520
00475
006B3
7FAA7
7FB1B
7F281
7F212
00C55
7F9E6
00331
0073C
7FCC0
0057E
00101
7FCA6
7F9CD
7F897
7FDD1
0096C
7F656
7FD6E
7F8F7
7FA05
000C1
7F8B2
7F8F1
7F74F
005A8
7F909
7F3CB
7F31C
0083D
00BCA
00450
00AF3
00A81
7FC43
001EC
7F9BE
7F7F0
7F811
004FB
7F99C
00116
7F965
00BDF
7F52B
7F473
7FEC1
00113
7FC1E
7EE17
00B00
0031F
0057C
7F8BE
7F94C
7F496
00582
00400
0020A
003B6
003C0
7F8E5
00B90
7FDEC
7FD12
000D3
00798
7EF3B
004B9
7F74A
7F51A
7F61E
006BA
003FF
006B1
7F598
0004A
000F2
00566
0075D
0053E
7F585
7FCAD
00D83
00773
7FA8D
0015C
000F0
00AE2
00400
7FE0D
00514
7F511
00047
00124
7FD71
7FB47
7FB2C
7F554
7EE86
7F809
7F43A
005CC
7FCF8
7FDD8
7FC01
00423
004F0
7F199
7FDE3
006A8
7F547
008ED
0067D
7F02F
0016D
7EF29
001F0
7F64B
003FB
00BF4
00600
7FB69
0087C
7F230
7FB23
7F7E4
007D3
7F69F
7FC3B
7F67F
7FA37
7FF6A
7F545
00162
7F841
7F56A
00094
0008A
00C67
7FCAA
004A9
7F741
7F9ED
0007C
001CA
00386
7FE79
7FF13
7F773
7FE24
00753
0008F
7FBC2
7FC97
7F761
004E4
7EE13
7FF12
0032A
7FBFF
000F7
7F043
00A30
00F54
7F7D8
00555
00435
00854
7FB8C
7F8B7
0032F
7EAED
7F393
7F9F7
7FF8D
7F1C0
7FBEB
00512
00287
7F2EC
000A6
7FA9C
0021A
00A8A
00400
007A6
7FCB4
00708
7F7E1
00DEC
00570
00468
00137
0092E
0039D
7F893
7F66C
7F90E
00D68
7F84C
0043D
7FC7B
000F4
00912
7F9B0
7FB8E
7F671
001AE
7FB8B
7FDE7
00B99
00295
00C1B
00CCA
00D8C
000D4
7F602
01157
004D4
00B57
0092D
7FB68
7F861
007CB
00828
7F9A6
7F55A
008D1
7FCE6
0033E
0002C
7F4E4
0043D
001ED
7FE12
0042F
011B7
7FBAC
00285
7F0B9
00051
00327
00201
7F24F
00020
7F4A5
7F439
7FC30
7FC00
7E5DF
00241
003C5
00CC4
7F950
7FA0C
0030D
00671
7FB44
00BBB
01115
00FC1
00E4B
7FAD5
7FBF1
7F479
7FC6E
7FE10
00042
0068F
00622
0086D
009B7
7F5A5
7FE17
7FDF7
7F5A1
7F7EC
00DB3
7ECA8
00054
7FD2C
004D2
00011
7FCF5
00DC7
7FC96
7FDFA
7F872
00614
00329
7FA37
00B1B
00066
7F739
7F6A2
7FB87
00AE4
7FA9A
7FBBF
7FCEE
007C3
0032B
001F3
00BAD
7FD90
0025A
00292
0020D
00CA0
00E3F
7F375
00D7A
00000
000D5
00522
7FE8F
007BC
7F424
00026
7F552
7F6EE
7FA2E
7FF68
7F8CB
00131
0048A
7FDFB
7F1F4
7FE00
00F41
002EE
7FBBA
003CC
7F984
7FED1
7F4B2
00EBA
7FCC9
010E8
0032E
7FAAA
7FEDE
7FD56
7FC5E
00400
00721
7F226
7FBF8
7FDED
7FF9F
00582
00776
00512
0007D
7FEDC
002D8
00A1D
000A2
7FC5C
7EF7B
7FE00
00735
7FA7A
00964
7F68E
7F6D9
006D7
7FDAB
7F547
000C0
7FC23
7F82B
7FA08
00138
7FD04
7FC74
7EC00
7FC91
7FA95
00C3D
7FE98
7FA58
00B80
7F847
009E3
7F6AE
00A8B
00057
7FF57
7F2E5
7F3F9
0092D
00539
7F612
00600
0012A
007FB
003D0
7FF3B
7F6C1
7F287
7F611
007B3
7FE7B
005D0
7F905
7E50E
7F6DC
7F782
7FE20
7FFAD
00B7F
7F71D
001E4
007CA
0073E
7FABC
001AD
00C63
00A1F
7F8AA
7FD5F
00838
7F979
00000
00972
7F9A5
7FB28
7FD0D
0107B
0015F
002AD
003E2
0032C
7F5CC
00161
7FF00
7FDBD
005ED
7FE68
7F800
00B0B
7F0BC
7FDA3
00F50
00A34
7FE5E
7FE6E
7FF8E
00134
7FC2E
003C5
7F6FB
7FF22
7F3B3
7FE76
7F4B2
7F7E7
7FDD6
00672
7FF02
7F96A
7FDE3
00436
0064E
7FC27
0095A
7F43E
0024E
7FAFE
7F8DC
7F66A
7EC02
00BB1
7F808
00AA4
7FB83
7FA8F
7F96E
7F012
7F9B2
7F179
001BE
7FF4E
00923
00AAA
004BA
006D9
005A8
7F35F
00EE6
7FA8A
00406
00DB5
7F8DB
7FABB
00073
7FD9E
0035B
00537
0102C
00B08
7F86A
0043E
00000
00C2D
005B4
001B5
00617
7FD6D
7FE29
7F613
0064A
002F5
00020
00499
7FE1C
7FF55
7FF44
00A31
7EB5D
7F966
7F1AF
0008F
7F9CD
00697
7F997
7F6C8
00A13
0031E
000AE
006C8
003D9
7FF5E
7F3C5
00ED1
7FA59
7F0EF
00578
002EB
007AD
00B7B
0027F
7FCD0
7F07C
004AB
00351
7FA23
7F8F9
7F1B6
00C47
00006
7F715
7FD05
7FB31
7FDA9
00848
7F35B
00166
7FC6A
00A9B
7FF27
7FA11
001EA
7FF07
00419
7FD77
00709
00800
00718
7F9DF
00155
7FD19
7E914
00710
7F5B4
7FED4
003FF
7F5F1
7F957
00EA4
0025C
7FFFB
00129
00400
7FBEE
0027F
7F341
7F696
7F933
00730
0040B
7F6D5
7F4F5
0006D
7FF0B
000BE
7FB17
0079D
7F98C
01000
00C59
0075A
7F9DD
00BDE
0005F
7FAC6
008BE
7F92C
7FEAA
0083A
0039E
00A50
7F88B
7FEC9
7F9CE
003FF
7FDEC
7F447
7F974
7F076
7F9ED
7FEFB
7FF7E
7F12D
00D08
7F968
000CC
7F64A
7FB7E
0019C
004D1
00200
0006B
0020C
002CB
7FC37
00FD3
7FE13
7F067
0024E
7FE61
004FE
7FD09
00852
7FBC1
7EBFA
7FC69
00879
7F5EC
0039F
0027D
00567
7FF87
7FE6D
7FE7E
7FF5B
0022E
7FDB8
0061A
01703
00302
7F7A5
002D7
7F783
006C7
7FB10
7F95F
000FD
7F611
7F133
00864
00796
0015B
7FD29
007DB
7F163
00520
7FB97
7FA0E
0033D
7FF49
7F8F1
7F66D
7FFD8
001A9
7F75E
00A16
7F215
7F723
7F6BD
00516
013B1
00A31
001F1
7FA91
00A00
015B0
7F961
009FB
0004D
00DA0
7FB7C
00446
7F7B8
7FCA7
7FF61
005F7
7F916
7F90A
7ED2F
7F871
7EF0A
7F07C
7FFD7
004F3
00312
00367
00190
7F4DF
7F715
7FC17
0022D
7FE37
00116
0011D
7FF49
00A8C
7FA00
00ED1
00202
7F8C5
7FE80
7FF11
7F488
0084E
7F672
7F9C4
0064C
015DC
7F280
7FA57
7FC21
7FD82
0087B
7F966
7FFEB
7F2F6
7FDF2
7FEC3
003B1
7FEEE
000A3
7F79A
7FE36
00C88
7F5C6
003E4
0085C
7FFAD
00600
7F7C0
7F009
7F392
003C0
004FF
00892
7F4B3
002C0
7F6B7
00671
001E0
00F11
003C1
00D23
008F3
00000
7FD0B
000D5
007BB
7F4DB
0078D
009AB
7FD6C
7FAA8
00632
7F375
7F8DA
7F9BF
7F559
7FC2B
0070B
005A8
7F9B3
000A1
00850
7FFF7
0058D
7FF7C
7F032
00987
001D0
7FD07
7FE71
00A86
7FCBC
00AF7
0063D
002CC
000E3
7FB41
017A0
005EA
00DC9
00463
00347
7FE50
009FA
000FD
7FB09
7F30C
00F81
00239
7FB2A
7FE00
0089B
7FA49
7FF79
7F95D
00309
006B2
00B9B
7F859
7FFCC
002D7
00E55
005C6
7FA8E
00186
7F658
7FDFF
7F9B9
7FB36
00531
7FF40
01211
0067D
7F77E
004D4
00426
00DB2
7F802
7F810
7FCC2
7FB82
7F8FD
001FE
01DE0
7F4E1
00606
003CE
00C7F
0093E
00C22
003A7
7F661
000C6
001E0
002B5
00B5F
00015
0026D
001FF
7FF09
7F703
7F84D
00394
7FCB5
00830
00B52
7FF2B
7FB1D
7FD4F
7E978
7FF74
00A4E
7F443
7FEFF
7FE00
0087C
7F911
7EF4A
00E32
003E5
00B1A
00687
00D86
005E5
7FBF1
7FCF2
7FB7F
7FA73
7FD8D
7FF37
006A0
7F40D
006F3
7FACF
7FDD9
00263
7FCBB
000DC
0149A
00024
013F5
00AD4
00961
7FF7B
00E31
0041F
7FBC2
00BC9
7FAE5
7F62E
0039D
7F365
01100
00B8C
00863
0072A
7FB81
7F93D
7F938
001D2
7FE19
7FE8B
0031E
7FC01
7F6F9
7FC54
009FE
001B1
00945
7FE23
7F9B6
7F9B2
011ED
00209
7F378
7F4CF
004AF
008B2
00000
7FE89
7F915
7F4D7
000D9
00143
7F2C2
00557
001B5
7FBB0
00923
7F0CD
7FF1E
7F39E
001F6
00596
7F785
7F837
7F9F6
00179
000B8
0001B
7F851
7F6DE
7FE06
00CF8
006B4
7F950
0105C
7F8F2
005C6
001B5
00000
00658
7FB89
7FBE8
00146
00A8B
7F99A
00DA0
7F477
00239
7F80A
008FE
009E9
7FC57
7FAC3
00A6F
0087B
7F9CB
00683
7F5AF
7FC60
00451
7FA94
7F8B8
009FF
7F6EF
006BB
00122
000F8
7F7C6
003C5
00AAD
00A00
7F292
7F9DC
7F7CE
7FE2B
7EF50
7FC9D
7F531
009F2
7FC5B
002FF
00C77
006E3
00117
7F5B0
7FCF2
7FA99
7ED0F
005D4
7FF9D
7FD0E
0090F
7F3FA
7F89F
001FC
7FEFB
005EA
00BF1
00B5A
00939
00435
7F5AD
7FA59
00C56
01139
0053E
008AD
7FECF
00361
7FBA1
00FF1
00E71
7F31E
00289
7F840
7FCE0
00472
7FEB6
7FA97
7F70E
7F5DA
0088E
7FF26
7FC4E
0018B
00160
00759
7F7B2
7F924
7FA63
007AE
7FE4D
00161
009F3
7F200
7FBF2
7FD70
0063B
00617
7FF80
7FC65
00458
00E7B
005C0
7F63A
7FA23
006C2
7FAA6
7F914
0087B
00201
001F9
00FA0
001A7
00374
0097F
7FAEA
00947
7FF2D
7F8A4
00C79
7EE69
7FA24
7F8B8
007C6
000A5
00200
00FA7
7FC08
7F9B1
7F441
00378
7FF47
007BB
7FD85
00C36
7FD32
002D6
7F940
00179
7FC7B
00F49
7FA00
00168
00D86
00591
00230
7FAAB
00969
7F9A3
004D3
00D0B
7E97C
006DE
005DC
7FD64
002AF
7FF3A
00200
7FB54
00996
7FAD8
7FC33
0052E
00CA1
000A1
000A0
003B5
7FBF3
7F613
00ABF
7F8BF
0045C
008F8
00539
0067B
7FCC4
7F43F
7F494
0105D
7F4F8
7FE4F
0090C
0041D
00A0A
000F9
7FBB4
00167
00D15
7F40F
00B51
7F4D6
7FC73
7F23A
7F6BD
010F1
0048F
7F827
7FB0B
005D3
003B8
00A1D
005C0
00080
7FDFC
7FE10
7F405
7FF64
7F13C
7F564
002BA
7FD94
008EB
001A8
7F50B
7F4FE
7F6EE
00157
00378
7FFF3
00C63
003A9
7F200
0032C
7F81E
7EDBF
01123
7F67E
7FD09
0037A
001FB
00210
7F848
7FF8B
0060C
00730
003C0
7F547
7FA59
00169
00434
00575
7F90A
00241
7F3B4
7F6F7
0064F
7FD7C
7FFFB
7F275
7F856
7FF10
007AC
004F7
00DFE
7F91D
0056C
00293
7FD71
7FF18
7FF9D
00511
009FF
7F4B6
7F2B0
001FC
0005C
0092B
7FF47
011F9
7FD2C
008C2
00394
7FAB5
001BC
00053
7F321
004B9
00071
00089
7F692
7FCF4
7FF52
00B7C
006F9
008FA
7F600
7FBD8
7FF6C
00827
006AA
00670
7FCA6
00C2D
00CF7
00070
0055B
7F9F7
7FBDC
7F566
00212
7FB9A
00382
00FD4
00580
7EE10
7F97B
7F22F
00C00
7F515
7FC5F
7FEDE
7FBD4
7FF37
7FA29
7FF85
7FFB1
003E6
010F9
00932
7FFF1
00B2E
7F7C3
00B26
002F1
7F314
7FF8B
7FEE5
7FA11
00F7B
010E6
7F7E8
0009B
7FACB
7FB39
004AB
7FB2B
008B3
7F72E
00093
0010D
00206
00AB4
7F734
00578
00550
00A25
7F295
002CD
00913
00000
00300
7F335
003FA
00A53
7FC4C
7FEA7
00108
7FD2D
001A3
00540
00400
7FFD6
7FB8C
7F49E
7F79D
7FC01
7F6EC
7FBD4
7FA7E
7FB8C
0008E
7FEE0
7FDD4
7FD2D
0060B
7F4AB
001E0
7FCC5
7FAF7
7F72C
7F69D
007FF
7FCBD
00212
7FD4C
001AC
7F473
7FE03
7F736
002D3
7F645
7FC36
002A1
0042B
00A3D
7FF56
00617
7FBFF
7F89E
00C8D
7FA81
01072
004F6
0021F
7F93A
002D3
7F777
7FC3A
7FC8B
0073A
0044C
0073C
00115
7F800
7F908
00274
00235
00712
7F3DC
7FCE0
00825
001FF
7FCA6
01557
7F9E5
0054C
00B0C
7FA9A
7FF82
7F714
7F8DE
001EC
7F7D6
00237
0036D
006F0
7FD11
0044F
7FEAA
00322
0068D
0031F
7F4B1
7F513
007D4
7FA59
00ACE
7FC69
00A84
00D69
00FB2
7FD43
7FEC0
7FB1B
005FD
0011F
002E5
7FED4
7EE1C
01491
00A9B
00CE1
00337
7FE1F
7F5D9
7FD46
006C9
00755
0024A
00C52
0019A
0062E
7ED10
0021B
001C3
7FE91
000EF
00800
7FA94
7FB3B
7F802
7FD6D
7F94C
00947
008B6
00E25
7F7A3
01252
009BC
7FF2A
00686
0077A
003A7
7FD2D
003B2
7FF5C
00554
7F78E
7F7DE
002A4
008E6
7FA25
7F699
007C7
00248
00787
7FD0B
00C9C
7EB95
003FF
002D7
7F960
7FA92
7FD48
7F2FD
00985
7FB06
002CB
7FDDD
7FE3A
002D7
7F3F3
7F43F
0033E
001D7
013CB
0051C
7F5A1
00593
7FCC2
005CA
7FDF3
7FDFA
7F93F
002CB
7FEB8
0026D
7FB62
7FBF8
7F616
7FCAD
7F800
00336
00065
7F164
00EDD
7F046
005AF
000E0
7F9B3
00262
7FA3C
7FDFE
7FD52
001C5
7FD6D
7F6C2
7FDB4
7F985
00500
7FAEC
7F9F6
0099A
00843
7FB2F
00215
000B4
7F193
00085
7FAC1
0025B
00201
7F720
7EDA0
7F8A6
7F782
7FF91
01445
0000E
00234
7FD27
00102
7FD9A
000CD
00544
7F7B7
7EA5C
7F91E
0095A
7FECA
7FB1E
7F654
00DDF
00553
7F7B6
7F580
7F5E9
0034A
00511
7FDD7
0017B
00125
005FF
7FC83
002C4
00400
000EC
7F934
7FBB1
006D6
7FA87
7FF6B
00345
010B9
00D1B
7F3AA
0079F
00CB4
7F4EE
7F81E
7FA37
7F601
00ABC
007FE
7F83C
7F72F
7FDC1
00756
7F882
00169
7F515
7FD10
7F3CE
7FBC3
7F93A
7FA84
7F908
003FF
002E1
004D5
7F8D5
7FED0
7FF58
00676
7FB12
7F747
7F15A
7FF88
0048C
009E8
00B9B
7FDAB
7FE9C
7FA00
7F0DD
00AF2
7F96A
00329
7FD51
7F86D
0026C
7FE96
7FD17
7FEC8
009DF
7ED9F
0014D
00A0B
004E1
00400
7FC62
7F7CF
7FF40
7F85F
01244
003D3
7F804
7FF1D
7F690
001D6
00E2C
0003A
7FEF3
7F779
7F866
7F58E
7F689
7EB06
0067A
00100
00670
00531
00BD5
7F9F5
00186
0030B
00265
003A1
00735
7FB2D
7FDB0
7FA58
7F546
7F986
7FA35
7F927
00454
00C34
7FB81
7F8FE
006AA
006DD
7E9C0
00737
7FCEC
005D8
7FFD8
0162C
7F98C
002D4
00D51
7FE7F
00440
7FA00
7FF35
007AA
7F543
0028B
002F1
003C9
7F315
7FC77
7F78A
00200
7F854
00394
00377
0031A
01747
0003F
00303
7FA03
00BA3
004B0
7FCA3
001C4
7F972
7EDFC
7F641
00169
00EA6
7FFF0
00136
7FB7F
7F131
004E6
7EF36
00A21
00869
7FB36
7EEF4
7FF3B
7F82E
7F2E6
00258
7F401
7F963
7FE27
0022D
7F9DC
004EA
7FB66
0029E
7FBFD
0017A
7FACE
00DDC
7FD1E
7FE05
0077B
00782
7ED9E
7FBDD
7FEBA
0102E
00215
7F9E5
0070F
00A9E
7F736
004E9
7E8E6
7FAD9
00B23
00B8F
7F9AB
002AD
7F200
00304
00B5F
7F647
005CA
7EFF1
7F53A
001B6
003BA
7F6F3
7FBE8
001E8
7F847
7F59A
00A93
0020D
00EE9
0068D
002D6
7F7CC
7FE8B
00567
00BA6
00591
7FF31
00A26
0010E
7FBB4
003A8
0053E
00C66
7FE83
7FE96
7FC20
005EE
0026E
7FD73
7F810
007FF
00673
00727
7F7A3
7FC13
00176
7FEA4
7FAEF
7F721
00970
00C4C
7F3E1
7FAB4
015A6
7FF5D
0018C
0018A
7F1E0
7FBFE
7F641
0089A
7FC99
7FFAF
7F8DA
7FE49
0049C
7FA00
0059C
7FF10
7FBA8
01001
00E59
7F7BF
006FD
013A7
7FFB0
008ED
00494
7F793
00804
7F930
7FB45
7EE02
7F8E6
00C5C
7F811
7F190
0007B
7FA47
7F70C
7F72F
7F777
00265
00FC6
7FFD4
00175
7FA18
7F7D1
00DFF
002A2
7FB76
00AD2
00220
7F9A3
009D7
006C1
00857
7E941
7FEAD
0033B
00741
0020C
7F622
00A44
7FA02
009B6
00EC5
00AEC
0044E
7F9A9
7F9CD
00129
7FCD4
7FE20
00059
01590
7F957
008F9
000F2
00610
7FC00
00BF8
001C5
7FBAB
7F34A
0086F
7FC00
0007E
0083E
7F671
7EF7A
7FD32
7EF7D
7FA1C
00BEF
7F573
0029D
0008F
7F4E2
7FB1A
00969
0096D
0000A
00091
00153
00AF0
7FBDA
00C88
7F506
00C4C
7FE34
7FBB9
7F784
0086C
7FCD0
7FFF8
7FA25
7FB14
7FB05
7FFE5
7F9D1
000C5
0098B
7FFF0
7FF18
7FB55
7F773
7F94E
7FBDA
7F83F
00216
00042
01303
0093A
7F54C
7FD2E
00A14
00435
00342
00047
00C8D
7FC78
000DD
000AA
7F800
00C08
7EE60
009BA
7F9D7
7FFCF
7FB4F
7F8D7
00539
00084
7FF5D
006BA
7FE55
7FADA
7FFB6
7EB9F
00000
00946
004EC
7F245
00434
7FA59
00679
7F2FA
7F9E1
00563
000AF
00352
7FA82
003A9
0064A
7F553
7FFFF
007DA
7F73C
7FD80
00E4C
00531
001BD
0093F
00229
7FEB7
7FB71
00533
7F9E7
7F00C
0036E
7F56A
005A8
0005A
00A79
7F7B0
0069E
0055D
00435
7F851
00EC6
00FB2
00CAB
7FB48
7FCDD
002A5
7F888
7FFF6
7FC00
00428
7FA93
007E1
7FBF5
001EF
001DA
005DD
013AB
7EE3D
7F9DB
7F3D7
7F447
7F786
00B08
7FD09
7F58D
0134F
008AE
0101B
7F704
7FF1F
001F0
7FE31
0010C
00458
0012E
00685
7F9AF
00A54
00275
7F5D4
0087D
7FF5A
7F875
0091B
7FE7B
0011C
0043C
00623
7F8FF
0001D
0135A
7FF52
00575
003C1
0063C
0028A
7EB1A
7F9CB
00482
7FA2F
7FA90
7F6E0
00250
7FE2C
7F20F
7F934
7FC97
01392
7FF48
00174
7FE79
00A30
7FC00
7EC63
7F585
0071F
7EF78
0022A
7F539
7F039
004D4
0052F
7F98F
00AED
00ADB
7FBD6
7F164
7EC7E
00BFF
7F8F5
7FFCE
7FF2D
00926
00989
00D72
00759
7FE00
7FF18
7F6ED
0031B
00928
7F9E6
003C2
005B7
7F801
7F761
7FCC3
001D3
7F9EB
00667
7F954
00278
7FF2C
00442
7F7DB
0092E
7FACE
003F0
7F463
00082
00000
00464
0013F
7FE64
00D78
7F55A
00750
7F953
7FE00
00B08
7F460
00433
7F132
00A31
00329
7F7FD
00600
7FF1E
7FEDF
7F82F
003DF
7F831
00732
00867
7FCFF
7FFE7
00965
005F5
7EBFF
0003E
7F1D8
004AD
7FC1D
7FE89
7FB28
0042D
006D8
00B25
7FD76
01069
003CC
002C6
00128
7FC5B
7FF2B
002AC
7FC99
00198
002D3
7FE9C
00B21
7F753
7FFBD
7F614
7FD54
005E1
7FBE5
010FF
00740
7FDD0
7F7C7
0009B
00314
00AEA
7FB3A
7F7EF
00B5E
7FF9F
001B8
002B4
007DA
7F796
7F9EF
7F9BC
7FEF3
00396
7F6EC
7FA72
0004B
001DC
00E00
7FC8F
003AD
00DB9
00300
0082E
006BF
7EF17
7F9B2
7F245
00021
00987
7FB9F
7FBDA
007E4
7FDFC
002D3
7FE1F
7F1B8
002DB
0041A
7FC23
00360
00675
00340
008B2
7F9FD
7FF55
7FBBE
0004A
7F954
0136D
7FDFF
7FB69
0064F
7FC0B
00099
7FCD9
7F948
7FDF8
00074
7FC1E
000C7
7F910
00186
7F950
004E9
0070E
7FA58
0111E
00B65
7F7DE
00624
7F2C6
7FD2E
7F9A3
007D6
7FD7C
0077E
00BB5
7F26E
7FC19
006D7
00AA3
00000
7FB4A
01123
00907
00050
00DC3
7FC82
7FC23
7F701
7F85A
7FE13
7FA5E
00407
004EB
7FD7B
0004B
7FD12
7EDDA
7F1C5
7F750
7FFFE
7FA6E
007B3
7F951
7F2FE
004FC
7FC96
00416
003D1
7FE39
7FD59
00B7A
7FE96
7FAE7
7FFD4
7FCA7
7FC69
7F9A1
7FB12
00477
0022F
7F828
7F5A8
01358
7FFCF
7F316
0001F
0017C
7FE28
7FAD0
7F903
7FFC1
7FB4B
7FEE2
0011B
005DF
7FF28
7F7EF
7F486
7FE1A
008DF
7F08C
7F5E6
7FA3F
7FC00
7FD74
7FD2D
7FACD
7F09E
0005E
7F381
004FB
00C7B
0041C
7FA60
00399
011F1
7FF90
0002D
7FE5C
7F802
7F5FB
001F1
7F64D
7FB11
7F220
004DB
0013A
0047B
00191
00336
00702
7F4CA
0037E
00068
7FB2E
00400
7F936
0016D
7F403
7FF64
01016
7FAFE
002DB
7FB84
001F9
7F494
7FFBF
0015F
7FAB7
0078A
7F42B
7F801
00494
002C8
005FE
7F4F2
0038B
004A9
7FF99
7F385
00721
7FA87
00A8B
007E6
7FC1C
7EFE0
009A4
01600
00334
00285
00B4F
7F700
7FAEB
0032C
7F669
00343
7FCF6
7FF89
7FFE8
0016D
001A5
7F0CD
7FD47
7FE04
004DA
7FCFF
7F0C2
7FE64
7F898
000B5
7FD2B
00052
7EF88
003A4
0023C
00A67
7FED9
003EB
7F43A
7EC36
006B5
008DE
7FB57
00319
0071F
7FFD8
7F7E1
00817
004E2
7FFE6
002E4
7FD37
013B4
7F19B
00646
7FA96
7F9CE
7FE35
7FCEF
7FA9B
7FF5E
00355
007F7
7FAA4
7FF4B
001E4
00C52
009CF
7F842
00264
0050F
00200
7FF9E
7F57F
00595
7FDAE
7FDA0
7F995
00051
0064D
7F5BC
00B64
7FDC5
009D3
01064
0011B
7F60A
7F4B0
01081
00703
7F7AD
7FB89
0082E
7FCF9
0077E
7F8CD
00837
00228
005B0
000B2
016D4
7FAD0
7F5F6
7FE00
005A2
00139
7FBAF
00712
7F75A
00F00
0022D
7FF8E
7FCFD
7FA62
7F611
7FBD7
7F68F
00334
00A93
7F785
00086
00838
7EEC2
7F3D0
7F1E1
7F127
7F355
00C2B
7F7A5
0093B
7F4A9
006C0
002FE
7F772
00DE2
7F800
7F109
7EC25
00749
7FC22
7F8F1
005BB
7F7C0
7F767
7FF53
7FA37
7FA8B
00176
0026D
7FA29
00EEA
00712
7F87F
7FDEB
00A2A
7EE6B
003E2
7FA0D
000E6
7FA0D
7ED4B
7EB05
000C4
7F660
00F1C
00FDB
7FE79
0016A
01008
7F997
7FF75
7FBA0
00638
7FBFD
7F723
01024
00071
00889
7FD5D
7FF46
7FDBE
0031C
0017C
00476
00688
7FA5B
0018B
00B3B
00733
7FE40
7FBD3
00167
7FF7B
006EA
7FC63
0084F
004FB
00C21
000AB
00200
7E7FD
003FE
7F0C3
7FF36
7FB01
7FF23
7F23E
00569
00610
7FCCF
7EF8A
7F032
7F579
7FAEC
7FC7B
00000
00334
00853
0060D
00627
7FA8E
7F2E2
00231
0103C
00A91
00104
7FB3B
00271
0065B
7ECF4
7FE10
7F601
004A0
7FD47
7FD65
7FCCC
7FF35
007D8
7FA0E
00296
7F5CA
010A8
0039B
00080
00A1B
00446
00114
7F801
00852
00C0D
7F936
7F5DA
7F9DC
0071C
7FFCA
007C1
00CBE
7FBDE
7F8EE
004DE
00021
7F2E3
0016B
00000
7FC63
0026F
7F57D
00494
7FE41
7FC19
00934
00351
7FB91
7FF23
00747
7FD1A
004CB
7FE73
00A66
7EFB2
7F1D1
7F6E7
00C10
7FCA5
7FBE4
7F743
0068C
0033F
0048F
0036D
00014
001D2
00170
7FE81
00367
7F786
7FBC8
00C87
01095
0028A
00384
00BA1
0121D
00962
7FBE1
7F697
000A9
7FC46
00C64
005A0
7FC12
003B2
0013E
7FAEF
00697
7FC5B
003A5
7F810
7FD29
002B7
014C1
001C2
7FC83
00219
7FE55
7EE71
7FDBD
00000
7FE2B
7F042
009A3
7F410
7F8C9
00F55
7FF1E
7FD63
005B4
7FBC7
0063C
00306
7F97F
7F9D0
7F229
002D4
7FB10
7F0E7
0077D
00591
7FE54
00F1E
7FCD9
7FCC0
7F185
003AE
7F6DD
002D5
7FC51
00DA8
007FC
007FF
7F5CC
7FCA3
7F885
000EE
003AF
7FBA6
7F9C6
7FEEC
00B04
00AC4
7FD2F
7FC48
7FD9B
005B2
7FECE
7FD2B
00B94
00845
00200
7FA38
001A4
00508
006A6
7F829
7FE3E
000FE
7FB48
7F902
00183
013A7
0077D
00800
7F948
0042F
007AC
7F9AE
0137E
7F453
7F887
003CA
003CB
00084
000A2
7FD40
01110
7FBF9
00CE8
7FD93
7F598
7FEE1
7F60E
002E0
7F59E
7FCA3
7FCC4
00D7D
00881
00D0A
7FBD5
7FA21
00408
00024
01046
7FD2C
7FDF1
7FF5E
00191
7F615
7FDBB
00E9A
7FE22
0003A
7FB7C
7F6A9
7F986
7F84B
7F5E8
7F8B1
00815
006C1
7F847
7FCB1
00568
00589
009BA
00B98
7FA58
7F4E5
00350
7F631
7FDA8
7F6E9
000A5
7FCFF
003EB
7FE00
7F341
0019D
7FFCB
001BA
00587
002F9
0096D
00F50
7FB26
00238
00E93
002AE
0057A
7F514
004E9
00200
7FDE3
01543
0011E
7FEEC
7FFDC
7FEE9
004CA
7F8B2
0113F
00234
0001F
0019B
00141
01063
007CA
7F600
7EEE3
7FC4C
7EF0C
7FC23
003CC
7F62C
002E2
7F8B1
7FB60
7FE53
0054A
7F0D8
7FB0E
005C7
7FFF2
009FF
7F684
7FA7C
7FAE4
01B35
0034E
00A48
00378
00F50
7FB17
7FF9A
7FA87
002DF
7F859
00269
00565
7F000
00286
7FDAB
7FCB8
00810
00D2C
7FDE9
7FB0B
7ED2E
00543
7FC04
7FBF2
7FEA8
7FDAC
00563
00800
00135
0088C
0076B
7FBD6
7FEB6
7F3D6
7FA2F
00AA8
0012B
7FDDB
003CE
7FDAF
7FCED
7FE78
7EF16
7FC54
0016A
003C9
7FB72
7FE83
0085D
00951
7F988
00AD2
0036A
007DE
00379
00BE6
00E1D
7F788
002F5
7FCFB
00519
000F9
005F5
7F83E
005CB
00214
0061E
7FF40
00355
7F5BE
7FA99
00256
00ED9
7FA19
004F5
7F799
7FE00
00811
00CCD
00A11
002E8
7FDFF
00B93
7FBA1
00518
00720
7FD24
7FA81
7FD9E
7F3CA
004F8
7FBFF
7F348
7FB95
000E1
001DE
00582
7F814
004D5
7FEDE
7F5DE
7F661
7F6EC
00B21
7FEC3
002B3
007E7
7FEA0
013FE
7FF4B
7FB54
0047C
7FD23
00318
7F1FA
0020E
7F767
7FF92
00747
0059E
7FD7C
00B36
7FD37
7F86A
0016B
7FE64
7FDFE
00C22
002FB
7FBE8
008CE
0030C
008CA
7F84B
7FEAC
7F5CF
0033B
7FD99
00813
7FFAB
00000
7FFEB
7FEC8
00815
00740
0054E
00035
0056A
7FEE8
7FA72
00214
0004F
7FC6D
005C8
7FE07
0039D
7F8CD
001E6
00579
7FA88
7F637
7FC18
010EC
7FE29
7FDF2
7F44B
7FC15
7F7EF
008D6
006A5
0024D
7F26D
7FA58
00C67
7FCBA
7F60E
7F3D3
7F343
7F994
0061A
7EF6B
00009
7FCAD
7FDE8
7FE1B
001DF
0027D
7F90E
00D10
005EA
004E2
002A5
016BF
7FECA
003AC
0055B
7FE7E
7FAE1
006BA
7FE7F
00B73
00362
7F8CF
7FFC8
00200
7FD3B
7F7D0
01106
00CDA
7F550
004E7
7FC6E
7FD69
0004D
7FBEA
7FBCD
7E559
00740
7F8D4
00049
7F400
7FC0A
7FF1C
008E3
00B4D
00187
7F416
007CE
00A96
0032D
003D4
0036A
00018
7FF12
0019B
7FFDD
7EE02
7FCC2
7F4C1
00B6B
7F97E
7FA58
7FAD1
7FA42
7FA96
006FD
003D1
00A47
00100
7F233
7F3BD
7FF44
7FC01
00A3A
006AE
7F55E
0065A
7F421
009D9
00143
00D68
7FBE9
7FA19
0026E
7F193
7FB91
0042E
7FA34
01400
7FA67
00044
0060F
00486
00660
7FF05
7F612
7ED62
004DC
7FF1A
7FC91
00DC3
005D8
0000B
003CB
7FC9F
00188
003FB
7FC14
7FDB9
7FF84
7F8F8
7F53B
7F1BC
7FE91
7FFA1
7F8A9
7F3A8
7EFD3
7FAB9
7F6FD
0016A
001C7
7FD2A
002A8
00A9D
7FA87
7F404
7F628
0061B
7F36B
00397
002E8
00495
0096F
7FF17
001F2
7F7D8
7FBA2
7FEC4
7F39B
00B65
00142
7FA24
7F9FB
7FA5A
7F5F9
005CA
7F847
00A57
7FBE6
002E3
00B58
7FA00
7FBAF
7F430
7FAE2
7F9E8
003D6
7FFDF
7FCEA
00FDD
7FFF1
00214
7FA83
7F497
7FAA8
7FE62
7FAF7
002D4
008A4
00C9C
7F0A1
0057F
7FF75
7F772
0038E
00878
7F6E3
7FBFA
7EF96
7F4BE
002E2
001F7
0003D
00A00
006DC
7FF5F
7FB3F
7FE56
00A8A
00623
00614
7F744
7FC87
7F833
00A01
0099C
7FBDF
7FA8B
00AC4
005A7
009DE
7F60C
7FB6A
7FCDE
7FF9B
7FB23
003AF
005AC
00035
0005B
00054
0071B
007E3
7F8B8
00648
7FC00
0042D
7F2EF
7FB99
7F11B
7F798
00A70
00614
7FE30
00724
7FE85
7F805
00324
005B3
00078
00758
7FA03
7F97E
0015B
007F3
7FF7D
7FD63
7F309
00410
0038A
7F864
0075C
7FE08
000FA
7F8E9
000EA
7F02A
0043D
7FB7E
7F02F
7FCC0
7FCD5
00069
002F7
00EF0
7EC60
006C7
0082A
7FCBF
7ED59
7F574
7F18F
7F577
7F6C2
00639
006EC
00645
7F17D
7FD7C
7FF97
00133
7F224
00718
002AA
7FDA4
003A4
7F68C
7FE21
002DE
01000
00267
0025E
7FC4F
004A6
008E0
0053B
001A0
00769
7FAF0
7FE1D
7FEB9
7FF7D
0071A
7FB7B
7F53D
00200
0030A
00384
00535
00469
7FE92
002A8
7F7FB
7FC96
010A5
001E8
7FA5F
0094A
7F6FA
7F496
7E7CA
7FC00
7FF18
00349
00BAE
7FD00
7FD4F
0026A
00776
00496
7FF26
7FC3B
7F96A
7FEDA
00586
7FBAA
7FADF
009FF
7ECAF
00224
7F6C5
7F1F1
0015F
7FC54
7F887
7FF6B
0040A
7F871
00025
0005F
7F648
7EDA9
7F7E4
00C00
7FC05
7FC57
005F7
00C45
000B6
7F3DA
00280
00BE0
00C84
00881
00339
00A34
7FADF
7FF4C
7F8B0
7FC7D
7F964
002C1
004B7
00181
0024F
0064D
00244
00256
7FE74
7FC40
7FBB2
00AB2
0038B
7F63C
7FC60
002D3
7FBC6
01263
7FFA8
7FDE3
7F677
007D7
7FC36
00674
7FDE5
00094
013A7
7FA5D
00BFA
7FDEF
7FE35
00DB2
0062B
7F1B4
00D1B
000EB
7FB20
00063
00A55
7FB8A
7FF06
00680
7F998
7FD5A
7F698
7F143
7F9B4
7FA00
0042F
7FFB0
006F9
7FEDA
7E5AE
7FE5F
0007C
7F673
7FD64
0094D
0102D
00D8F
7F924
7FB85
7F60B
00000
7F5C8
00840
7F349
0059D
00030
7FFBA
7F9F1
7F406
7F22F
001B8
7F557
0007A
7FE8E
7F3FC
008E4
00200
012A4
000D1
7F82A
005C0
001F1
00F70
7F348
0084A
7F6BE
005CB
007D4
00910
00714
7FCE4
7FEF1
7F785
00F4D
00C10
7F8C3
7FC3F
007F5
7F7AE
7FEC5
00807
002DC
7F935
0024F
0025F
000A0
7F673
0085A
7F400
7F84D
00294
00210
0033C
00A6C
0074F
7EFEE
00511
00FF1
7FAC9
0056C
7F896
7FEE9
00983
7EE71
7F8EC
7FFDC
000A1
002A7
0045B
000DE
008C6
7F86F
0004E
7F84C
003AE
7FCFD
7F61C
7FB9A
7F665
00688
009E8
00A39
7F8DA
7FAB7
0010D
007B7
0038C
7F7B6
7F39E
7FD1D
00BD2
000A8
00594
00067
7FF38
7F8DD
7F95F
7F79F
00297
7F057
7FBD7
7FCDE
7FC9E
7FCCE
0030C
00D85
7FF55
7FA5E
7FAF5
7FE34
0044F
010DF
00200
004B6
00987
00745
7FF2C
00765
7FFB9
7F517
0027C
009C1
7FE7B
7FCB6
7F684
7FD74
7F985
0088A
7FA00
004A1
00B4C
7FFC2
004D3
00AAE
00425
7FA7B
00E7C
00FD5
7F6A2
00474
004E1
7FEF3
00363
0013B
009FF
7F759
0082D
00DE9
7FF2D
00018
00455
0121C
7F187
0009F
7FF33
0132A
7F22F
7FC6A
7FD7C
7F7E9
009FF
7F124
7FBF6
00170
004D3
7FF04
7F576
7F3A2
7FD84
003F4
002B9
7FBE9
7FA6F
00603
7F7F3
00263
7FE00
7F8D3
00026
7FAFC
7F08C
00B98
7ED4B
7FF5A
7FD81
7FE8D
00163
7FA46
00764
7FD47
7FD3B
7FC39
00C08
7FC36
7FC67
7FB1D
7FA81
00508
7FBDA
7F9A3
00054
0008E
7FB98
00567
7FB28
7F9C2
004E3
00586
0043E
7F9E9
7F60C
0001D
7FED9
000EB
7EF96
007AC
006C0
7FFA9
7FB9E
006B4
7FEAC
00199
00936
0070F
01113
0087F
7F005
002FD
001A7
00102
7FC32
7FE6C
7FFBE
7F249
00B0B
0118A
7FEA5
005A2
00BE9
0009D
7F600
000EA
7FDFF
7F26B
00A44
7FB63
7FC75
7F7E1
7FD62
00A39
00859
00134
0068E
7F424
7F615
004A8
002D4
00329
7F6B4
007F6
7FB35
0028C
0042B
00643
00C2A
00249
7F830
7ED40
00AB7
00D29
003B5
003CB
00DFF
00601
0035D
006DB
7F7D9
7F466
7FC15
00F02
7FEEB
002CB
00E9D
7F062
7FC09
7FDBA
002CA
00937
7EF07
7FD56
00A0E
00B4C
7FC63
0023C
00256
0001C
00732
00ADA
00ED7
7F987
005DB
00AEB
00499
7FB51
00C00
7EF79
7F6F0
008F9
00693
7FAF9
7F74F
0062D
000DC
00125
7F87D
7F98B
7FB54
7F4DC
00C2D
7F845
7FFB0
009AE
7F68D
00EC4
7FB2A
7F43F
7FD4E
000A8
7F785
00388
00103
7FEA2
00916
7F982
7F136
7EE95
7F347
7FB61
7EF35
7F6FF
00205
7FA43
7F9B3
7FEE3
0091D
005CC
0005E
008A3
00623
00DB6
7FD65
7FB9C
7F15A
7FEB1
7FF26
00997
006B5
7FDF0
7F989
7FF8B
7FBA1
0031C
7F81B
000CA
009FD
7F5D6
7FFA2
7EEFC
01000
7EF01
00688
7FF82
7F637
7FA71
7FE58
7FAC7
00DA7
001E5
000A1
001DA
001A9
00076
7F8A4
7F7EE
7FC01
009CF
7FDFF
7EEE1
7EE6E
01042
7F9BE
0035C
006D5
00838
7FDFB
7F08E
7EBDF
0007A
7ED71
7F8E4
003FF
7FA25
00761
7F256
0049F
7F87D
7F7E5
00683
00258
7F8DD
7F7F4
00614
00C7A
00038
0079E
7F818
00800
00001
7F9C2
00073
006C0
00584
005AE
0072C
0012B
7FEBE
003C9
7FB0A
005FD
00170
7FCA6
7F696
00E00
00497
7F4F0
7FAA5
00373
00B25
7F96D
001E5
7F7EA
7FF55
00629
7EEEF
00C4A
7FC04
001A5
0041F
7F788
00936
7FCC5
7F9E0
7FF0E
7FCF3
7FD52
0031C
7FD3D
005C2
00345
7FF16
7FAC8
013FE
7FBB2
7FEC9
7F785
7F477
7F5C1
004C1
7FDDF
7EE3D
7FD71
00A73
7FD15
0012E
7FB22
003C3
7EF31
0089A
7F665
7FC7C
7F6A2
7F97F
7F996
009DB
7FF01
7FF50
00D03
7FAD7
7F66F
7EC08
7FD25
01178
00763
7FB62
7FDF8
001C2
7F200
005F3
7FA48
00284
7F947
003C5
7F6FC
7F77F
00DB3
00451
003F1
7F860
7F6B9
0082A
0019E
0070E
0087B
002F1
003EF
7FE8B
0010A
00138
7FD8A
7EE98
00115
7F6E6
00245
7FE42
004F3
00802
00027
7F99A
7FA01
7EFCF
00515
7F63E
7F8B1
0027F
7F97B
00263
7FC7E
7F711
7FB98
7FD0A
7F732
7E994
002F8
003C8
005A8
0025B
7FEE2
0030F
00DB6
7FA1C
7FCEA
7FEB2
0029D
7FEE2
0038B
00340
7FE1B
7FA74
00A40
7FB48
7FA00
00816
008D4
7FC0F
00684
7FE7E
7FFE7
7F9CA
007A8
000A8
0042C
7F8EC
00561
7F9B9
001E8
000D4
00383
000F1
0042E
00355
005AE
7FBD1
7FFD5
007ED
0000E
00394
00168
00510
7F85F
00D86
7FDF2
7F5B4
005A8
7FDBB
7FC0D
0035E
7F923
00727
01379
006F9
00128
005CD
7EB95
006C6
7FDDA
00673
00C96
7F4D4
00D11
001F1
005E9
7FFF2
7F9DF
7F291
7FD69
00149
00ACC
00A6F
7F374
7F28D
7F9D7
00B1A
7FBF3
7FC71
7F600
01CB6
0008F
0059F
00944
00707
7F7C0
0031C
7F897
7FC60
00FCD
7F82A
7F804
00294
7F499
00200
00400
7FC76
00433
00184
7F15D
7FC5C
7FA5F
01075
0023D
001A0
7F82C
00330
00203
7FBE5
7F54B
7FC84
00600
7FA0A
7F8E5
002EB
00BB3
0025E
7FD6E
7F55E
7FB6B
7F68E
0088A
0015B
003FE
00543
0063D
00A98
00FFF
00083
00CAE
00551
001AD
7F4BE
7FACE
00221
7F9C2
007B8
00525
003E9
7F9FD
011C5
00587
7FBD3
00000
0072C
007D4
00905
00304
7F890
004A7
7FBEC
7EE48
7FB28
008DE
7F510
0008F
0022F
00200
0031E
00D0F
7F86D
004C8
7F689
7EAAA
7FB05
00CB3
002D7
7FDA0
7F64E
7FF40
7FAA6
7F4E1
7FB18
7FA36
00932
00E24
00E4B
7F30F
7FF3C
00A3D
7FABD
7FDBB
0045D
00308
0038B
7FFD1
00162
7F61A
7F7AF
7FF10
00338
7F9B1
7FEAD
00351
00840
7FDF5
00283
006ED
7FD15
003DC
00355
0027C
00973
7F301
7FF88
00723
7F6C1
00600
00D54
008B1
7F675
007D0
002D7
0018E
7F62A
7F3B5
7F5DC
7F68D
0024E
7FEF0
00338
0077F
005BE
0016A
00028
004DF
0017A
00457
7F9F2
7FED1
01077
00165
7FD02
7FF5C
7FAF6
7FB81
7F851
7F3B1
004B2
7FC00
00C30
7FA03
7FB8B
01485
7F6EE
00586
7FA10
7FC71
7F79A
00864
002A9
0041E
7F9EB
00589
7FD80
009E7
00183
7FDA8
7F811
00C1B
7FA9E
7FC08
7FBAD
00712
7F470
001BB
7FDCB
0081B
7FB81
003EB
009DF
7FE00
7F4A1
7FCF7
00F51
00046
7F906
0115F
0077E
7FE2B
0025D
01300
0071F
7F77D
007F8
7F6A9
0009F
00361
7FFEA
00A65
00766
00623
007F1
7FFB7
7FE11
003A7
00038
7F802
00910
00125
0048B
7F656
7F56F
00CBA
7FB93
7FE42
7F8B7
7FCD1
00B7B
0015B
7FD97
000E2
00100
001C0
01543
005D5
00FDF
7FC3A
7FDF2
7FE56
002D2
00D39
7FCC8
7FE31
003FC
7FD51
0023B
00084
003CC
0015F
00B3A
7FEDE
7F4EC
000B9
7F267
00800
7FA19
005E3
7F7D3
002A6
004D8
006B9
7FE12
7FF46
00EDF
0080D
7FA8B
7FC09
0043A
00A6D
00ABA
00600
7FDB6
00A7A
7F3BD
7FEBD
7F65E
7FF64
005B8
7F61B
00A4E
00654
7FFD8
7FF83
00165
7F9A3
7FE40
7FC00
008BF
7FCC3
7EF00
0042E
7F6D2
7FF76
00825
018B9
7FC65
00B22
7FF59
002CB
00DCC
002C5
7F759
7FE00
006FA
7FF90
002E5
0026F
00188
7F26C
7FA5D
009E6
7FE34
009CC
00D80
7F9A9
7FDB2
7F129
7F4AF
7FA00
00195
0028D
7EF19
006EE
0016C
7FD7B
7FA2C
7FB61
7FF9F
7F804
00241
7EC0D
002EE
003A7
001E1
0086B
7F334
00495
00868
7FD5B
006E7
0060D
7FE01
7F54F
00808
7FA36
7F3B0
7FB43
001B7
01586
7FF27
7F8EE
7F59B
001C6
00301
00A95
000BB
00F2B
7F73B
0065A
7FBDA
7FDCC
7F5DB
00769
7F745
7FDA6
001C8
7F312
00D5E
007ED
7F906
004FB
7FFBA
000A1
7FAC7
7F07E
7FFF8
001E1
7EFD0
7FDF2
7FFC6
00717
002CF
00200
7F825
0022D
7FA3B
7FE52
00406
00829
00818
7F2F2
7FEE9
00CF7
0012D
00685
7FDF0
00443
0076E
005A8
7FB7C
0020C
7F93D
7EA0D
006EA
00B58
0003A
7F82B
009A6
00198
7FA1C
00609
009A9
0013D
00B22
00600
0002F
7FC3D
7FCCC
7FB10
7F258
7EB4C
0035D
7FA97
7FA05
7F29E
00085
00073
0086C
7FC6B
00569
7FD2C
7FEEA
7FCC2
7FFF5
00D5D
00186
7FB4E
00951
00340
01AF0
00094
7FE06
7F62B
7F57C
00507
00897
7FA00
00383
0169B
7FD15
006C2
7F091
00727
7F567
7F915
7FB12
0038F
7FA51
7FA8C
7FCA5
002F3
00B7F
7FA55
0018B
000F8
7FB69
7F38D
7F7FA
00176
01022
7F0CF
00121
00EA2
007E3
7F8D5
7FEFE
7F8B6
7F91B
005A7
000E4
7F10D
7FCB4
00216
00239
0113E
008E1
7F9AB
00920
005A1
00DF1
00072
0115A
7F7F5
7FD0E
7F910
7F943
00553
7EF49
7F61A
00198
7F381
0019A
7F398
7FAE0
7FFCB
7F85F
7FE91
0031C
0002E
005E3
7FE00
7FB9E
010B4
7FA43
006C9
01407
0039C
00148
7F5C3
007DC
7FA54
00EF9
7F62B
7FE26
7FCE7
7FB5F
7F002
7F824
7F72B
7F749
00385
009E2
00333
7F718
00095
7F121
00BAD
7FE82
006EA
0018B
7F7C5
7FA31
7FA00
00498
00BEE
7EF3F
00009
7F87A
002AF
7F6BE
7FE3D
7FA03
000CC
7FF1B
7F7B2
001F4
0065C
7FEE8
00000
7F805
7FC32
7F5FF
7FDA9
7FF5F
001D3
7FF16
0036A
00605
00933
7FCA3
0033A
7FF35
7F9A7
7FD53
00000
004CD
005C1
7F36B
7F35A
00663
7F105
7F68B
7FFDD
7FBBA
7F79F
002C9
7FDEE
7F317
00D59
7F7B9
00877
00457
0038E
001B3
7FD87
00BF0
7F98C
00088
00007
006FF
7FE52
006EF
00E61
00780
7F64A
007A1
0087D
005AC
7FA85
7F5CE
007D4
7F291
00006
7FCE9
00E9D
7F9CE
00361
002FB
00B02
7FB84
001E1
00612
00072
7FC8F
006ED
7F935
001D2
7FA86
0082B
00160
7FCB0
7F8D0
00401
7FBE7
00C1D
7FFDA
7FE3C
005A5
00800
7FA56
002E4
00569
00163
7FF19
0047C
00332
00403
7FDF4
005BA
7FB05
0042F
7FF9A
004AD
7FD61
7F8EE
7F972
7EF7B
005CF
00E8F
00594
006F3
0025A
7F7D9
0009B
00B1B
7FA84
00240
006BB
0050F
7ECCB
00200
7EFDC
7FF5C
7F9AF
7F9B5
7FE94
7FCAD
00C68
7FA03
00603
00A16
7EE15
003B6
7FB02
00392
001F4
7FE96
006B9
0021A
7FB83
00337
00DB7
001F1
7FFF4
7FECA
000E7
01329
7FD93
001E4
7F6CD
000AF
7FEFD
00000
7FBE9
7FCAF
00273
7F461
7FE4F
7FC19
7FD17
7FFA8
7F9A2
00682
00499
00157
7F99C
7FFE6
7FD0F
7FD13
0035A
00758
7FD28
7F67C
7FFA7
0055C
00E38
001FF
0024C
0028E
00CE4
00787
002F6
00087
7FA9C
7FBC3
7F8A6
7F6B5
7F47D
00230
00541
001E4
00C6B
006D4
0018A
7FD0E
00B0C
003E1
7FEBE
007DE
7F5D6
00360
0024B
01504
009CD
7F1DA
006FC
003FB
7F37F
7F7E7
7FDBE
00980
7FD83
7F7F4
0031C
7F757
7FCD7
7FC00
7FC3F
00095
7EE6C
7FB57
7FA2E
003E3
00AC2
7F459
7F459
7FFB5
7FE14
0035D
7FD86
7F6FF
7F6F1
7FFFF
7FF29
7FFAA
0051C
00940
7F759
7F9D9
00777
7F859
01ABC
00A7A
7F8F0
0058E
7FB8B
7F96A
005CC
7FC00
7FFE3
7FF9F
007F3
001D6
7F77A
7F923
00746
7FFA8
7F8FC
7FF33
00F53
7F9D0
00337
7F26F
7F945
7F801
00C58
7F4D3
00AB9
7F994
7F93F
00471
007B7
003A9
7F6EC
001EE
00376
7FD44
7FADC
001DA
7F8C4
00C00
7F5A7
00257
002D7
0061B
00D3F
006D7
7F231
001DA
7F64A
00DC8
7FBD1
00503
00560
00210
003F3
00539
0056E
00000
000AA
006B0
00683
7FD26
7F988
7F89F
001CC
7FCEC
00324
7F947
00510
7FFFF
00150
7FD2D
0010E
7FBB7
7FE7B
7EC90
006E7
00392
7FD77
00050
0032A
7F4EA
00996
7FD55
00290
01254
7FB0A
7FDD6
7F93B
7FDC0
7F5A9
003A8
00360
00611
00D29
00705
00216
7FDC0
0022B
7F86C
00648
00447
005D5
00800
00B8D
019E1
0041A
7F885
7F64C
004D1
7FA5E
00B15
7FD2B
7FE69
00BDE
7F62D
7FECA
0094B
00A05
7F785
0030B
00CEA
01232
00338
00D31
00F61
7F2E9
7FA25
00C98
7FA4C
008CC
7FF4C
7FE17
7FAA8
7F404
00400
00961
7FF2D
7FA41
0079A
7F90A
00017
7FF60
7FB68
7F95C
00585
7F953
0042A
0082F
7FFA3
007C7
002D5
00B42
7FE9D
7FD2D
005F6
00701
00307
7F8CD
7F93F
7F7E0
0166A
000D4
7F940
003EC
7F808
7FE68
7FA00
00FE7
7F70A
7F8BA
7F972
7FCF4
7FCAB
7FB51
7FE56
7FE1E
00374
00587
01111
7FD94
00794
7F404
00BD8
00209
7F8FE
00D1E
002A8
7F411
009C2
7FC6D
7FAB5
7F24B
004AB
01057
00B05
7F7B5
00115
00085
7FE95
7FB14
7FC54
001BB
00179
00D83
7EE71
7F7D3
001F6
006C8
0022F
005A0
000D4
7F544
00FF4
005E7
001D8
0083B
001DC
7F09F
7FE0D
00665
00A65
007DF
00819
011DD
00634
00AC1
7FF7D
00750
7FDA0
7FC8E
00A00
7F668
7F7E4
00413
00349
01254
7FC31
7FF79
7FAEF
00075
7FFCD
7FBCA
01023
7FC97
0032C
7F799
003FF
7FA5B
7FAD5
009B7
7F97E
00FA6
7F376
7FCFF
7FC96
7FEED
7F319
00116
00C07
0121F
7FF76
7F83D
7FA00
7F9D9
7FFC7
7F18C
7FA5F
7FC56
0018D
0089F
00911
00D45
006A5
000F3
00B2B
00FED
0018C
00B35
007FF
7FFFA
0057E
000AC
7F8DB
00E6D
7FB7F
7FAEC
7FF69
7FB7F
7FE76
0022E
7F8AA
001DC
7FF23
004F5
00000
008E9
008A6
00DFC
007B2
7F130
7FA0D
7FE37
7F784
7FC00
0011C
7F2DD
0047B
0009A
009DC
011C8
7FF3C
7EFB3
00754
7FC24
0020C
7FE7B
0091A
008A7
7F633
00B51
00319
7F9A9
00A29
000F1
7FD99
001F1
0016B
7FC08
7F79C
000D5
7FA9B
003F9
00127
003D3
008BA
005B2
00EE7
0050A
7FADA
7FC5A
003C2
7F97F
007B4
7FFA3
7FEBC
008AB
7F4F3
00483
006FD
00009
7FEE1
0029B
011DA
7F8CB
0046F
0062C
007D0
7FCA8
00400
00428
00B38
7FFF3
0026F
7FFA4
7F957
00EC7
7FAC7
007FD
0077B
7FDEA
7FC35
7F6C7
0023C
7FAEB
7FD2D
7FDF5
01335
00417
7FC46
7FAF6
7FCAE
7FA31
0022A
00603
7F887
004CE
7FEDB
00087
7FDBC
00989
7F800
7F8AB
7FBC1
002D8
00C3D
0018A
7FFEF
7EB87
7FDD7
007B5
00355
7F837
7FA53
7F471
7FB96
00871
7F785
0037C
01242
004CE
7FD81
00113
001F7
0048C
00539
0156D
004B8
7FF1E
7FFC6
7FDA4
002A9
7F795
7FC00
001B3
7FD96
7F27C
7FDCF
7F1E9
7F312
0088A
00734
7F885
00115
0035B
7F772
004D3
00F20
001DC
00589
000B7
00CAF
7FBDB
0091E
7FF22
004E8
7FC61
7F6BD
00238
0047F
7FB62
7FE9C
001C9
00B50
00112
7FE96
009FA
7FC23
7FB43
0066A
7FE9C
00E52
7F4A6
7FAE5
7FCF2
7F99F
7F288
00A8A
7F903
7FFA7
00CC9
7FB8A
7FFFA
00726
00601
00ED8
002E5
7FDFA
7FB26
7F968
0067A
0012B
7F239
00524
0010B
0043F
001DE
00200
00BA3
002CB
7FCBC
7FCDE
00434
7FD08
007A3
00AD3
7FDB6
00E07
7FD46
7F635
001E9
00850
0026B
005FF
7F956
005B5
7F952
7FD4C
00B77
7FED6
7EF65
00801
000B6
7FC6F
0027A
7FC47
00300
7FD1B
7FFB5
005FF
00311
00309
7F882
7F57A
7FEB8
7F817
001DC
0052C
7FB82
7FF32
00065
00F6F
7F74A
7FF81
00EED
00201
7FA4F
00476
7F503
0005D
7FF43
000BC
7FEA6
007FF
0086B
00655
000FA
7FE11
01175
00663
7F2B9
7F800
7F37B
0039C
7FF06
7F349
7FBA3
00676
00296
7FCF2
0056F
7FDA7
00A6D
7FC9E
000E3
7F7C6
00010
7FF5D
7F885
00ED3
000AD
7FD2E
005E6
00504
7FB99
7FA19
00462
7FAF1
0008C
0082C
7FFFB
7F68C
00BF2
7FD2C
7F7CE
0023B
00771
0091C
7F734
7FF56
7F7A0
7FA99
7FA42
0089F
7F614
7F7C6
7F041
00D89
7FEC9
00188
7F890
00B50
7FFBB
7FE46
00021
7F9FE
00404
7FBFC
7FF08
7FCA5
0068B
7F1CC
00475
00393
00404
00E00
004D7
7F1D3
7FF62
7FF2A
00478
00A48
7FA69
0055B
7F2CE
0009D
7FEBE
7F36B
7F3A9
7FD12
7F6CD
7F61B
0076E
00089
7FD2A
7EF18
00369
7FE92
7FB95
001D9
00E00
7FBB1
00450
7F8A1
7FA4C
7FFF9
00343
7FFFF
7F7B3
005C9
7F8AE
00910
00BF4
00C89
00382
00CEE
0025A
7F554
7F9D3
0054D
00652
0057F
7FDF9
009E5
0034F
7F4C4
0096D
7FB35
7FDBB
7FFDC
7FCAC
000C5
7FC03
7FE9B
7F6C6
00953
00A07
7FFE7
008B1
7F800
003D2
7F495
7FF88
000F5
7F77D
0007A
00A78
7F13E
7F6FE
0074A
7F6DC
00746
00BE1
0072F
7F7EC
7F5DF
7F456
7F478
014F4
7F6CC
00366
0007F
004A5
0107A
7FBAF
003AF
000E1
002E5
7FAF9
00231
00DE8
00CBB
7FFFC
00695
7FA7C
004C2
00507
7FBB8
7F98E
7FA52
0012A
0018F
7FD87
00394
7FA3C
00D84
0025E
7FC6F
7F987
00252
7FDAE
7FF90
00289
7F014
7F293
00374
0018E
000ED
003F5
001BF
7F8F9
004D0
7FED2
7F400
00DD8
7FE99
00176
7F999
000C1
7F09B
00578
7F147
7F714
7FF3A
008B2
0092D
7FC6C
00A10
7FE9D
00201
7FA5B
7F866
7FC5D
00100
00643
7FCB9
7FAD8
0036B
7FF4B
003C3
00248
7EEA5
7FC6C
7FF00
7F4F9
7FFFF
00959
7FCFA
0097E
00C11
7EFC8
7F06A
00644
00AB9
00175
00497
002E8
7FA22
7EDB5
003BD
00266
7FA00
7F7E3
7F8B9
00BFD
7F959
004A8
003A6
7F61C
00096
0055E
7FBBB
0056C
7FE0E
7F75F
001D3
006B5
7F600
7F0EA
0020B
7FAC0
00111
7FA67
7FD54
7F4A4
7F736
7FDC6
0027A
0036C
7EC7A
7FDFB
7F7C9
00C48
7F189
00A18
7F402
00AAE
00308
7F1F4
00473
00503
0073E
01139
002C3
005F5
7FB5D
0076F
7F9FD
7F58C
00711
0108A
00539
0013E
0066A
003ED
7FECA
004EA
7FC3E
00176
006E9
004C1
7FAB4
7FAA4
7F94A
00590
7FF3D
00545
7F442
006E4
00644
7FA03
7FFBA
00165
009C4
002BE
7FD57
00007
7EE7F
7FF5B
7FF78
7F08A
00A00
7FFC0
7FF4B
00196
00099
01093
00513
008BC
7FC4D
7FFF8
7FE66
7FD36
7FEBF
00738
003FC
0072F
010F7
00EF3
7FD4C
7F001
7FCBC
7F8E3
7FF0D
7FD90
00849
7FA29
7FEE3
0063A
7F981
002B8
00062
001D3
7F201
7F581
00630
7FC54
7F77B
7FA5C
7FC30
003FC
00187
7FCAF
7FB2D
00610
00956
00B57
000F1
00D08
0087C
7FF15
0070F
7EE01
00553
7F8AC
00064
7F770
7F672
00892
7F7B5
000B8
7FC6C
005ED
7F7A9
7FC97
00600
0041D
7F656
7FF3C
002FB
7FFA9
7FE8B
00444
0000B
7F3DB
7F57E
7FFDC
7FA43
001B6
003E0
00C2E
0095D
7FA8B
007E5
001C2
00CB8
0022A
7F97C
7FAF5
000E6
007FE
7F337
00878
7EB6C
7FA64
00264
7F74F
00B4F
7F9C4
7F82E
7FCEB
0063F
7F704
7FD24
009DA
0087E
7F4C9
7FD81
7FF60
7F76E
7F5D1
7FB54
7F526
0087A
00643
7F9DB
00462
00185
7FB8B
003A9
7FF19
0109C
01678
00479
7F774
7FCCD
002BB
00267
7F77F
7FC00
00375
7F025
7F26D
7F505
00024
00253
7FE61
7EAB2
7FD2E
7FF41
0018E
00369
00229
007B0
00C1D
00000
00641
7FF34
7F468
7EF99
7FD04
00166
7FB8D
00058
00F27
7F8B4
003FE
00096
7FAD0
7FB0D
0024A
7FC00
005CC
00098
00A78
7FF78
7FC31
7FDF9
7FE4E
00150
7F5E9
7EE76
7F451
0036A
001C1
7FAC8
7FA8E
00FFE
7FA7A
00362
004BB
7F3EF
7F68D
0064C
002F8
00BA7
7FF14
7F649
004D1
00096
00610
00A79
00725
00200
00D35
7F3CA
002C2
7FE19
00451
7FFB3
00F6C
009A1
002C1
004BE
0070E
7F81D
00752
004C4
7EC60
00A21
7FBF7
7FA93
7FE38
7F1FA
7FC66
7FB86
00757
00790
0025C
007DF
002B8
7F8F6
000FE
008A4
00009
00711
00454
7FBDC
00697
006E1
00126
005DC
0073A
7FB10
003C3
7FA77
7EF18
0032C
7FE7D
009DE
007FA
002EE
003C7
7FF2F
0077A
7FE79
008D7
7FB75
7EF5F
00468
0060E
7FD13
00774
0096D
001F3
7FA97
00BC7
7F400
7FBE5
005AB
7FA41
7FCFB
7FFFE
00293
7FC3B
7FB8A
7FA36
00D53
0006C
7FF27
7FF97
7F608
7FFA9
0043E
7FD79
7FCD4
0066A
7F499
00588
0019C
002E7
7FA76
0009B
7F0BA
004CE
7F518
00952
7F683
7FB6A
00200
004C0
004C6
7F86A
00B4C
00641
7FFF7
7FE82
7FFAE
01197
7FA2E
00467
7F48C
7F87D
004E2
0080E
0043E
006A4
00294
7F1A5
00567
7F801
004FE
00834
7FDB5
0018E
00363
7F573
00398
004C6
7FB11
01531
00200
7F498
7FBBA
0038D
7F632
00666
7F008
00380
7FAC1
00180
00C5C
000C8
7FFB3
00022
00507
00C6F
00188
007CB
7FACD
01006
7F975
00697
000F3
0028B
7FF3C
7F258
002B2
000B7
7F561
7EDD0
7FAA9
00DCB
7FA59
00187
00255
00109
003DF
7FE76
00798
7FED1
00636
7F526
7FE2E
00136
7FBCB
7F2BA
00DDF
005FF
010F1
00B96
7FD04
00352
0097A
7F7D0
7FF7E
00457
001AE
009D9
00394
7F5CF
7FEEB
0049F
7FF1C
7FF98
00200
00483
00228
003D8
7F8CE
00315
00385
00515
7FA96
00813
7F659
7FFE5
7FFCB
011A9
0028D
00E88
7FC01
00D86
00900
0017F
7FFFB
00C4E
006EA
7F9D1
7FBC1
7FCAE
7F85B
004EF
00BC1
7FB42
00029
00A20
005FF
7FDD5
00153
7F77B
7EFE3
0013A
7FA51
00717
7FD69
007B6
00938
7F612
0068A
7F603
7F83A
7FF1A
00401
015E2
7FED2
00252
7FF58
7F865
7FB3E
000FC
0043E
00463
7FCC3
7EF56
005E5
7FD6C
00511
7F7E2
00000
7F82C
00940
7F45B
7FE82
7F502
7F7D2
0018C
7F7D1
00268
00EF6
7F760
00C3D
00834
7F643
7EAF1
0069E
00D99
7FEDB
0035C
7FEDD
00ACB
7F691
0028D
7EB92
004EE
00284
00B99
008CB
000B0
7FDB9
0015D
00169
7FB9D
7FB55
0022B
7F7BB
7FAC6
00214
7F923
00264
00E5C
01076
000D4
004C3
7F6E8
00205
7FD5D
0027B
00594
00170
002F2
7F618
00866
7FBE6
00675
008B4
7FD57
7FA26
7FFFD
7FAFB
7FDD1
7F906
006B6
7FC00
7FE1D
0072E
00198
0013A
7FF7F
7FC69
7F697
7F91C
7F509
00B11
006FF
00D79
0028D
7F9D9
0030C
00169
7FF36
7FCFC
7F047
00647
00928
7FEDA
001FB
7F499
008B0
00337
7F125
00137
000E2
7FACD
00958
005FF
7FFC3
00403
0035D
7F5EB
00772
001F3
00071
7EF61
7FFF4
00848
7F89C
7FF34
0021F
7FECE
7F93A
00CBB
7FFE4
00642
0030A
7F996
7FA59
003EA
007B0
7F6F4
7FFA9
00717
7FDBE
7FFE5
7EF08
00381
005D0
00800
00189
7F32C
0015E
7FD26
00029
7FBE5
002D2
7F3DB
0027C
00AD3
7F2DB
00B80
004CA
0050B
7F7E6
00361
7FAC6
001A9
7F03F
7FCCD
007DB
00273
008B7
006E4
00B39
0053E
009AA
0004C
7F387
0014C
7FB53
0016A
7FBFF
7FCBF
7FE80
7F321
008F1
7FAE0
7E650
00115
7FD4B
00742
00837
7FD35
00158
010F6
7FB18
7FB8B
7F959
00987
001AD
0066C
00096
7FA01
00182
00107
7FF49
0056C
00227
00980
7FB83
7FF36
00410
7FA00
7F760
00236
000D5
0099F
0053F
7FBCF
7F4CB
7FA19
7FC53
7FDF5
7F672
00235
005AE
7FD92
0008A
7F001
00AA2
00654
7F84D
000B0
00A8E
7ECF5
7F275
7FBC2
7ECAE
0059B
007D8
7FA96
7F495
006EC
00058
7FA01
7FB76
7FFD2
7F73B
002DD
7FCD1
00374
007AC
00DE4
7FBC4
00A2C
7FBA3
01594
7FBF5
00373
003CB
00400
7FE03
7F452
7F8DE
7FAD3
7F091
00079
002F5
0043E
7F926
00592
00CD8
7F5A1
01335
7FB5E
7F973
00A00
7FAED
00718
7FE0E
00AC4
7F58D
7FE7F
7FD38
7FC39
7FA6C
7EF7D
7FE4D
7FF3E
7FD32
00415
006E6
006C1
7FB4C
009DB
00075
00B3D
00109
0011D
009CD
00F84
7F773
7FC7C
7F810
011EA
7FF83
00270
008C7
002D4
7FAB5
00451
7FB1C
00021
00805
7FB7C
0032A
7FBE1
0085D
7FD78
0014F
00441
7EBDC
7FF52
001DC
00539
7F867
7F233
7FD33
00442
7FB48
00E5F
7FC28
7F049
0050B
006A6
7FCC5
7F39E
005A1
7FE08
00AF0
7F000
7FD0E
00182
7FB87
00043
7F99B
00885
7F2B7
00403
00305
7F7EF
00002
00C35
0053E
7F9D2
7F4B2
00711
00D44
001D0
7FE67
00912
00296
7F7F7
7F6B3
00022
00A4E
00273
0042E
001F0
00365
7FBD8
7FEEE
7FE01
7F7F6
0033A
007E5
00295
00D09
7F750
0007E
7FA02
7F780
7F79E
7F90B
7FE5A
7F627
7FEE9
00225
00710
00045
00A54
001B2
7FC27
7F80D
00A77
0016D
7F53A
0087E
7F788
7F930
00385
0015F
00934
7F77D
01000
008E0
0088E
00024
00CA3
00407
00A00
005B0
0005D
00A3D
7FEE6
7F9A2
7FEDD
002FE
7FC49
00411
7F735
00157
003DA
01120
7FADC
7FF23
7F88A
00242
7FA52
00118
00413
000CC
7FE8C
7F651
7FAF2
003C8
7FBC2
01013
00364
7F551
7FF39
004D9
7FF7A
0066F
0035A
7F843
7FF75
7F949
003E3
00135
7F56E
003AC
001DA
7F173
00265
7FD4B
0032B
7FDE4
008F4
0095F
7FAAC
003B6
00199
7F1E7
007FA
00172
7F9C0
7F90E
00200
7FB2A
001C8
00540
7F93D
7FB66
7ED87
7F71A
00713
7F93B
7FB92
7FDAB
7EE25
002FF
7F8CE
00C98
7F800
00BAF
00512
005E2
7F828
010B6
00405
7F889
7F4EF
7FBE0
008A3
7F85F
00569
7FBE6
7FCC1
0045D
7FE00
7F59D
00328
00125
7FAC5
00606
7FBB4
7F501
7F8EF
00A02
00509
00249
7F4E5
7FFA3
7F914
7F8D0
00001
005E0
005FD
7FD9F
7FBD8
7FB85
002C3
7F02C
00312
0033B
006C1
7F919
7FF8E
00F1E
0015F
00622
00A00
7F6C0
7FE14
00C1A
7FF4D
7FFFD
7FA0E
7F452
7F9C3
7FBB5
00620
00174
7FD8B
7FA54
008D7
001FF
7F343
00323
7F414
001C8
7FF52
002C9
008DC
7F3EA
0091C
7F5A6
0033F
7F0B2
008B8
7FE25
00480
7FC6E
00CBA
7FE33
00650
0020D
001DF
01083
7FD14
00405
7FE6A
7FD49
00315
7FD2F
00645
004B7
00CB6
005CA
00136
0027F
7EE25
7EDD1
7FCAB
7F578
7F4BC
0033D
7F388
7FFDE
003C3
00BC9
00212
000B2
006CE
004BC
00000
0083A
7FD02
7FCDE
008A7
7FD9A
00A3F
002E0
00FFD
7FECF
008A4
7F1BF
7FCCB
7FDF3
7FFC2
00844
7FE94
004B7
7FBC4
7F26A
7F85A
7FDFA
7FA6D
00593
7F737
7FE9E
7F793
00A37
7FF13
003C0
7F819
00299
7FA00
7EF45
00DE8
003C5
7F8C3
7F92A
7FACA
7F2F7
00209
00952
00601
7FCF3
7FBA3
7FF6D
00898
00532
7F8EF
7F11E
7FA91
00709
006CA
7F7BF
00039
00068
7F5DE
7EFCD
7FF7F
7F71F
7F76A
005A6
00213
7FAE8
7F600
010FE
7F5D5
0022C
006A1
0056A
7F7D9
7FAB5
00222
0087C
007C0
001A9
7F1D9
005E7
7FDB3
7FB75
7FDB3
7FBD3
00396
7FEA8
7F2A0
7FE78
7F80A
7F58C
00223
006A9
7FCDB
00726
7F941
7F423
007E3
00363
7FE96
7FCF2
00069
7F799
7F34F
7F1C1
7F442
007DF
00232
7FADB
000A6
7F176
7F157
0038A
00A85
7F93E
7FBFD
7FE61
7F346
00193
7FD6C
7FE56
7FB80
7FFBA
7F754
00692
018FD
010D2
7FC0E
00454
00416
00808
00600
7EA32
7FAA3
7FF84
00E93
7FFFA
7FFC8
7F260
7F7C4
00AC6
00022
007FF
7F74C
00436
7FBE6
7FB5D
00800
0032A
7ECE9
7FE4F
00372
7F7F7
001BB
7F1AC
7FA1C
006F2
7FD79
7FC3F
0048F
00166
00AFD
00759
7F600
7F63A
000A0
008FA
7EE98
00C14
00D3D
00617
0003D
001B7
7FE28
7F9B3
00039
7F339
7FD87
7E9FC
7FC00
7F7E0
7FC87
7FEF5
7FF62
00913
00C8E
7F63A
00DE6
7FA7C
7FF8E
7F2EA
003ED
010AE
00047
7FC4F
00800
0012E
0032B
7F8A6
7F801
004E0
00D1F
7FCAB
7FD4A
7FA22
7FB76
7FA8D
7F13F
7F171
00539
7FACD
7F29F
7EBD3
7FDF0
0011A
7F810
7FAC0
00332
7F6A6
7FF4B
005FB
7FFBB
003EC
7F89D
00B2D
003B1
7F871
7F072
001F8
00943
7EA4F
00833
0078B
00734
00037
00B42
00103
7FF14
00B5E
7F429
7F7F8
7EBB7
004E6
7FBFD
0047D
007F4
007BD
7F774
0017C
00B3C
7FCC4
7FAD4
7FD2A
7FE93
008A4
002FC
7F9BC
7F45A
000AE
7F400
7FC72
7FCA9
7F112
7F067
7F610
7F844
0081C
000F4
0059C
7F9D4
001EF
7FCD8
7FD72
7FE52
00421
009E6
7FD4C
00065
005AB
7FBCE
00481
7FB2D
001D6
7FD12
7FEAA
00AE5
0026B
7F553
7F9BE
7FD3B
7FE97
7FE00
7FD48
00480
7F9EA
7F496
7FA4C
003A9
7FDE7
7F29F
0032F
7F93A
7F9A5
00B9B
7F955
7FDF5
7ED40
0043E
00C06
7FAD3
0007F
7FBEA
7FC57
003DA
005DC
7FC9E
7F470
0122E
7F59C
7F8B5
7FE2E
7F185
7F81B
00400
7FB95
007BB
7F5B8
7F4DF
00136
00138
7FDF0
7ED35
00866
0074F
7FD1C
00580
0069F
00951
009A9
00052
7FFD5
7FE19
00AB8
003DF
01237
0028B
003DB
7F9DF
013A6
7F7FF
7FCF1
001E3
0028F
0052B
00B35
7FE96
7FA15
00828
0054C
7F9DE
003EC
000E1
005AC
001B8
7FEC7
00551
7FF85
7F478
00919
00AB1
004C3
00A51
7F77B
7F3A6
7F4C0
00087
7F72E
0061F
011E3
7FB14
7FB43
7FCAA
7FFC1
7FE6B
006E8
010C8
0030D
7FC00
00745
7F8A4
7EF74
7F73B
00E39
7F8BA
7F1FC
7FB2D
7F517
7F295
002F8
0019E
00B6A
7FB5F
7FD4F
7F801
7F866
002DF
7FD73
00025
7FCC3
7FC21
005EB
7FFA8
7FF7A
000C3
7FA87
00086
7FFFA
7F8D1
7F723
00000
7FF0C
002E3
7FE09
000C6
7FDCC
005DE
0078D
000D4
00930
7F4FE
7F0FF
000B9
7F4CA
0025E
001A6
7FC00
00EF0
004E9
0076C
7F7DC
7F991
00896
7FE36
7F459
00FE6
0045C
003DC
00D21
00228
7F623
0078D
00400
0044B
7FA67
7FDC6
7FE45
000F4
005B6
00748
00587
00E02
7EDBF
009F0
7F812
0004F
00465
7FF43
00762
7FCD5
0137F
000BE
7F7A1
7FD9B
7F485
7F7BD
7FB71
00A62
7FF77
005B7
7FF0F
7FCA1
00D71
00C59
7FD2C
7FBDF
0074A
7F918
7F44A
7F740
7F69F
7FC76
0115E
7FDC9
0047F
7F521
7F850
00BFB
002F1
00DA1
0092F
0022B
002D2
00DB6
002A7
00366
009AD
00165
006D6
00BB9
7FF74
00251
009B1
00058
00912
7F7E9
00600
00C17
00DBA
7F78A
7EEF9
7FF09
7F194
7FD80
7F51B
00601
00CC1
7ED30
00124
0029C
7F65F
0027D
002D3
7FE64
0063D
0088F
00373
7F76F
008F7
00C39
00B44
00AD2
002A7
00279
7FA54
7F7E6
001E3
006A7
7F602
7F974
7F77B
7FB37
7F49E
001B8
00CD6
00365
7F55E
000C0
7FF2A
00643
0003B
7FF0A
7FB04
7F802
005A8
7F61A
0010B
00416
7FF52
7FFF3
7FE86
7FCD6
013D1
7FA16
00656
003C6
003CB
7FCB4
007EF
7EFD5
7FC00
7FDDD
00698
00729
00B9E
7FC5B
0007D
7FA9F
7FF50
000D1
7F6A1
7FEF1
7FA38
7FE48
005EB
0047A
00C4B
00586
7ED19
7F528
7FD5E
00341
7FCD4
7FE31
7F104
7FE6C
7F8B0
7FBBC
003C8
7E2C6
7FDD6
7F809
7FE96
7F690
008EA
0005F
00B67
000E6
00013
7FCBF
7FB45
004BD
00B10
0081D
7FCB1
0080B
7FAE2
7FEFB
7F5B0
7F9CA
0022E
006AB
7FCD6
0015A
00019
7F59D
002EE
7FD1D
00890
00434
7FE23
7F5B1
7FDAA
00D20
7F800
002C6
7FF1F
7F6A3
002F4
7FFDB
000B3
003DB
003A7
7FCCC
002E1
7ED5F
0086F
0076B
009D5
003A7
00400
7F740
7FF41
00A68
00CBC
001D8
7FF86
0008C
7F585
7FE75
00065
00262
7FC7E
00278
7FEE7
7FA6A
7FC01
7FBA9
7FC73
00B82
7FDBB
7F76A
7F55B
7F8BF
7F859
7F6BF
000EF
012BD
7FEE3
7FD80
00960
7FB58
00000
7F702
7F1DE
7EB72
00A91
00A33
0071A
7FAD9
0067B
7FAB3
7FF19
7F583
7F433
7FBEC
00132
7FE95
00400
00349
7FC1E
7FC03
7F446
7F84F
000A5
7FB9F
7F8DE
002F9
01411
7F6D5
7FD7E
7F606
00965
7FB0E
0102D
006BC
7F6FB
0051C
7FC88
7FE93
003D8
002EF
000D6
0007A
00F5E
7FC00
0096A
00E52
00D70
7FEAB
0043E
7FC52
7F82E
7FAED
00887
0011E
7FE41
7F503
7F531
0066D
0066C
0020F
0001F
7FE99
7FFBC
7FFB5
00670
7EBEC
7FE90
005D1
7FE56
7FD5A
7FEEB
7F885
000B4
7F961
7FB4C
0009A
008A3
7FC17
004A2
7FF70
00000
7E55C
7F4EF
7F8F1
7FF98
00CA3
0016B
0052F
7FDD7
0007A
7F371
0098F
7FF73
7FEDF
00C57
004AD
7FD2C
008D2
7FB87
005F4
7EFD6
7FC74
7FB46
0019C
00539
7FE35
7F981
00C8A
00190
7FCAC
7FC1B
00596
003FF
0026D
00781
00B06
7FFBB
7F576
00821
007EF
00539
00487
0050D
7F41F
002C5
0049C
7FBFE
01174
7FD2C
005C0
00274
00D9A
00337
7FBB1
005F6
7FEC1
7FDD7
7F7A7
7EF77
009AB
0025B
00958
0033A
0040B
00200
00880
00947
00191
00218
0090A
7F564
7FB3A
0103B
008BD
7FE31
00A9A
7FA4D
00627
7F687
0071C
7F2C1
00230
7F339
00481
00FAE
7FDAF
0036A
00118
0021E
0098A
00C04
7F5DF
7F6D5
7FBE1
00237
002E1
7FD2D
7FAF5
7FD24
7FB7A
7F6B2
0004D
00B5C
00531
7FD21
7FF2C
003D4
7F645
008E6
7F63E
7FEF6
7F80E
7FBAB
003FF
0073E
0025E
7FEB0
00681
0054B
7F975
00516
00993
00348
7EC3D
7F4AF
005D6
00160
7FD25
00000
7FC3B
00B43
7F7A2
0070C
00487
00302
00AE3
00097
7FE5F
00A2F
7F943
01301
7F12B
7F724
011CA
005FF
7F755
7FBB0
7F964
005BB
7FF48
7FF06
7FF6F
7F947
00076
002BC
7F21B
7FFE5
7F86B
00468
00B7C
00FFF
7FBCE
006E1
7FA1F
7FE20
00445
7F323
00291
0036A
00ECD
7FC9E
005F8
7FD79
7F508
7FE1C
7F465
7FA02
7FEDB
7FA2A
7F51E
00519
00D48
002D5
7FDF8
012B9
00F76
7FE79
00C7C
7FFA0
000B8
7FE59
0056C
7F800
7FAFC
000F7
7FDF1
7FC32
007D2
7F5A0
00F9E
00B65
7FDF7
00593
7FBE8
002AB
7F05D
7F6FB
7F44C
00051
7F35E
7F9AF
7F70B
7FFF0
008CD
00722
0021C
001E6
01080
7FD9C
0064D
0018D
00749
7F909
7F96F
00711
00193
7FE14
7F4AC
004F8
003B3
7FDF4
004FF
00119
7F574
7F3B6
0105F
7FF04
7F784
7F99E
005E8
011B5
0096F
7FAAE
7F558
7FB40
00159
7FA09
005C3
00666
00BBF
7F990
7F9B7
7FAEB
7FDFC
7F83E
7FFD3
00400
008C9
7EE47
00A04
7F72A
7FC25
008AE
7F9D9
00475
0079D
00C9D
7FCC3
0038F
7F5B1
00DBA
7F90E
7FBC3
000D1
0030C
7F134
0010F
7FCDC
7F66E
7EF4D
00FFD
000CC
00D40
00041
7F841
0062F
00AF4
00148
7FDFF
0000A
00553
7FCC3
7FACE
00BBB
004F5
001CF
00050
7F4C7
006A8
003C8
7FF9D
7F5D6
00068
00505
00712
00ABF
7F172
7F964
7FC4F
00382
7FB7B
7FE18
7FDF7
7F9A4
7EE1B
7FEE0
7F576
7F6B2
7F9C1
7FF08
7FA00
7F12C
7F9BE
002F1
005AB
7F300
00C97
0083F
005EF
7F774
7FA32
01171
7FCDD
7EEDE
00C37
7F887
006C1
0081F
00488
009C8
7F82D
7FE9C
7F816
7F9C6
7F4D7
00103
7FB31
7FCC2
7F703
7ED62
7F992
7F7A4
002D5
7FC15
7FD95
7FD67
7F58D
7F692
7FEFB
005FB
7F96E
7F8E7
7FC2C
00591
7FE87
7FEE2
009CD
00491
7FDD5
7FEBD
7F917
7F644
0117E
7F657
7F88A
002AF
7FC70
7FA37
7FBC8
0084B
7FD90
00B31
009FE
7F6C7
00000
7F69B
7F9A5
7F256
7FD03
7FED7
7F88B
00EA2
7F85A
7FCCC
7F9AE
7FDC4
00AF4
00C20
7F9DD
00C4A
7FC00
00187
00105
7FA45
00A0D
7FF96
00718
0063F
00825
000F1
7F103
7F504
0195E
005E1
7F018
00599
7FC01
7FFAB
7FAB3
00098
00156
7F85C
000FC
7FD20
003A8
7F9C5
00B2C
7FF09
00108
0038F
7EF1C
7FD52
7F802
7FE27
00050
00A8D
7FF9A
002B4
00BA8
7F1EA
7EBDD
7FBEA
7F47F
7FFD1
7F2A2
00798
7FAAB
0037D
00400
0054A
7F59E
7F77B
7FEFD
00ADA
00697
00155
006E1
00532
00252
7F425
0068D
7FA2E
7FDFD
00223
00539
7FC87
7F52E
00ED8
008D5
7FF90
00514
00452
7F6CD
7F965
7F815
7FAF0
00597
0021C
7FF98
7F9E0
7FFFF
002AF
7FD49
7FB3D
7FCCD
00726
7FE93
005E5
7FDD4
0078D
00532
7F721
7FCDF
7FD6C
7F57F
00293
7FBAB
00613
7E8BD
7FC0C
7EBF0
7FFBD
7FE0E
006C7
7EE76
00065
003CE
005FB
7F7A0
00491
00DB8
00291
7F400
0017F
7EEC3
0027E
000E1
7FAFF
00143
7F336
7F312
0001E
7F86E
7F63E
7F8F6
00328
7F797
00E04
7FBC2
00B2B
7F631
00443
7FAB5
0024E
000EA
004F5
00477
7FF27
7F54F
7FBDE
7FD54
00111
001B6
7FDD7
001FF
7F415
00433
0035C
7FD30
0027C
007D6
00A5C
0055A
00CFF
7FD3A
006F9
00666
002C3
00740
7FA62
7F072
7FDF9
7F994
000FB
7FE2C
00060
7FC14
7F5B4
7FFAD
005AE
004E7
00DCD
0062E
7FC6A
7F7DB
7F353
7F600
00A86
7FE31
00593
7FEA2
00CAB
00D09
003C9
009CC
00275
00113
003F1
7FDFD
7F801
00B3D
7FF56
7F7DA
7FFF5
00605
7FCF7
7FF9F
01271
00859
7FB0E
000F4
007CE
7FC7C
7F7D9
7FCB1
001AF
7F935
7FFEA
0016A
7FA24
7FD4F
00BF8
00AFD
7FFC8
00341
00A27
7FC26
0015F
7FEE8
00435
0060E
00511
7F4CA
00CDA
7F84C
7FE3A
00108
7FD92
7F98B
000C1
0092D
7FECF
00CE0
7FA1E
7F7B0
00333
004DA
001B7
0090A
005EB
7FC00
7F677
7F7BB
7FEC1
001A4
0052C
00804
00232
7FD12
7F4F0
0043F
7F0B7
0081F
010A0
00429
7FDB4
005FF
00C18
0012F
00A53
7F0B2
7F311
0031C
7FFF2
00369
7F626
7F914
0034B
007B5
0009D
7F880
00CEF
7FC01
7FAF5
7FFA3
7FA92
7FED8
7F240
7F676
0055B
7EEF0
000F1
7FCAD
7F399
7FD0C
001F9
7FF89
7FC59
7F200
7F561
7F775
000AD
7FED5
00798
7FE6C
002F3
00095
00A74
7F601
01411
0031F
01154
003CF
7EE92
00A00
7FD14
003CD
7F719
7F6B4
0012D
00E6B
00127
0027C
7F345
7FA1B
0058F
7FDB1
7F705
7FD77
0095A
0024A
00479
00CD9
7F36D
7FAAB
00657
0046D
7FAEA
7F9E0
004E6
00AC0
7F259
00FE3
7FD97
7EDFF
7FB60
7F61A
00358
7FF59
7F7C6
7FFD1
7F4FA
7F34D
7FB33
009DC
7F8BB
00728
0072F
00370
00305
7F632
7FAA8
000F4
00524
7F9B8
7F650
7FBFF
003BF
7F03F
7FC17
7FB12
005AE
7F29C
7FD47
7FBB8
7F7DD
003AA
00853
00A00
00973
7F073
7F68F
000AE
00194
004B8
7F94E
7F9B2
7FDF6
7F7CF
7F6D1
7F7D3
7FD86
004D3
00D50
7F785
00546
0013B
005FD
7FFA4
002BB
001D2
002E2
7F787
0171A
00BF8
7FB07
7FEAF
003A1
0100C
7FB67
001FF
009D7
7F5FD
007D8
007AA
7FE0E
7FDCC
7F77B
00072
7FE85
0095F
7FE1F
007DE
003AD
007BB
00821
00B50
7F765
00517
7FB25
7F9F5
7FEB8
7FFA0
7FB9F
7FA55
7FE08
7FE17
00BD5
010E3
7FC20
7EEA9
7EF4C
7FE00
00572
006DA
0093B
7FC3B
00133
7F5CE
005C8
00081
7F51E
006BE
00A61
0024B
7F81E
003E8
7FB37
004C7
7F474
7F781
7FE1B
003B3
001A0
7F695
7FD15
0027C
7FEB2
011BA
7F546
008D8
00C7E
005BA
00899
0087D
7EE7B
7FEE9
7F682
00C85
7F636
7FD51
7F42B
7F528
00177
7FAC6
7F907
007CD
7FA24
7F364
7FCBC
7FE49
7FAFC
7F9CA
7F4AA
7FFB8
005CE
7F6D4
7FFDB
7FAF9
7F961
007D6
7F5F1
7F5DD
7F025
7F7F0
00962
00C00
00599
0073C
01292
7FDD7
001DF
7ECA0
009AE
001A8
7FEA2
00355
7FAA6
7FDEE
7F940
00393
00089
00002
0068B
7F7D7
00B14
00538
7EE6C
007BE
00640
00DA5
00DEF
0084A
00DEA
005CA
7FABA
7FD5A
009E4
7FC01
7FF22
00063
003E3
0022A
7F3E6
7FEB6
7F58B
7F657
01132
003D1
7F39D
7FFBA
00A45
00085
7F106
00000
7F82D
7FAE3
005F3
7FAC7
7FF21
00744
0039B
00257
000B6
7F634
007A2
7EC90
7FC82
00434
0102A
7FA00
7F58C
007F0
7F5F3
0053F
7F4B9
7FB8C
007EC
0055B
7F3EC
00652
7FFFF
009C9
7F5CE
00724
0024B
015FB
013F8
7F583
7FBC1
00829
0027A
005E9
7FD45
00300
7F0C2
7EC48
002DA
00682
7FB3E
0069E
00E29
7FD2D
7FF5D
7F785
00490
00407
0003E
007B5
7FB3D
7FFAC
00429
7FD26
7FF07
01189
7FA64
0099A
00058
7FBDB
00104
7F32E
7F902
7FCF4
0091C
7FDA4
7FE13
00625
7F147
00A64
0053B
7FFA3
0046D
00782
008FC
7FE00
7FD61
0023A
008A4
00097
006A1
7FB2A
008A2
001B8
7FAB0
7F653
01692
00466
7FD80
0044D
7EFA5
0087C
00331
009E1
00448
00D58
000D2
0011C
0003A
001B7
00109
7FC98
7F482
00A60
0040E
7EF3A
0019E
7FE01
000C2
000EB
00263
00732
00E82
005F4
7FB35
7F479
7FEF2
005F7
00501
000E0
7FEBF
7FE1D
7F9EA
00000
00F93
00165
00601
0031D
007C5
00454
7FBA3
00B87
7FD72
0031A
00676
7F910
7FE54
0013A
0037C
00000
7F615
7F98A
000CC
00742
7F4AE
0050A
7FE05
0027B
010CB
00A48
0095E
004F9
7FD23
00EAF
7FB07
00517
7FDD6
7F7F3
000A8
7FE6A
7FB36
004F9
7FFD6
00851
7F0FC
7EF8C
012ED
7F849
001B8
7FD44
00898
7FE97
00A51
00BA7
7F386
7FEC7
7F3F1
0060D
0003A
00072
7F254
00A96
006E0
7F6BE
00A97
00D16
002F4
7FD85
7FB3E
0064F
00039
7FF62
7FF84
7FB5C
00558
001F4
0034C
7F9B4
001C3
00068
7FB5D
7F1A0
00318
7FC00
7FD0C
00503
7FA93
001A0
7FAF4
008C0
7FD00
0063D
00A0D
009B8
7F9F7
00599
00096
7FA69
7F860
7FE00
006BD
00996
7FD0B
00F1D
00165
7FA48
7F318
7F01A
00EF7
7FB40
00661
7FD53
009E6
7FEFE
00973
007FE
7F42A
000D3
0074C
00CB6
7FEA5
7FC79
7F6CF
7FDC3
00410
00381
7FB54
00410
7FE8E
0036C
000BA
7F600
00B41
00094
7FA69
00A88
00302
0007E
00100
003E6
7FB06
00785
0064E
00105
7FDA2
0032C
7FA40
00A00
00825
00AB8
7FB24
002AC
7F822
00E2C
005D5
7FB01
7FD03
00D74
0043A
00BA1
00787
006AB
7FB37
003B1
7FE28
001FB
0047C
7FE70
004E6
00041
00054
7E887
7FB40
001EC
0048F
00687
7F732
7FCE8
0019E
002D3
7FA67
7FAF7
7FA08
00999
7FC5D
7F785
7FAC6
7F762
00DC6
7FC92
007FE
0068E
7F6F5
0029A
7FE64
7F983
00E24
000A5
0082B
00702
7FDCE
00F46
00158
000C6
7FB5E
008A4
00373
7FB70
009D1
7F876
007DA
7F800
7F486
7FC77
7FDB5
7FEDA
7FAE0
7FFC6
7FF3A
00453
7FD55
01078
7FC25
7FB49
7F9A8
00BF9
00526
005A8
01335
7FEB4
7FE21
7FC35
7FF37
7EBFE
007E2
0098E
0062D
7FAF8
0004B
00851
00AF0
003FE
00567
00000
7F7B2
7F9F7
7FBBE
0003A
7FFD9
0082D
00209
7F58D
7FDE6
005AF
7FADA
7F8F4
00352
000D0
01062
00B50
7F775
00D70
00193
005AC
00A1C
00B74
7F3D0
00848
7FFC4
7FC13
00950
001A7
00588
00302
00866
00200
7FB7D
7F455
7F7BC
01109
00178
006CD
006BE
7F0BD
001DD
7FF2B
7F33E
7FA83
7FBC6
7FD74
7F93D
7F004
7FCB1
007B1
7F3C2
00774
7FFB0
7F585
00426
008D9
7FD4E
7FC26
7F150
00733
7FFFE
7EEE7
7FA14
7FBC0
7FEF3
7EF0C
7FF79
00B1E
00162
00234
7F31B
00E93
006EE
002EC
009C6
7F5BA
00040
00012
0029E
000C4
001EB
00378
7F91E
002A1
00209
0079D
0011C
7FA43
7F85B
008BB
002CE
7F7E3
011AF
7FAE1
00683
00600
007ED
00126
0005E
7FC56
002E4
7F5D7
7F81B
005A7
7FAF4
7F79E
7F959
7FE23
7F8CF
006DA
00A2E
005FF
00509
7F081
00CEB
7FD34
7FDC4
0097D
00D9E
7FA59
7F86C
7F705
7F85A
007B8
7F95F
7FF31
7F911
7F602
7FFA3
7FB43
7F6BA
7FE7E
01046
7FE30
7FF0D
7FA58
7FFF1
7F89A
00540
7FF08
0021A
0012B
7F496
00DFE
002A7
7FE67
0106D
7F7FA
7FD61
0027E
7FBB3
005A8
7F223
7ED7A
7FFED
7FB1C
008B5
7F8CA
7FC64
7FC00
7FC85
0042D
00182
00357
7F7AA
7F9C1
007B0
00A57
003E1
003DD
7FB36
7FC65
7F000
7F296
7FFE7
7F9D2
00F91
006ED
7FB40
7FF2C
01054
7F6E5
7FEC8
00EDD
00216
0066E
7FF08
7FE5F
7FC84
00279
7F6B8
7FE96
7FD57
7ED62
7FC77
7FF82
7F3C6
7FC82
7FD4D
000FF
000E2
7F656
7FF3C
7F930
7FFA4
7F0C0
7F6C4
7FAA4
7FFC3
00D2A
005A6
7F373
7FDB1
00BDF
00DB0
7F5E7
0069F
001F7
7F9F6
7FC5B
7FD51
7FD95
7FEA1
7FA00
7FEB5
00324
006F8
00D66
7F916
004E3
7F363
005FD
7F92E
0008A
7FF3B
7FA0D
7F6E7
00C4C
005EE
7FBC3
7FE91
7F93D
7FCEF
00664
00318
0006D
7F97C
00671
0136C
00077
00662
00166
0154F
7F9D7
00067
00400
7F917
7F033
7FFB6
7F622
7FA8E
7EF4E
005FF
00402
0003F
008A0
7FFC2
7F6AA
0044E
0009F
7FBA4
7FE96
7F997
7F92F
00E5F
00326
7FEE1
7F522
00D41
7F5AE
7FD4B
0024C
00513
008AE
7FC0B
00BE0
00054
00800
7FD0F
00651
7F279
7FF78
7F9E8
7F50A
7F76B
00155
7F895
01118
0078B
7FFF5
7F760
00CA7
003DD
7F9E1
00439
0069B
00B9C
7FE1F
003D1
7FE14
0060D
7FC35
7FE52
7F7BE
7FC15
7FEF3
7F386
0092C
00487
7FD2C
00566
7FC00
00164
7F732
7F6E5
00856
001EE
000FA
7F8E6
0056E
7FFA0
7F86C
7F440
7F9EC
7FC0B
00454
0033C
7FF70
00791
7F9FE
00710
00A60
00365
7FED8
0008A
7F4C7
7F725
7F669
0078B
7EDC8
7FF31
7FA00
7F77B
00520
7FD46
7FAFC
00266
7F53B
003D9
7FAD5
7F096
00204
00422
7F65A
7FE57
00C24
0070F
00600
7EFCB
00271
00118
7FCBD
7FEBA
00D6A
00163
007FF
7FC73
7FA75
0026E
001A8
7F776
7FAB1
7FF13
00600
7F7E2
7F620
00516
7F9B6
00999
7F809
7ECDA
7F52C
002E9
01041
7FE50
7F659
7FBD7
001BE
7FCC7
009FE
006DD
7F702
7FDDF
00E94
7F561
00553
7FDD0
007FF
7FEBC
7FE94
0051A
001A8
7F992
7F76E
001DF
00A00
00F71
7F663
7F585
7FE50
7FE38
001D6
7FBE7
7F931
7EF4B
7F8D2
7F45D
7FA7F
0055C
7FD75
7FDCD
00001
000D1
00659
7F32C
7FEFF
7F589
7FBC6
7F345
7FC53
7F914
00364
7FDC3
00B7B
00E2A
7FBEE
7F3BD
00B50
7F4E0
000CC
0145C
7FC30
0040F
00422
7FC18
7FF90
00E5C
7FC2E
7FB70
009C2
00768
00B9E
7F96B
7F940
00420
7F75E
00271
7F8A6
7FE5A
00C66
00C29
7F678
007F8
002C3
006DB
7FD01
000DB
01198
7F20B
00000
7EFCD
008FC
7FD3C
00308
7F1F6
00815
7FE5D
00165
7FD56
01356
7FC8A
7FECA
00919
7E834
7F497
7F8EE
0000F
00B93
7FC94
7FE19
7F5A8
00318
7F77B
00051
0013B
7FEDD
00062
7F5C6
7FE5E
7FD9D
003C1
7FE00
7F360
7F178
7F90A
7FC84
00203
00943
003BC
7F8EE
00B69
7FF6F
7FD8C
7FA99
00929
00434
7FCB7
7F8EE
00D0F
002D8
7FD3B
007F0
7FE8D
0006B
7F4CA
00475
7EEEE
7EFD2
7FCC2
7FBEE
7FF68
000D6
7FDA1
00600
7FC8B
0054D
7FF63
7F7D9
7FCFA
7FD73
7F9D7
005F2
7F28D
004F8
00283
7FB46
009D2
7FA11
7FEF6
0056A
01055
7FBF3
7FEE6
7F4F5
7FC96
007AA
7FF77
004E2
004BA
7FB1F
7FE95
00174
7FDB7
007FC
7ED87
00000
00252
7FB3E
00469
00694
00986
7F38F
7FDCB
7FBA4
004F6
0076C
7F91E
7FDB2
005D6
7FBB8
7F3A1
7FE06
7FCCF
7F300
7FF2C
7F884
0103D
0093C
7F743
00538
006C4
7ECDE
7FA40
7F1ED
002E5
7FCD1
00932
00000
7F427
7FE9E
7F7EF
7FBE1
003BF
0008C
0069D
7F8B2
7F630
00CD5
7F7FC
001EC
7F660
7FE60
005C5
7F801
00576
00C6D
00CCA
7F6E5
7FFFA
7F77A
7FA02
7FD2B
7FE11
7E8F3
7FE82
00D78
00109
003FD
00583
7FC00
7F659
00D30
0052E
7FEF3
7F609
005FB
00A08
00F4F
7FADF
0079B
7FD4B
7FD98
0040F
00055
0003C
003FF
7F1AD
7F8BA
7F22C
7FE49
7FA2B
007AA
003B7
002D4
7F8A1
7F1A6
7F985
00305
0073D
7F7A8
7FCBA
7FE00
7FCCB
000EF
00455
7FB75
7FA3C
7F92B
0050B
002A2
003B5
00020
7FA67
003CC
7FE24
005BD
00078
003F4
004D7
0050F
00930
7F855
0062A
00058
003A1
7FDA8
7F878
006EB
7FA1F
7FC82
000EF
7FDF6
00813
7F1DC
00826
7F6CA
001FB
7FD30
0030A
00A77
00143
7FBAA
00CBC
7F7F4
0085C
7FAF2
005B4
002AE
010BF
7FE78
7FD9D
7FE9C
00212
0069E
7F727
7FF96
00033
7F720
7F728
002F6
7EF28
7FB1B
01091
00D27
0071A
7F200
7FF0B
7FEAE
7FDC5
7FAF1
0041B
7F842
00715
7F392
008AA
7FC73
00AC6
7FB8E
7FC8E
7FDA6
008F5
7FA59
7FC22
7FDA5
003C8
7F2C9
7FF0E
7FBE4
7F7EA
00FDB
009D9
00707
7FC6E
7EAD2
7F495
01399
00363
00600
00C97
00A60
00C16
7F6D1
7FD7B
7F2BB
7FDFE
7F1AB
7F967
00021
7FA6B
00128
00A7B
7F039
7FF24
0087B
009B3
003E2
006F6
001C9
7F8B1
7F870
7FFEB
008BC
00543
00002
7F5F7
00BBF
00D7D
0034C
00906
00200
00256
00129
7F57D
00A63
7F38D
008A5
006F1
008BA
7FC4E
7FE18
002F6
00714
00467
7F556
00372
005DC
7FBFB
7FF32
00510
00AB1
00239
7F77D
7EFD7
7F6FA
7F2CC
00712
0009E
7F268
7FD1E
7FEC5
7FBC3
7F1DC
00396
00C2A
7F9DA
00C68
7F8A0
00810
7FBC2
7FAD7
7F926
7F3A4
0037D
7F53D
7FA90
00575
7F3AD
00A74
0126A
00364
7F7E5
00669
7FA0A
001F2
00774
0024D
00589
00864
000F4
7FF8E
00D3E
00561
0001B
00C00
7F867
7FD79
7F979
7FE60
00128
01F47
7FA8D
0003E
7FB5E
00AEF
0139E
00543
00961
7FCFF
0014C
7F601
0071E
0103D
7FBDA
00085
00706
7FB3D
7F06D
7FFC2
004B7
7F919
0094E
0015A
00A3C
7FCCF
0018D
00000
003D7
7FA47
0038B
7FE1B
7FC60
00184
7F33A
7F7C4
7FFBE
7F6D5
002CA
00190
00367
004F2
00341
7EE02
0065D
7FDAE
00599
7EAFF
00609
004EE
00534
0083D
7FB20
7FF7C
013C1
7FFD3
7F9B2
00047
0048F
00000
006C6
00969
7FBB3
7FCA1
0065F
006D9
003E9
00D12
7F436
7F9CC
7FBAA
7FDE8
00417
00090
7FBD8
01710
005CD
7FD58
00950
7FA97
7FBF7
7F78D
007DB
7FD86
00C86
7F9DC
003F8
00716
7FAA8
7FDA5
00797
005A8
00770
7FC5A
7FCEA
01200
0061A
00640
7F886
00955
7FDAC
00534
007EF
7FF43
7F472
002A9
0051F
0022A
0034A
7F1B2
7FB4B
7F985
7F9D2
006C4
00872
00505
7F4C3
7EAA0
00A5A
7FD7C
0042A
7FBD9
7F48D
7F200
00575
00285
7FEBF
7F6E4
7F778
7F53F
00701
7EBFE
00372
00DBD
0069A
00BA1
00951
7F767
0013A
005A7
7FC4A
007E1
7FFF2
7FF2F
7FAD2
7FCF9
7FAB9
006C2
0126B
7FF01
7F91C
003EC
7F716
7FF8B
007C1
00200
7F4AB
7FFCD
7F921
00269
00832
00ABC
7F4AA
003F4
7FA9C
00603
7F382
00CC0
00093
7F66C
7FDE7
002D4
7FC43
7EF40
7F3CF
0075F
001EB
00000
00442
7FA25
00704
005B8
00411
7FB43
0029A
00897
7F701
7FC00
7F62C
00A7D
00ECA
00359
7FABC
00CA2
7FE5B
7FBB6
00898
7F9FF
001AE
006B2
004F7
7FD8B
00283
7FBFF
01224
7FC50
0072E
00195
7F80B
7FF4D
001E9
00DF0
004E6
7F70E
00027
00FE5
7FA8E
00237
7F858
7F8EF
7F93C
7F81F
00640
00855
0092C
0068D
7FD3B
00FB5
00494
7EB97
7F9AB
7FBE8
0042C
7FBDC
007A3
003D4
00C62
00776
00494
00132
0027E
7F5AF
00876
00B03
004C8
7FAA6
7FBB4
7F16D
7FDD1
00428
7FF37
00400
7EC80
7F548
7FF33
7F9CC
00955
0022C
7FDBF
7FC01
000E0
00476
7FD3C
009C4
00169
00BAA
00480
7FC00
0041D
00406
00C3F
7F771
7F565
00225
7FC99
00AD3
002CB
7FEF8
0074B
7FC10
0040D
00BF8
7F8CD
007FF
007D2
000B5
7F527
00EB1
004CD
7FDFB
7F7CD
7FC00
00525
00055
7FC7E
006B5
008B1
00DBB
0008A
7FFFF
00DD6
7F507
0001D
00016
001E0
7FCBD
7F8D1
0052A
00C3A
00D37
7F994
00374
7F124
7FB96
7FBE4
7F200
7FCF6
003CF
000C4
7FB3B
7FFB2
011D6
0126B
00126
7F808
7FC55
7F83C
7F586
009B7
000C3
7FD31
7FAF7
0064A
7F558
000E8
7FE49
7F1A5
7FEF3
005AB
7FC58
00412
7FCCE
7F729
0003F
7F8C8
7FB63
005FA
00001
7FB18
0000F
7FB3E
00A39
006FA
7FF21
00359
003CB
7F502
7FF3F
004C9
00896
7FB92
7FBA8
7FD33
001FC
7EE7C
7F97E
7FFBE
7F8DC
0092A
7EC79
009BC
7F329
7FC56
7F09A
7F70A
7FE4B
00C55
0095A
7FC8B
00800
7F44A
0170C
008AB
000A8
7F505
00404
7F95F
7FB17
7FB98
7F8CE
006A6
00260
00375
7FB84
00EF4
00712
00241
0078A
00057
0066D
7FAB3
7FB7F
000C7
7F651
7FCA5
00D14
001B1
00874
7F685
0072A
00DC9
7FE01
0003A
7FB65
7F3FF
7F7D1
7F6FD
0032F
7F5A3
7F960
7F831
00279
00182
7F851
7F6B5
00DED
7FC14
00711
7F5E4
002A1
00E9D
00BCC
7FF38
7FE77
00949
0027A
7FDBC
7FE5D
7F632
003F8
00A2A
00E9C
0013E
00200
0096F
7FE99
00264
7FA6A
00B05
0024F
7F6E3
0048E
01CCE
0079B
7FB7C
007A7
7FF03
00837
002EF
7F9B4
007C9
00C0C
7F34E
7FF99
7F561
00576
00019
7FA16
0087F
7F8D1
00A19
01582
00620
00A5F
7F8A6
010F8
7F399
001AD
00580
7FDFC
0032D
7F4CA
7FFC5
7F95E
00727
7FBDA
7FD91
00821
005BA
00046
7F823
7FBDC
7FB10
003EB
7FDF7
001D3
0060C
7F790
7FFD2
00333
7EF7C
7F9CC
00CFF
007D1
00699
7FD48
7F31F
7FC00
00A69
0057B
7FACC
7FD17
0082A
7FDC6
7EE6D
00E3D
7F906
0082D
003EE
00277
7F7A2
004A3
00398
7FE00
7F927
009C5
7F473
7FB60
7F6F6
001FD
7F692
006BA
00618
7F33F
00152
7FDB0
7FE59
7F793
0048B
00001
7FA60
7FEE4
7F8B8
006E6
00094
7FF27
00DA7
005C1
7F19F
00400
00500
7F98B
7FE75
002BF
0002B
7FDFF
7FA11
7FD28
00144
0089E
7F84D
00112
7FF3A
7ED49
00743
7F544
7FC85
7FE52
00390
0010B
7F5D3
00400
000F9
003C7
7F63C
7FA48
7F96D
7FDAF
005F7
7FCCA
0082C
00AF3
7F1BA
7F6E1
000D7
7F447
00AF5
00116
000C7
0023C
00D34
00CC5
7F833
7F176
7F84B
7FE42
7EF37
00C4D
7F663
0003C
7F616
006A3
7F77A
0087C
00425
0008B
7E7AA
7FFB6
7FBA3
7FB96
00803
003B4
7FB6F
0028E
7FE01
00671
7F7E0
00830
00379
00AE6
7FF8A
7EC45
7FECF
7F6FF
00550
7FD52
002D2
00059
7FFD8
00564
00697
0047F
7F503
01524
00A4B
00000
7F42F
7FF89
7FFE0
7FCA3
7F6A0
002DC
7F569
7F84B
00288
7FEF1
7F8F0
7F85D
0004C
7F627
00040
7FE96
7FAC9
003B3
7FA93
00086
7F99E
7F6D3
7FF06
7FD12
00B4E
00057
00F3E
0016E
00725
7F567
0046D
009FF
7F4A6
00960
00992
7FC58
7FB30
00431
7F8A5
00785
7FD1F
7FFFC
7F6EA
00367
00861
00997
7F111
7F347
006F5
7FC14
00E76
006DC
00B13
00A6C
001B6
7FC9F
7F521
7FAF4
7FF95
0000A
7F520
7FD3D
00353
01600
000CE
00A6D
7E6DB
011A5
7FBC0
7FC44
7FD1A
00008
7F582
00622
009C4
001F9
7FFF1
00B09
7FC87
007F7
00408
7F519
7F7C0
7FD7E
7FA32
006AC
7FFCE
7F606
7FCC2
7F852
7FF0F
7FDF2
7F80F
00D3C
0017F
0016A
0003E
7FE69
00994
005CE
7FF76
003E9
001D4
7F9FE
7F713
00DFF
001B0
7F6F2
00021
00163
0028C
7FFE1
0092E
013AA
00B75
7FBFD
00008
7FDCD
7F643
005E4
7FA64
00494
009DC
00104
7F34D
001EF
00E88
00800
7FDBF
0031A
003D1
00515
7FD5A
008F6
7F664
7F25A
00026
0024A
00AB8
00836
000F6
7FAE7
7FAB7
00800
7F6DB
7F385
7F51D
00162
7F8FF
00A9F
004E5
7F659
00100
00C0F
7F710
00640
00E83
00CC6
7F624
7F801
00120
00176
7FC22
002EA
7F6B2
00254
003B8
7FDA9
01187
7FD7A
7FDF3
00D6F
7F7B1
00125
0124C
00000
0026D
00243
00D89
0069D
00195
7F46D
002BF
001A8
0007E
7F9D4
008FD
00415
7FEE6
00CD3
7EFCF
00000
7FB10
7FC15
00CB9
0085B
009C8
010AE
0007E
7FB22
7FE16
00376
7FF7E
7FBE7
7F9C9
00333
7FEB1
0030F
7FC12
7FE85
00530
00350
7F60A
01382
7FB86
7F782
00CAC
7F676
002E5
004E6
7FF89
7F938
00CBD
7FD2C
7FBB2
7F735
00006
7FE10
7F74C
7F961
7FFEA
0142A
7F353
7FFAD
7FD68
0038E
7FFBD
003D5
00EDA
7F89D
7FA7E
003B4
7F64D
00C27
00CB2
00E0F
7FC3D
7FFF4
00384
7F4FE
7F7EC
0040A
7FD1F
0021D
00790
00600
7F427
7FB5C
009B3
00327
0050E
7FD40
00380
0024C
00356
7F962
7FE2A
7FF7A
00544
01151
00411
0016A
00347
7FFE1
7F98B
003FC
7FF31
7FB4B
7F233
00857
7F41E
7EA79
00418
0035C
7FA21
001FA
7F94C
7F801
7FCF8
003C4
006C0
7F418
004B0
0020A
0139E
0058B
7F23B
00DE6
7FD35
006DD
7FA55
00597
000E2
0043E
7F77F
00857
7F889
7FF8F
7FCF5
00553
7F7DD
01070
00556
00A46
003B7
7FC59
7F956
7F7D9
7F839
00200
00169
7F978
00924
0018E
00891
7FCF2
7EF31
7FF30
00149
007B5
7FFF0
7F05F
7F70D
7F6E5
00446
00B15
7FB54
7F99E
7F720
00911
7FC36
7F992
00037
7F5A1
7F4A3
7F781
0025B
001D0
7FEC0
0028C
00441
7F1DD
00C16
000BE
7F6F3
007D6
00455
003F8
00CE5
7FD97
7FB39
00134
7F7E8
7F917
7FDC0
7F24C
00478
7F363
7EC44
7FECF
7F8BD
00B00
0040E
7F98C
7F294
00BFF
7FD9E
7F98D
7F3D0
00D41
004D3
00038
7FA9A
7FC00
00364
7F98A
7F95D
7FF37
7FCF2
7FC6B
7FFF2
00569
7FC89
7F969
004CA
00A27
7FA90
005C1
7FED6
7FA02
00081
0048D
00D4B
00627
7FED2
002D5
004F4
00312
006A8
002D9
7F436
00336
7FF36
7FB42
7F100
7F402
00152
7EBF7
000EE
7FCCA
7F99C
7F426
7FEE6
00296
7FE9F
7FAED
7FB1F
7F9D9
7F4E3
7FC2C
0068D
7F601
0139D
00049
7FB7D
7F5D8
00B06
006F3
7F4CD
7F4EF
7FBFC
7FE79
008D4
000C9
7FA52
00877
01100
00E00
7FF53
0027C
0039E
7FFA2
7F5F3
7FB0C
7FDB9
0036A
7F255
7F417
00BF8
7ECF3
7F691
0025F
7FC86
7FD11
002D2
7FFA8
00F3E
7F1D7
00362
7FEAE
7FAEF
7FA03
007BF
00771
7F825
004F0
7FC16
7F8A0
0044B
0043D
00238
007B4
003A9
0000C
7F649
00600
7FFC7
7FAAB
005EB
7F36A
00D80
7FD3B
7FFE6
7FEA0
7FBB6
7F53D
00138
00281
7FA1F
7F952
00290
0015E
004E4
7FCB9
0004C
7F963
0037E
7FDB7
00237
00244
007A4
7F600
7F96C
7F61A
00711
7F901
7FC12
7FD9F
7FFBC
0067D
009E1
00847
7FC86
7F8FF
0065A
7FB97
002E6
005A8
004CD
00379
004FF
00995
0047A
7FD5B
7FB6A
006C2
7FAAA
00311
00506
00A3E
7EEEC
00356
003CC
7F600
00000
7FD9F
7F87E
7FB08
7F3F6
7FCD2
7F60A
7F054
0076D
010F1
00DF5
7F2F9
003C3
7FD18
7FF11
0087B
7F827
0068F
00A5B
7F5B2
0014C
7FE63
00C2B
7FA25
7FE56
7FB87
001DE
0037B
7F894
0059D
0011A
00A00
7F31D
7F9A9
7F3CF
7F247
7FF66
7FD65
7FDC4
0041E
0052C
7FFBE
7FE9D
001B0
00417
7F9BE
7FE56
7FE06
7FF76
7F801
00078
00749
7FF68
009BC
7FF18
7FE02
00A72
0036D
0065A
7F00D
7FBBC
0080A
7FCEE
7F4B1
7F84C
7F282
7FC7D
7F018
7F9D1
00304
7FA89
7F835
0059F
7F83F
7FC10
008F7
7E72E
00606
004DF
0033D
7FC39
7FEF0
00A5F
7F9A5
7EDC8
7FD6A
7FED3
7FFDE
00101
7FCF4
7F851
7F867
7F8E4
00541
01466
00600
7F7C6
00A38
7F348
0021B
003DC
0140A
7FA33
0083D
00275
00186
008B4
007E5
00B28
00082
008B5
00800
00553
7F52A
7FE7D
0051F
7F9A5
0006B
7FEFB
7FCEF
7FFC6
7F3D5
00AEE
00C44
7FAC3
00399
7FA66
00DFE
001B4
00FB2
0065C
7F311
7FDE2
7FF77
7EEEC
7FFC1
003AF
00A64
0049D
002EE
00723
00896
7F5F4
7F401
7FB15
7FC3A
00469
7F5B5
7F5D9
0075F
00678
00B11
00039
7F4F3
001D8
7F8E6
001B7
7F7FD
001C0
7FE00
0029B
003F9
7F70D
7FA4D
00C7A
00205
00EA0
7F6FE
0056E
001F8
0064B
005F2
7F6FB
0041C
007D8
7F6F4
00E12
7FAE1
7F92E
00FC5
0020E
7F986
00346
0001C
7FA78
7F759
7F6D0
7FFB9
7F62C
7F426
0057E
00CB9
7F5E0
007EE
7F3DB
00194
002A9
7F620
7FB7B
7FFFB
0088F
7F5A1
006E2
7F973
7EC20
7FE7C
7F8DB
00D31
00091
00E6C
7FCCF
7F531
00AFA
7F898
7F2B9
7F284
000E1
0093C
0144B
7F86D
001B6
00825
00ABC
00A00
0088A
7FA12
00034
00355
00B38
00600
7FCE9
7FB8B
7FC4D
00790
7F624
7FDB9
00932
00524
7FC31
0016A
7F899
00250
003BD
0012B
7FDB9
00793
0050B
7FD43
7FA68
004DD
7F710
00706
0027D
7FE97
7ECD6
00400
0031C
00C2E
7FE7C
7FB03
7FBE8
7EF05
7F784
7FFAF
0061F
00028
7F541
0013C
7FFAF
00010
010B6
0043D
00625
7FDE6
0052D
005E1
7FC11
7FC23
7F9D8
00BD9
7FD7D
00C8D
009AC
006EA
7EF3B
7FD71
008B2
7FC00
0073D
7FAFD
002E3
7FA2B
000D8
0050A
00A72
7FEBC
7FB09
004E0
00966
007D6
010A5
00DE5
7FCE8
7FBAD
00AD1
002D6
7F8BE
0054A
7F885
7F9B7
00FC5
7F201
7F9F1
7FD6E
00BE5
008F2
001E5
7F2A9
00938
7FA58
7F643
003E2
7F815
7FFC0
003B0
7F5C2
0099C
00D08
00D0F
7F6E1
00268
7F15C
7FA6A
7FAE4
7FEE8
0030F
7FCA4
00C85
00194
7FBB0
7F7B6
002E2
004B6
7F8BA
012C1
00855
7FCFE
00421
00AEB
7FBA3
7FF5E
7F600
000EB
7F7DD
7F644
00A31
7F8D4
7F72F
00D30
002B0
00958
7FA09
0101E
7F90B
7F7AC
00440
7F82F
7F601
7FDA5
7F495
7F885
00E16
7F66B
0003F
7FA1A
7F857
00290
7FD9F
00225
004CA
7FFF0
7FCE9
7F9C5
7EE00
7EDF7
7FC17
001F2
00B75
7E849
7F40C
7F7DE
0194F
7FEDB
002A2
7FE2C
7F5FE
7FE37
009CA
002EC
00DFF
006F0
009CF
00317
7FC40
7FBCB
7FB8C
7FC75
003A8
003B4
0035F
0070E
00C2C
7F4EE
7FE04
00435
01000
7F92B
00C83
00A41
00885
7EF8C
00104
7FA72
7FF9E
7F937
7FBE0
0080E
00830
0055B
7F4ED
0067C
7FB39
0007D
007AC
7F486
7FA84
7FFA3
7F515
0089B
7F529
00035
7FAEC
7FC2F
00A44
7EF69
0058D
00A4E
7EF08
7F297
7F8CE
00939
005EE
005F0
7FB24
7FE36
00370
00207
0043B
00F92
00172
7FEBA
7F27A
001A4
7F479
004E4
7F589
00AF2
7FADE
7FEBE
00962
7F5F4
7F714
00E09
006C3
007AE
00E87
7F0AB
7FB51
0016C
00000
7F7AD
009DB
0045C
7F77F
7FEB0
7FA4B
003F0
0093A
7FE30
7FAD7
00292
7FA2B
00930
7FDBE
00439
00F8D
7F809
00801
0010B
00270
00689
7F2C9
7FF82
7F383
7FB5E
00023
000B3
00FC8
7FD6A
001AD
7F555
00A00
00BC3
0031D
00978
001F1
0052B
7F82E
00168
7FC2D
000E7
7FFBA
7FFEA
7FCCC
7F609
7F7FC
00E80
00F8D
7EA84
7FF0F
00203
7ED86
7F3D9
006AC
7F885
7F456
7FF02
00311
7FEA6
7F7DC
7F724
7FC2C
00851
00200
002FE
000AA
0089B
004CF
006DC
004AE
7FCAF
0013C
7EE86
7FFF8
001CB
00021
00103
7EA6C
7FB1C
7F787
0077D
7FFA1
00096
7FD5C
7FBBD
00DBA
7FDC3
7FC41
7FA90
0130C
7FB16
0099E
00992
0028A
7E9EF
00001
7F3E7
00703
7FA0C
7FA36
7F5B4
00D28
00371
00EAF
00521
7F288
7F90C
0006A
7F929
7F6CA
0014E
00AA3
005DF
7FBD8
7FD73
00172
009A2
006D8
00380
009A7
7FDDF
7FF69
7FF44
7FEF7
00274
7F6F2
7FE6A
00400
7F6DD
7FEA3
00D80
0039B
00382
00686
00921
7F52B
7F92B
00415
7F212
00426
00D7A
7F4D3
7F9F9
7F002
00FBE
007E6
7FD6C
7F509
7FC3D
7F811
7F3BF
7FB83
7FEC4
7FA23
7F8D9
7FB39
7F575
7FE6A
7F7E9
7F401
00282
7F725
002E0
7FA0E
0094C
00C68
00D64
7FAD5
00205
001CE
000DC
7FBDC
0061B
7FE5E
7FC29
7F001
0009F
7FCA9
00A59
7FD51
0018E
005F7
7FBB8
00C7B
000FF
005A2
7F764
004C7
007AB
7FD6E
7F0AC
00000
003C2
7F6BA
005F5
7FF79
001DA
7F31C
0038B
012AE
00946
00EB0
013D1
00AF3
002DB
7F5F0
001FA
00DD3
0009B
003E3
00048
7F1F4
0058F
00322
004EB
006CB
7FFF0
006F0
00B02
7F242
7F624
00710
7FC77
7FBC3
00987
00481
7FB12
7FFFA
7F97E
7ED72
7F65D
001CB
002EB
7FBB6
00A70
0040A
002C5
01514
7FA30
7FB8B
7F91B
00E68
0070B
0091C
7FBF6
7FE4C
7FE00
7F8C3
00669
0053D
7FB78
7FF9F
00838
7FD1A
0064A
7F800
006AF
7F935
01220
00759
00140
003DC
7FAE9
00C5B
7EF69
7FC87
00592
005C6
00A28
0021D
002B1
00000
00B36
7F84A
004A6
001FB
007A3
7FFEF
7FA47
006C1
7FEFC
7FDF5
7FCC3
7F713
7EF05
007B4
002B5
007FF
7FD70
7F3A3
7F7D2
7FDB2
7F95A
7FCD6
7FD82
7E991
0002F
7F8D8
7FD6C
7FBBC
004B7
00120
7FAA5
7FA59
7F8CB
00203
7F881
005B9
7FBA6
000A9
00008
7FA23
7FC05
00C3C
002B4
7F127
00569
7FDAA
00DF4
00000
007BD
001C1
7EB75
7FC61
7FBC0
7FF42
7F47D
7F86C
7FF3F
00EC2
7FBE6
00639
7F775
00093
00156
00A21
00000
7FEE8
7F841
0014F
006B2
7F606
0084B
000DB
00B9E
00198
7FC71
7FA0C
7FE3F
00413
7FAFB
00714
7F7F9
7F6A9
7F58A
00201
00A53
7FED4
0012E
004A1
7F5BE
008A5
00A85
7F4A5
7FCF8
0059F
7F370
7E3D7
0008D
00200
7FE50
7FDD1
7FC8A
7FC4B
7F218
0017A
7FD52
7F928
7F66F
00351
0052A
7FA74
00166
7FE00
00A74
7FBD2
00369
00714
00A34
00028
7F820
7FC96
7F411
0042D
7FDD5
7FE22
7FA8B
00497
7FBC3
7FC02
001F6
7FD4E
7EBB7
7EEF2
7FE9E
7FAC0
7F2E8
7F76B
00746
7FD62
7FC22
005BB
00DD8
7FCD9
7FD4A
00200
004AE
7F53C
01477
7FF0E
7FB36
7F953
7F4BB
7FF6B
003B2
00001
00900
0070B
00CBF
7FCB5
003E3
7FBFF
008BA
7F0B2
7FE72
7FAEB
0053C
0061F
7FB19
7F497
7F720
7FF68
0019C
00518
7F199
00783
00198
7FA00
7F761
0040D
006C9
006C9
005FA
000EC
7FC99
7FB72
7FECF
00166
0006A
0091D
003C7
7FC19
00284
7FFB1
00A00
7FED2
00BF3
7FE0D
00ADE
7F950
7FDA9
7FAC9
7FB56
7F7E6
7FB2D
7FF3E
7FA39
00341
7F92D
7FE96
7FAD7
7FE17
008B4
7F48B
7EE69
7F91A
7F760
00AF3
7F7F8
7F0D5
0088F
7F029
7FC08
0031D
00EC0
7FFDF
00555
7FADC
00D0A
7F86D
0019C
00B25
0011A
7FB0A
7F60A
7FF36
7FD49
7FA39
7F95C
7F4DE
00772
00800
008A2
00624
7EF31
7FF72
7E5FE
7FDFA
006DE
00E24
7F561
00B23
7FFAF
005AC
7F93D
7F8A5
003CF
7F1DC
7FFEA
7FE34
0094D
0025A
7FDCE
7F382
00DB4
7FF5D
006A6
010C4
003F0
0003B
7FD3C
001DF
7FC5A
7EC02
01176
7F0E4
7F94B
7FD3A
7FF1E
000AF
004CB
002CD
7F65C
7FC75
7FD88
7FC37
009F1
00983
01331
7F783
7FA34
008FA
7FF5C
00193
00332
7FCC1
0023D
7F715
7FC40
7FFDE
7FDF8
7FEDA
003A9
7FF4B
7F8C8
7F800
7F1D9
7FBB9
7FC29
7F8E5
7F1F1
004E8
016E5
7F889
7FB6D
7F719
7F80C
005D6
7FB85
00B31
7F850
7FFD0
002A8
00E33
002B8
7F339
005A8
0074A
7FD3D
7F70F
006AC
7F522
7FB2A
003F6
7F1F1
7FC0E
7FD22
7F784
00170
007ED
7FFCF
00250
007F2
005A8
00E71
7F821
7F618
0017B
0066B
00650
0011D
006A2
00167
7F0C8
009DD
00196
002B6
7FE6F
7FA0F
007D0
7F604
0005D
00274
7FEDD
00389
0055D
008EA
0083A
0056B
01000
7F9DA
7FABF
7F7F8
7F15C
7EDEC
00F67
003B0
7F603
7F53D
7FF51
006B3
7F9F1
7FED7
7F967
00107
00001
7F4A2
7F922
00A07
7F394
00087
003C1
0057C
7FD83
7FB6E
7F75F
7FEB6
006FE
7FE0F
7F89A
7FCB1
7FC00
7FB00
00142
002C7
004FD
00741
01002
7FB1D
7F601
7FCA5
7FCB0
7FC02
00464
003C8
7F54E
7F484
7FC00
7F13B
002DF
00536
00E14
015B6
006C3
00081
00E7B
7F60D
004A0
7FFE9
002AA
7F5D7
7FEC1
7FDA9
00A00
00B85
00A23
001B1
0063B
0075F
7FF94
7FB5B
002D1
00F85
7F8A5
004C4
7FD0A
00463
7F593
00154
7F714
005B8
7FF19
7FC02
7FB59
7EE9C
00842
7FF71
00B93
00390
7F372
7FDB0
7FE3C
0093B
7EF98
7F88C
002D4
7F80C
004D5
00591
7FA6C
7F65A
00318
7F76D
7FD83
00312
7F991
004F3
7FEA2
0002B
7FFB8
7F9B3
000E6
7F3DF
7F5A8
00B2E
7FA77
7FFC5
7F8D0
7F486
00DAD
00978
7F8FB
7FF7D
003BB
7FC28
7F03E
7F73D
7FA00
00918
00221
00B72
00A58
000BC
00431
7F8EC
7FE57
00755
7FB71
7F339
00C07
001C9
00A25
00489
7F61B
7FB82
0004A
009EB
000FE
7FD79
7F747
0068E
0093B
7F142
7FBFD
00740
008F0
00251
7F3B0
013B9
00400
7F508
00908
7FE79
0057F
008AB
005D2
7F781
7F18B
7F2F1
7F728
004A8
7FD7A
7FA98
00230
7F61E
7FE96
7FC69
7FCAB
004EA
006C2
00856
7F96D
00BDD
003D3
0008B
7FAC4
001F9
7F906
7EAEF
00143
7FF3F
7F000
00F0D
005C6
7FF7D
00561
7F933
00A49
7F7BC
00739
002F5
00232
00534
000A8
7FA21
7F732
0058F
7F5AF
7FE0F
012FB
000B8
007F3
7F419
00448
00EF5
7F6DA
00165
0027A
7FDA4
7F903
00828
7FA59
0026D
00169
00DEB
008D1
007C7
7F55A
7F7BC
7F83C
000A4
7FD1B
7F84B
008B7
00157
0068F
00F52
007D5
00206
00AC4
7F704
008F9
00A9F
000F3
00293
003FB
7F81A
00594
7FB80
7FF76
7F65C
00042
7F6EB
00020
00509
00A00
7FFA3
7FC8D
7FE8F
7F814
006FD
0056F
7FDD3
00895
00185
002C8
00705
00065
7FA94
7FFCD
002E4
00400
006DC
7EFAB
7FA56
007C0
7EFE1
7FD8D
7F8BF
00369
7FDBA
006BB
7F176
7F8FE
005E8
00076
00863
005FF
7FFDD
003A6
7FDF3
00B70
7FA1D
00B4E
0002E
00B68
7FF16
7FC1C
0050D
00416
001D0
7FF23
0089E
003FF
7FF4A
004D4
7FAD8
00CB7
0095F
7FD06
7FA03
00096
00753
005AC
00579
7FA85
7F80B
7F54B
006A8
00400
00E95
0040E
00141
0006D
7F72B
7EF27
7FFCE
7FC17
7FFED
7FDB2
00398
7EC74
7FFD1
004F0
7FC85
7F84D
00BA1
7F8CF
7FC32
7FCDB
7FCA1
001AE
0044B
7FA88
010AB
7F7CA
7FDB6
00447
0092C
7FB51
7FC43
00713
004A1
7F96B
7F9D9
0045E
00AB0
7F83C
7FE32
7FBAB
7F7BF
003B7
001F9
7F557
7FAE0
7F81F
00496
0024C
0108C
00EAB
00C53
7FD3F
00781
7FDE5
0017A
00F1A
7F536
7FF30
00704
002D2
7FFF3
7F2B6
7F759
00400
7FDDF
7FCCF
00A43
00856
00609
7EDE9
7F90F
7F5FF
7F311
00050
7FC27
00073
002FE
7FAB5
00494
7FD2C
7F2C0
7F8DB
7F974
7FD7E
0073D
7F781
7FE69
00879
7F592
00719
00CE4
7FF98
000F0
00034
004FD
7F401
7FEE7
0019A
7FE8D
7F9AC
0060B
7F85E
00000
001FA
7FC50
7F206
7FC9F
7FF00
00C0A
7F9B9
7FF12
7F1DD
0050E
00B24
7FEE2
7F667
7F8AD
7F69E
7F909
005AC
00AE7
008D2
7F8B7
7F08F
0032B
0051B
7F356
7FE00
7EE96
00093
7FE30
00972
7FA6C
7FDDC
00730
7FEC4
7EEE3
00344
7FE44
0088A
015D4
7F5E0
010A5
00390
7F884
00430
7FC91
7F511
00344
7FF00
009EB
7F7D1
002D9
7F94E
000E2
7F2C8
7FB91
7F7CF
7F716
7FE97
0143D
0074A
7FD6F
7F4EF
00889
7FEC7
0050D
7FD9E
007C4
7FB48
7F54B
00332
7F9BA
7F939
0007A
7FCA0
7F885
7FD43
0063A
7EF2F
001A1
001D6
7FDB5
7FBCC
7F82C
7FF25
7FE03
006F0
7FEAB
7E88F
7F5BC
00A00
007F2
00020
7FB08
00A16
7FDBF
00701
0018D
013A6
7F551
7F29E
7FED4
7F7A5
7F90F
00851
7FA52
001FF
7F9ED
7FC02
00431
00775
00023
7FB3D
7FFFD
7FE01
006EB
0053A
7FE6B
00285
005D2
00611
00837
7FA01
7FA3C
7FCDF
7FD2E
7F840
7F739
7F0F2
00BE7
00857
0030B
7FD57
7FA0C
7FAB3
7F9F6
7FCAD
0017F
00200
7F52E
7FCA8
7F539
00632
7E90E
00728
00543
7FE01
7EF77
7F52D
00075
7FB21
00900
7FA9B
7FFE4
00400
7FAD8
005E5
004A6
0014C
011E0
7F5D2
7FF0E
0034E
0098F
7F468
0056E
7F804
00818
00C50
7EDA5
7FB18
002B2
7FFBC
7FE91
002EF
7FD94
0014A
000ED
7FDF1
00EAB
0007C
7F708
0012A
0046B
7FC29
00598
0043F
005B3
0033E
00FEF
7FB29
7FA03
0010B
00235
0044C
00B1E
0045A
003FB
7FD86
00DC6
7FE37
7E870
003D4
00545
0058F
0045C
7F695
01445
7F56E
7FBF3
7F966
7F30C
7F96F
7EDF1
7F6E4
7FCEB
0023D
7FAD8
00600
00340
00100
00972
7FCF0
00061
7FA41
7F539
004E8
008CD
00216
7F80E
7F6B9
00535
01003
00594
0043D
7FCBD
000B2
7F81D
00397
00399
7FA31
7FB5F
7E6A5
00199
7F52C
005DB
7F581
7F03A
000CF
7F373
00001
007D0
7F581
00140
7FAD8
7F8EB
7F4D8
7FB8B
0069F
006BB
008D7
7FE6A
01065
7FF5E
0053B
7FFE7
7F61C
006A8
004B6
7F759
004CE
7FDE0
7F298
7FF35
008F9
7F2F1
0016B
7F8FB
0094B
005BA
00801
7F750
7F200
00837
005CE
7FCFA
002F0
7F853
00A00
7F702
00D70
003EB
7F731
7F58A
00418
00ABD
00253
7FD60
00072
000F2
005FD
00563
005DD
00F38
00579
00325
00C86
00627
0006D
7F87E
7FB63
7FB1A
003D1
7F5DA
00E22
7FB91
00542
7FEFF
7FE76
0047F
00B3A
7FD1F
01B30
7F4A2
7F8F2
00413
7F38F
7EEDB
00B84
0000D
0029B
008CE
00753
7FE3E
7FF88
7FA24
7F8B1
00D16
7FDC3
7FCD7
7F449
00174
00901
00A8A
0003E
7F3B2
01C00
0092F
00507
7F86A
00846
7FC0B
7FF81
7F778
003E7
7F607
7FAFF
7F1F1
7F775
00014
00641
7FFEB
00600
001E9
7FD47
00147
7F170
7FAD8
7FCC5
7FE11
00513
7FBC1
01459
7F856
7F81A
7FD5F
7FC2E
00994
007FF
7FC31
7FC6A
7FC2C
7FB09
002C2
005B9
7FE1D
7F01B
005A9
0060A
00EEE
7FE35
7F659
7F796
7F6DB
7F601
00527
005F3
007CC
7FB41
7F295
7FE01
7FEB3
7F6F0
7F772
005EC
00476
7F23F
004AC
005FB
7F200
00000
7FD71
7FD70
00286
0020E
001C3
007CC
006BE
7F470
0053B
7F215
0062E
7ED76
0038F
01343
00522
0058C
006CE
7E6B3
7FD07
0061F
00ABE
7F60F
7F2A3
7FC46
007F5
00271
7F834
000E7
00892
7F46B
7F6F2
7F61A
7F821
00810
7F9F3
008C0
00CC3
00318
004B1
00E6E
7FB6E
003FA
0043B
7FE31
7F81D
7F342
001F3
7F427
00644
7F89B
7F418
7F4D0
7FED8
7F9D3
7F43A
00553
7F847
7F983
006A4
7F755
001C2
7EB32
7FC24
00200
7F5CD
00033
7FEFA
000D8
0034F
7FDCB
00200
00C29
010F7
003D3
7FEFB
7FBD1
0017C
7F905
00987
7F1DE
7EFAF
7FBDD
00167
7F750
00902
7FCFF
01083
7FF8D
7FA77
00AB5
00310
00C44
00401
0055A
7F6A0
7FA01
00445
00208
00B0A
7FBC1
004A0
0032D
7FC1F
7F8CB
001D7
0072A
7F4F8
00903
7F9D7
00698
7FA81
7F4B1
7FD2F
7FC9B
7EE8A
005CF
7F223
7F48B
0031D
0064E
00288
00340
7FF6A
7F9CB
7FF14
7FC95
7F412
7FE00
7FD4F
001C2
009A7
7F563
00E79
00BCA
00827
00701
004E8
00D36
01450
7F5BF
0043A
006A6
00CD4
7FD84
7F68F
7FE1A
7FFAA
00868
001B7
0006C
00552
7FEFA
00725
7F8BC
00CCC
7FAB1
7FDFF
007CB
0024F
7FE95
7EEE7
7FE63
7FAAC
7FF34
00290
0047C
7F4F8
008D1
00273
7FF94
7F58E
0025C
7FE81
7FF43
01457
002EE
7F987
011DB
0065C
0049E
7FD05
7F4FC
7F63E
00D86
7F7BE
7FF74
003A3
7F3D2
007A8
7FDD3
004D2
00400
7F614
7FF71
0075B
7FBF0
7F2D9
0001B
00C08
7FF2A
00011
7F4AC
7FDDE
00975
7FB5C
00D59
006FB
00002
006A8
7F881
7FDFF
7FA36
00B8D
7FD5D
001E2
7FCD5
00339
7F657
00225
01691
7F37F
0016F
00C73
00BFF
0060A
00725
004CD
0088D
7FB0C
7F924
7FDA9
004D2
005A1
7FE51
0097A
7FD5D
7EF5C
7F884
0066B
017FE
00436
7FC3E
00184
7F94F
005B3
00966
7F9F6
7F72E
006B7
7FB60
00AD7
7EA9B
00C07
7F8B7
00097
00800
7F7E1
7FE46
7F941
00749
7F8B7
00CE2
7F469
7FEFD
7FFBA
7F198
00182
01437
7F7EA
7FDCC
00388
00360
7FE97
7FE10
7FDC8
7F5E2
7F767
7FB28
7F950
00576
004D5
7F9E0
7F022
7F523
7F18D
7FFD9
000EF
7FE95
001CB
7FE53
7F154
00F86
7FBCE
004D4
0085E
0034B
7FF3B
7F2A0
7FC6C
7F2EE
7FFD1
00081
00B71
7FE9A
00459
00CF1
005A6
7FDD4
00011
002EC
003C0
7F81C
7FD2C
0121E
7F137
7F992
002B0
00F53
7F406
7F800
7F774
00067
00609
0021C
00E0B
7FE81
7FB20
0090C
00C35
0012A
7FD98
00841
006F0
00A05
00A8D
7F61A
00C16
0058D
7FC77
7FFFC
00875
7F1A3
7FF68
7F53B
00385
00611
00905
7F727
7F505
011E9
0066F
011FF
0088C
7F949
00797
7FDE5
7F9A2
00534
009A1
00B66
00039
7FE87
7F8EC
7FC79
7F12E
00428
00515
0016A
7F67E
7FF3A
7FD2E
01167
7F29F
7F832
0072C
7FFE0
00987
7F852
7FD67
7FB01
7F511
0040F
00175
00C00
7F9DF
7FD9C
7F8F4
7FF59
00E8A
7FDE9
7FA24
7FE84
7F290
00255
7F26F
7F5FB
7F8B9
00210
002B6
7FF1B
00268
00998
7FEFB
0009E
7F452
005DB
7FB51
7F8A0
7FACC
00351
000B7
006D9
00316
7FF7D
00530
7FD2D
00441
00279
0085A
00552
002BE
7FAF1
002EF
7FA0C
00AE5
7F6CC
7F232
7FF76
001D9
7FD76
007CC
7F4A9
00B80
0061F
7F7DC
7F5F0
7FE5E
00D19
7FF04
00704
7FE34
7F6DA
7F9A3
00629
00ADC
0032E
00B64
00000
0078C
7F677
7F3F4
00610
00188
7FAC0
00DA4
00B2B
00E5C
00336
0113A
7F140
000A5
7F5E8
004E4
00000
7FA4B
7F8DC
002DC
007CB
7FEB3
0064C
7FE2D
7FCD4
7FB06
7F46F
7FC1B
7F363
00344
7F736
7F4C6
007FF
00216
0016A
7FD07
7F975
7FAE1
00027
0000B
010D2
00900
00223
7F9EC
00994
00AFF
0064D
7F9A0
007FF
00B97
7FBF5
00062
008B0
00076
0021C
00894
7F72E
00964
00986
7F937
001CA
00A36
7F947
00398
7FC00
004E9
00468
7F7EE
00691
7F94C
7F7B1
00962
00192
00BBC
7F537
00B7D
001FD
7FCA7
7F770
7FFF6
00051
00EC4
7FC0E
00B9B
0049C
0020E
7F133
7FF71
7F5C4
00AB4
0014D
006F5
00379
7FCC4
003B9
7F8EC
7F8EF
7FCB3
0036B
7FED4
7FE12
00020
00989
00711
00BBE
00855
007A0
002DC
00574
005A7
7F634
7FECC
002ED
004FA
7F999
7FEF2
008C8
007B4
002D9
7F4F0
7F814
006B0
7F8E2
7F969
7FC57
7FFAE
00D0E
0032C
7FE00
7FC34
7EE79
00A42
0056E
7F96E
00552
7F6BA
7FFFF
7FF3C
7FE46
7FC66
00D3C
7FAF3
7F884
7F9F4
00000
7FD0D
009E6
7ED3A
7FD13
0024D
003A6
001FD
7FE78
00346
00173
7F5D9
7F46B
00DEA
7FD34
0031E
7FE01
00492
0104A
0009F
7F553
7FA15
7F5AB
00515
00000
003D2
7F2C9
7FB22
00676
00CA5
0165D
006BC
002D3
7F55B
7FE23
000D0
7F888
7FAF8
0075E
00268
003B2
00334
7F98A
00DED
7F906
004B8
7FF0D
0090C
7F600
7F7D9
7FDE1
00255
001A2
7E880
7FEA4
00DD6
006BC
7FFB5
7F497
00E3B
0007A
7FF3B
7FBB9
013D8
7F652
002A0
006A3
7FB04
00A39
007A9
0040F
0076F
010C0
004EA
7F53C
00359
00234
7FF15
003EE
7FF3F
7F61B
002D2
0055D
7FC21
7FD66
7FD39
7FD57
00BF3
01570
00E4C
0156E
7FDC8
0059B
7FC10
7F64D
7FE73
0066E
7FC7A
00098
0010F
003B9
0045E
0019D
7FF8B
0009F
7FB6F
0060B
00228
7FA7A
0059A
7F583
7FB55
7FA00
7F8AE
0032B
7FAC3
7FF72
00297
7FB24
7F7C6
001C1
7F324
00CB3
006B4
00E71
0058F
00D66
7FD54
003FF
0047B
00376
003E3
7FA3E
7FC89
00EFD
00622
006BA
003D2
003A5
7FC7A
0047B
00CC7
001A9
001F7
001FF
7FB15
7F9F3
0004D
00636
7F318
001FA
0044F
00A3D
0062B
7FEC9
7FDDE
7FCDE
00698
0026B
7F9F0
00000
005FA
0041B
00560
0001B
7F48E
7F896
0083C
7ED47
004A9
00C2B
7FA9C
7F037
0004B
009D1
7FC50
01000
00951
7F3E7
7FFBD
7F71A
7FD58
7FDFA
7F272
001A0
7F561
7F909
7ED83
002DA
0037B
7F7F3
7F5EA
7FB38
01534
7FEE1
7FD08
7FDDF
7F3E9
005E3
7FE83
00A6E
0023C
7F942
00B4F
00F36
7F411
7F774
000D1
7FA59
7F7DE
0028F
003CD
7F30C
7FD39
7F091
7F24F
0040C
7FD46
0063A
001CE
7F57D
003E8
00E3F
7F671
7FCC0
7FA00
7FC08
7FBCD
7F79D
00638
7F5D3
7FFC1
7FECD
00047
7FABB
0015E
00120
7FEA2
0018B
00799
7FA00
002E8
7FD8D
0060F
7F406
005ED
7F93A
7FB46
7F8EF
7FA82
7FF41
7FDCE
7EFB3
009B7
7FDEA
0039E
7FE97
00141
00AFE
0050D
0022A
00EAD
7FD59
7FF14
00E04
002A4
002B9
7F89E
7FEF7
00353
00311
7FF49
7F401
7FBF7
00939
7F9A1
7FF80
7FF42
7F31E
00863
7FE9B
7F52F
009CB
7F6D0
7FA7A
7FD3C
00B11
7F6FC
0016A
00004
7FBDD
0096C
001DB
00594
7FCCE
7FB30
007F9
00AC1
7FA17
7F8DE
7F92F
00D1D
7FE7D
7EFB6
00800
00A73
7F554
000BF
7FD4E
7FFFF
0092A
00B79
7F935
000EA
7FD20
002FE
7F761
7FE6B
7F99F
0014A
00456
7F5F3
0054E
007C0
0043D
7FC3B
01216
7FE3D
00070
7F9D8
009B3
001AC
7FDBE
7F480
00036
7FC89
7FFFF
7FD5A
004AA
7FC4A
00431
7FEF6
7FA38
0066C
7FBAA
00491
7FFD3
7F758
00260
00B66
015CC
0084C
7F362
7F80B
7FC9F
00275
7F736
7F007
00014
7FBD3
7FBAF
0000E
7F257
7FF7C
7FA76
0004C
7FC52
00347
00000
7FC1F
7FFE3
008F5
0014D
00143
7F6F0
0067D
7F9C3
00740
7F4DA
7FE9F
7F2A5
7EF17
7FE60
00751
009FF
0045D
7F342
00A1D
001F2
7FD92
7F8F5
7FE91
7FF6B
7F63E
00373
7F74F
0089C
7F63C
7FE33
0010C
007FF
7F77C
7FC16
0032D
7F638
00605
0019B
7FAA6
0023E
7F9D0
7FBD5
00062
7F73B
7FB5E
7F78A
7F9FF
7E602
7FEC7
0031F
00396
00688
004FE
000DA
00705
7FC96
001F7
00985
7FFDB
7FD87
00579
0098F
006E7
00000
7FFA3
00210
7F3E7
00728
7FE89
009AC
7FE59
0065F
0072C
00950
00E2C
7FFDF
0073B
005FD
7FCBC
00C2A
7F72F
7FC9E
00084
000C9
7FD89
7F7AA
0022B
7F60C
7F6C6
000D3
7F9E2
7FA2A
0038E
00930
000D1
0087D
008FA
00722
7FCD6
7FB35
7FED8
7F9D8
001F2
01214
7F539
00171
007B0
008BE
7FF8E
7F4BA
7FF2C
7F8CC
7FF1F
7FF55
00DCD
7FF96
00979
7FAA6
7FEC5
00191
7FD6E
7F933
00B70
7F5F2
007C4
7F602
7F335
00000
00437
00019
7F9E9
01009
00161
001FE
00AC5
7F9E1
0013E
7F3D2
7F9BB
7FEBB
7F7DB
7FA34
01051
013CD
7F80D
7F36A
00107
7FDBC
7F94E
00003
7FAFB
00539
00480
7FAE3
0042B
7F74C
7FE32
7F3CB
00412
7FC01
7FBC8
7F90A
009B7
7F7E2
7F8C1
7F0BD
00050
7F138
006E6
7FA7B
7FBE2
7F9A3
7FC7E
012FC
7F491
002D4
0096B
00105
7FF78
004E0
00132
000C8
005BF
7FDD6
7F3C5
7FE4D
00625
00D09
00D5F
7F3E1
7F809
7FC00
7F987
7FFF6
7FFE2
7FAA5
00593
01163
00CFA
0054B
00614
003A8
7FCE8
00260
7FFC7
7F591
00AE6
7FD64
00700
7FEF6
7F5D4
7FFAC
00C6D
7F839
00D8D
7FF62
7F426
7F101
7FDC9
0029A
7F575
7FD13
7FB61
002D5
00487
7F9D4
002FC
011F2
7FBE0
7F7D8
7FDE3
00248
7FDFD
00263
01119
00663
0060B
00729
001BC
00425
7F925
7FBAC
7F9D5
00316
0054D
001F3
002C6
0076A
7FD72
00514
00944
7F419
7FA46
7FC32
00DFE
00C00
00485
7FFC1
7F5D0
00075
7FCE0
7FDEA
005C7
7F9AA
7F671
00C10
00122
7FDA2
7FADE
7F93B
7F970
00BFF
7F222
00599
7FF07
7F3D9
7FA97
00853
00DAE
00C7A
0069A
0137D
7FFC8
7F8D7
7FD5F
7F945
7F565
00000
00613
00A48
7F9EB
005B1
002F6
00545
0070E
7EE5A
0060C
0040D
00062
002DB
7F456
7F96C
7FA89
7F801
000ED
7FD0B
7F758
7F603
7F7EB
7F7CC
000B3
7FB85
7FA92
7FFB4
7FD4B
7F6AD
005C6
000C5
7F6BE
00600
7FFEB
7F7B8
00368
7FFEF
7F5C9
003C7
7FE88
7FA0B
7F430
00278
013C8
7FC4A
7F973
00505
7FDE4
0095C
007DA
7FE30
008C8
00E78
7F48F
0015F
003FB
00C9A
004A2
7FC43
0045F
7FE46
0054D
7F96F
00589
7FA57
005E7
001AE
01852
7FAD4
003E8
0113C
00F79
0004A
00639
7F9DB
002F5
7FB8F
00055
0071D
00158
7FCC1
7F7F9
7FE32
7F4FD
7FC0E
00BFB
7FAC1
0018E
0030A
7FF88
002E0
00320
00769
00956
7FC1E
7FFE2
7F400
7FCCD
7FBA9
00492
7F0DF
000AC
7FC54
0034B
7F940
00A0B
0036C
0011E
01310
00118
00747
007B2
7F785
7F748
7FAF9
00695
7F4C3
00885
7FC85
0030A
000A2
00B16
7FCD3
7F9D0
7FE49
7FDBB
7F375
00B4D
00000
007DF
0072E
00197
005E5
0024A
00C4F
7FC0E
7FA24
7F68A
7EC21
00420
7FEDF
002DE
7F94A
7F773
002D5
7F2F5
7F603
00566
00BB9
00D0D
7F950
7FB51
008EB
7FA20
7FAC0
7FC69
00029
00EE6
005DB
7FAA6
00600
7FEEE
0001C
7EBC2
7F974
7FA46
7FDCF
7F632
7FA2C
7F900
7EF3E
7F940
00537
00797
00407
7FA3B
7FA98
0006E
7FAE5
7FE87
7FCB6
0055F
005B3
7F849
7F62D
0113D
007B4
7FC0C
7F310
0048E
7F8D3
7FBA8
7FA57
7F22B
00536
7F91A
00CAC
003D5
7FA1A
006D6
00247
7F7F0
00220
7F3B8
00000
00006
006C8
7FC8D
0064E
00745
7F9ED
00286
000CF
000C6
00857
7F73F
7FF4F
00874
003EB
7FA4B
003D4
7F609
7EECF
7FE2A
7FC00
7F4E7
7F868
7EC83
003D5
000BF
7FF54
7FDF8
00896
001AD
005A2
0044D
00089
0014B
00024
005E7
005FF
00AD3
7F752
7FAED
7F6C8
7FC4A
00337
001E4
00096
7FC3F
7FE9F
7F912
7F83E
00204
0093B
0013B
00400
7FC5F
001DF
01175
0024D
00362
7F851
0021D
00B69
0102D
004B5
00246
00FF0
00A22
00263
7F781
00201
006DD
7F572
009B3
7F314
0184C
7F77C
7FFC1
0036B
003A1
00000
00911
00747
00525
7F1E9
7F453
7F000
7F672
7FB86
7F8FA
7F77A
00262
7FC67
7F9B0
00440
7FBE4
7FA0A
008AA
00023
7F91F
0058B
007C3
0053A
7FFE4
7F5ED
00451
001F2
00573
7FF5F
7FE15
0068D
005B5
00592
0114C
00020
7F0F0
0046F
7EDC0
00001
000B5
7FA06
008D2
7FF30
7F53B
7FD3C
0056E
00B93
003F8
00500
7EF6C
7FC54
7F2BE
7F338
7FB5D
7FCF0
008B9
7F889
00012
7F363
00B3C
00573
00213
00AB7
7F682
00BE3
7FA73
7FAC4
7F845
0056F
7F438
00400
7FBD5
005DE
7FB61
7F9C5
001B9
006FE
004B6
7F16A
7FE73
00A9E
7FDCD
7FE2D
007EB
004D6
009DF
7FA57
7FA27
002D0
00393
7FA18
7FAE8
7F803
7FA16
00380
0020B
7F713
7FDA6
0024A
7F396
7F23F
00139
00000
00395
00B3D
7F8B3
7F3EB
0005E
7F755
7F777
7F6E5
004D3
7FE43
7FA42
001EC
0040E
7F5A1
00811
7FA59
00021
7F768
00B65
00AC6
00476
0004E
00845
7F24F
002AD
7F442
003BD
005F9
7FF99
7FE25
0019B
00000
7EDDF
7F822
004BE
7FCCB
00061
00CAA
002C4
7EF99
7FEEE
7FAE6
7F278
006F1
7F63E
00622
7FC23
7FAC6
7FBCF
7F6BA
7FD21
7FAB0
002CC
00631
7FCBD
00551
004E6
008F0
00BE5
7FA58
7FB86
0021B
001F9
0087D
0040C
005C3
7EE0A
0091A
0007C
7FD29
7F85A
001CB
7F96C
7F511
7FFCE
0037D
00C58
7FD52
7FB44
7F673
011DC
7FBD6
0046F
7F671
7FF8B
004E7
00FD4
000EA
00000
00199
00353
0005C
00BCA
7F691
008DA
00400
7F434
7F96D
7FE9E
7F71C
7F9DA
7F344
7F979
0016B
0026F
00A65
002DF
00F7F
004EF
7FE7A
7FB19
00DFE
00368
7FFC7
00A89
00381
7FAF0
000C1
7F857
004BB
00A8D
7F145
7EB77
0031A
001EB
004AC
7FB9D
00401
004F5
0054D
005E3
7F594
7FF99
7F7B3
00161
7FE96
00C44
00770
7F963
00BCD
7F28F
7FC1F
7FDCE
009FF
7FEA4
0017C
7F111
7FFCF
001A2
7F8FC
7F2D5
7EB47
7F6D9
7FCE6
0037D
00194
00543
7FC0B
7FA2C
7F400
7FE4B
00982
7F294
00B49
7F3E1
0068E
0022A
7F111
7F746
0036C
7FE50
003D5
7FE96
00C2C
00A7D
7FCF0
002E5
7FDAC
00E91
7F2B4
7FFDA
7F77D
0052D
00D51
00484
00CA4
00775
00170
00000
0101F
7F75B
7FD2D
7FD78
00041
0032E
002CE
7F478
7F8B3
00346
0023B
7FA4C
00D9F
007D2
019DD
0068E
00700
008AE
7FDD5
005B2
7F28E
7FAB3
00DB1
003E9
7F85D
00742
00D54
7F46A
7F9C1
001A3
7FAF6
7FE56
00637
01290
00600
7FCCE
00C17
00574
7FFE0
7FADC
00178
00391
0064F
00131
0027D
00E8D
004FF
7FDD1
7F930
7F8A3
7FD2C
002F8
7FF1F
0033D
7FE03
0000A
7FA3D
7F83F
0064F
01265
0007B
7F757
00646
0155B
00792
00747
7F601
00133
7FC77
001F5
7FB1C
006B3
7FC15
0033B
7FF8C
00FDC
7FB0C
00959
003E1
7F187
00A47
00B8C
7FA59
00062
7F9FC
7F3ED
00477
7FC9E
00854
00005
00073
7FEE5
00564
00B55
7FF36
00661
00D7D
7FD62
00A00
7FD01
7FF12
00593
001E2
7FD12
005AF
00436
003E8
7FEBB
006B9
7F9E6
7FEAB
7FDDA
7FD88
005B3
003DF
000EB
7FD0B
7F141
00D18
006E1
00222
0004B
0012A
001C4
7F884
001DA
7FB45
00754
00338
7F546
00000
00832
00055
006F9
001DB
7FE0F
7FF22
00437
0096B
001EE
7F956
0070A
00B2F
7FF10
00129
00551
00C2B
0031E
006EC
7E48A
00AC8
00105
7F438
7FD94
00487
0006C
00847
007E0
00833
001AB
7F8FC
00162
00400
7FCD7
7FED9
0078D
7FCB3
7FA06
00720
7F8E2
7F72D
00224
000C6
00850
00115
7F8C1
000CF
00284
007FF
7F93D
00673
7F712
01080
7F00E
00056
7FA09
7F859
7FFDA
005E1
7F86E
0029C
004A3
7FE88
7F849
00000
00A12
7FB9A
7F655
00DA4
01822
00D69
004D7
7FCD4
7F922
00B82
7EDBA
7FEE9
0035A
7F5B7
001DC
003FF
00D7F
0071A
7FD67
00526
00021
009BE
005E8
003A8
01287
7F5D5
003E3
7FD64
00199
7FC53
000FE
00000
7EBA3
001AC
0040B
7FB16
004D2
7FFD5
7F41A
000C8
7FDA7
7FBA9
7F9C0
7F8F7
00426
0080E
00529
7F673
0050F
005D1
7F3D9
7FF50
7EB39
7EE82
7FCAF
0014A
003EC
7FB2C
00438
7F781
7FFA2
01284
0093A
7FA58
00230
0040B
7FCB5
00081
005E3
012AA
0059F
00353
00400
7FFB8
7F486
00275
001B6
00291
00695
7FAC7
7F298
01148
7F804
00112
7F549
01188
00478
0032F
7FF94
001B3
00234
7F3B1
7FA17
00058
00630
00400
0056D
001C1
7ECBD
7FCBD
7F98A
00058
7EF02
00733
7FBFE
001C4
011EA
0011D
002E3
7FC33
7F514
00B4F
0023D
7FDB5
0120C
00884
7FE00
7F56A
7FFFD
00073
0053A
7F66B
7FB78
7F36E
0024F
7FB9C
7FB07
00000
0033C
7FE8E
7F9D1
00554
00AD4
00D33
7FC1F
00C2A
7FF60
7F7F0
7FFC6
7F4EF
005D0
7F9FF
7FF2A
005A7
7FA13
00A06
7FE37
00098
7FF3D
010CE
7F8C4
7F9B2
7FBA5
7F2B1
7FF71
004B4
7F371
00121
0090C
00400
7F8E6
7FF8E
00A02
002A6
01066
7F6CA
7F543
0035C
000DA
00BC6
7FD84
7F129
7FC4B
00F37
0016F
0029C
0079A
7FF8E
003FA
7FD57
00F24
7FF6A
00997
00180
000CF
7F7BE
0040C
7F7D3
7F95E
0044E
001BB
0087C
00DDB
0016A
00330
009A9
7F90B
7FD75
0058D
0152F
000D7
0022D
7F977
0005A
00279
7FDE8
7F9A1
7FA98
7FFC9
7F478
00578
7FF5F
00C1E
7FBBD
7F706
00311
0009D
0045F
000AB
7FFD1
00851
7FAE4
7F137
00400
7FB49
7F8E6
0035A
7FE83
7F7D2
7FF44
7ECC3
00314
7ECEE
7FF09
7FF4B
7FF77
7FB47
0034E
01079
009FF
7F8C0
00565
7F333
7FDA2
7FCC9
0030F
0084D
7FD6B
7FE32
00087
7FE71
7FD49
7FE23
00475
7F847
7F401
005BA
00CC0
7FCC6
7FF24
7FDAA
008BB
7F915
7F4EF
7FDBD
7FB4F
7FEDE
7FAE0
7F92A
004AD
0035E
7FE00
7F09A
00041
00D22
7F4B6
00365
004F0
008BD
7FA95
0017C
7F9D0
7F79E
00860
00315
00389
00851
00E00
00BA8
002B2
7F7AC
7FDD2
00062
00006
00317
0123A
001C0
7FD26
00C02
7F783
7F9CD
0013F
0041D
00712
7FADC
00740
7F942
00397
00786
00480
7FDE3
7F21A
7F899
7FF28
7F57A
00583
7FA8E
7FBD8
7FA5D
02358
7FDFD
7FD02
0104A
00C1B
00B4B
007FB
7FE8D
00485
0055F
001AD
7FC55
01290
7F69F
002A6
0020D
00F8A
7F64B
00312
005E2
00703
7FE7A
7FCDD
7FEE4
7FBE3
008AB
7F2BB
0132B
00199
004C3
7F9E6
7F18B
00800
7FAB9
0025A
7F230
007F1
0041E
00820
7FBC3
00A22
004F4
005BB
7FB6F
0006D
7FC49
7FF68
0013B
7F8EF
7F5D2
7FC45
7EF91
00D38
00BD9
7F6AF
00A71
0038F
7F20A
00D0F
005D9
0116D
00101
0041D
7FEF5
001FF
7FF6A
7FE34
7F2DC
7F37C
002DC
00A61
005CD
008C9
7FF79
00743
000DE
00EDA
007CE
7FBE1
00778
7FE96
00BDA
7F8DD
00214
006B8
7F41B
7F75A
00A1D
00C4B
001DC
00B96
00130
7F756
7F55F
7FA89
7F5E1
00800
7F757
7FCDD
7FFD6
00413
7F61F
7FD99
0065C
0056B
7F583
7FB0B
7F998
00341
00E94
7F947
00155
000C4
00409
7F6E7
7FB0A
00C4C
7FC01
00FB1
7F94E
7F674
7FF41
0136E
00139
7FB33
7FCB7
7F772
7FFE9
7F8EC
002D6
7F6EA
7FE13
00398
7F74E
007AA
00398
7FF2F
7FBC9
7F3A4
7F734
0079C
00C11
7FE77
001AE
00E75
000B1
00922
0015B
7FB04
000FF
002FF
01078
008CB
0046C
7F4B9
0004C
00853
7F912
7F617
7FDF0
00200
7FA96
0072D
00286
00649
7FFE3
7FEEB
004C0
7F52D
00D20
00489
7F9E9
7F860
0022D
00211
0089A
7F202
7FCCF
7FFF4
7F7AC
0078D
7EF16
7F9BC
013DB
7FE57
00517
007FC
0077C
7F2AF
005AC
00193
00684
005FF
7FBE9
000F8
7F227
7F5B8
7F1FF
7F543
7FF39
7FAD3
00B4F
7E222
00303
7FDF8
7FA51
7FA5D
7FD55
7FE01
7FF71
7FB38
005E2
7F473
7F89E
7FEC7
7FFCF
009A8
7F65B
7FE06
002BB
00EF9
7FD9F
0054F
00289
00400
7FC25
7FFF7
7FCB4
7F679
7FD11
7FF57
00680
7F0BB
7FDDB
7FB8F
7FCA2
0025D
7FC78
012D3
7FC43
7FA76
008D3
0024B
7FFC8
001E2
7F8CD
7F313
0017E
0037E
003C7
7F5BC
7FE0F
7FFA7
7FFCF
002C2
7F86D
7FE96
00230
7FF6E
7F8E7
7FCF6
7F964
00982
7F3DC
7F3C9
0081B
7FE98
7F5E2
7FEBC
00537
0115D
0015C
01113
00727
00872
7F8EB
00F22
7F933
0035B
7FE84
00F85
7FCFE
00417
009D6
0026D
0081C
00251
7FEA2
00000
7F676
00293
7FA84
001CF
00249
007A1
007B4
00D11
00AFA
00231
0017D
005F2
009CF
7FC19
7FE0A
7FA58
00135
00452
7F362
00755
7FD1C
000C4
0007D
7FEEB
7FB31
002C6
0033C
7F65F
0021A
7FFBD
00762
00BFF
7F7B1
004C0
00327
7FA1E
7FDB7
00369
00A4F
00569
7F301
00106
7EEAF
01858
7F557
7EAC3
7FC61
00B4F
7FED3
00868
00288
7F05F
7F3D8
7F9F7
00245
7FD64
7FBD7
7F846
00137
009B7
004A7
7FE6D
7FD9D
00C00
7FF50
7FC10
00193
7F01E
00278
000F3
7F365
7F971
7FD83
00748
7F91A
7FDBF
00A30
004DF
001C9
7F788
002F3
00251
7FA34
00973
7F292
00644
0062E
7FC5E
00041
01302
000D7
0080C
001A3
000BB
004FB
7FD2C
7EE7D
7FCE8
00F6B
7FF08
00552
7FAEC
7F217
7F0BC
00351
7FDB2
00398
7FC35
7FF71
0037A
7F607
7FD64
7F9DE
7FC5F
00790
00153
0073E
00DAF
7F7CC
0087D
7F803
00095
00CE2
006E7
7FA35
7FC12
7FFA8
00800
7FCCF
7F7AC
7FBBF
00546
7F9E4
0057C
00804
0047B
7F384
001C3
7FB00
000D1
00CF0
7FBF3
7F1E9
7FC00
7FE3A
7FDD3
00954
7F5D5
7FE26
00384
00727
7F25A
7F55A
00EC7
7F987
7FED9
0019E
7F9E1
0053D
7FC00
7FE42
7F243
7FD7B
7F98F
7F565
7F9C7
00397
7F383
00497
7FFB1
7F81B
7FAB3
00728
00513
01045
7F801
00C2A
7F9A2
7FEEE
00359
7FFA8
7E9EA
001E1
7FDA7
7F1CB
7FE64
7FFF3
00DA0
7F884
0086A
015E0
00000
00722
7F7FA
00191
7F68E
7F730
7F6FD
7FF55
7FB19
00273
0027C
7FD30
7FCAF
7FE68
7FA0F
7FA73
7FD12
00803
7F727
00E00
00253
00D3E
00672
00996
7FD38
001A1
7F7DA
7F0C3
7F954
007F1
7FF4D
00071
0016A
7F8D1
004B4
7FE3B
002AE
0033A
00BA2
7FC29
0075C
005DB
0062C
7F938
00A4F
7FB8F
7FF7E
00957
7FBFC
7FCC4
002A1
7F9BE
004B9
0034C
00C35
01058
7F88D
7F61B
004A1
00434
7FA0D
7F9A7
7FD9A
7FD2A
7FC00
003FB
0001A
7FE91
0048E
005AC
00314
7FF36
7F84B
7FBAA
007A9
7FB3A
7F301
008DC
7FE0F
7FD83
7FBC2
7FFE4
7F775
7F7BC
00BC5
00ADE
7EFA2
7FA1D
0055C
00388
7FD3D
7FE43
0030F
7FD1E
7FA4B
7FC07
7FA02
7FEB8
7F665
7FCAF
7FDA7
7FE93
005CB
7F93D
00785
7F9C5
00EE5
7FC7D
7FB61
7EE34
001CD
7FB0D
7FBC3
00CC8
0032E
00220
7F0EF
7FDEE
7FA02
7FF13
7F313
0071F
0001A
01763
0005C
7F218
003A2
0002A
01400
7F704
7F3A0
7FCA5
7FE78
7F3F0
7F77B
7F5E9
7FEDE
7F8E9
0036E
7FC20
00097
7F854
7FCB4
7FF78
00073
7FF87
005DA
7F663
00392
7F851
7F87C
7FD0B
00248
009CD
7FE91
00972
7FDE9
00762
7F5DE
003BB
7FD2D
00389
00CFF
7FF60
00158
7FCE9
00545
00272
7FE6B
7FD64
00C23
001DA
00475
7FC43
7F457
7F78E
7FCBF
00D52
7FF8B
0058D
7FE10
7F6A6
7FBB6
0011C
0054B
002D2
7F72D
00FCA
010EA
0069D
7FAB6
00636
7F800
002A6
005E2
0060C
7F9C5
7F9FE
7FE50
0076C
7F96B
7FF5C
00128
000F1
7FCF1
7F6ED
00ECE
7F3F3
7FDFF
7F491
7F40C
00294
0043C
7F9B2
00671
7FB89
0043D
7FE4E
7FDF6
7F5F7
00D0F
00129
001DF
7F0B8
003FF
7FA73
007A7
00556
005C0
0070F
00280
7FB1E
7F695
7F909
7F695
006EF
7F4ED
00494
00289
7FFEA
00600
000B1
7EE6C
7E994
00C40
002E9
7FD6E
0030D
7FBC2
7FBA7
7FA4E
005F0
00114
000FD
00816
7FEFC
7F800
7FE3E
000FE
00353
00E68
00B46
7F9C5
0060F
7FAF6
00005
7FC5A
0042A
001E9
00498
7FE68
7FFF0
004E7
004ED
0030C
00171
003FC
7E9B1
009C8
7FD15
00254
7F75D
7FEA1
7FEEA
7F97B
01236
000FC
7F91B
00169
7FDD7
7FB7D
7EBA2
7F9D6
00841
00AE7
0045E
00497
00706
0051D
00B5C
7F65D
008EF
7F86B
7F462
7FA03
7F692
009A5
7F0F1
7E8D0
7FFF4
00BE4
0035A
7F671
0023A
00407
007F2
004A4
00A19
7FB94
7FBDE
00200
7FDE4
00F14
7F7B8
00663
00114
7FB00
7FC44
00381
008BE
7F050
7F8C5
0030B
00BAB
008BE
00EAD
0087B
7F427
0030E
7FF48
0017A
004C0
008DB
007CF
009FF
00FB4
7EDBC
0065D
7F231
7FD37
001CF
7FB52
001FF
7FC75
7F38D
004D4
7F2DA
00433
00644
7FFBA
00DB1
005B9
0098F
0083F
000F5
00402
7F689
7FFE2
00B4E
001EB
7F8B8
7F856
7FD2C
0096D
008C0
01A0D
001FA
7F965
7F7CA
009E0
7FB36
006AD
7FAC8
7FD6C
00E00
00360
00CA4
7FF2D
00280
00624
7FC31
7F6F3
0027C
7F96D
01744
7FF9A
00D37
7FDF8
7FB4E
00590
00E03
00B36
00316
00A46
7F3D9
7FC23
00030
7FA79
7FFE5
00B63
00659
7F419
7FCA1
00651
7F708
7F7B1
7FBC2
00AE6
00033
7FE85
000DD
010FD
7FAEC
7FCE6
009DB
7F7D1
0006C
7F706
7FE05
7FE1A
00114
7FE52
7F53E
7FB29
00FE9
005A9
7FDE3
7E8A5
7F9D4
7FDE5
7F8EE
7F86C
7FDA0
7FD38
7FE5C
7F5C9
7F767
7FD0D
00000
00AE5
7FB35
7F987
00257
7F839
000F9
00D7C
7F297
000CA
7FF07
7F92E
000D7
7F9AF
7FC26
7F821
00202
7FC43
00854
7F3D7
00BAB
7F468
00048
00489
7F698
012A5
000D3
00CF8
7FD2B
7F891
7FD2F
002BE
00000
7FD93
00391
7FEB9
7F65C
7FEC9
7F5CF
7FEC1
7F56A
7F81F
002CE
00813
7F8D2
7FB01
00206
008B9
7F601
7F874
000E6
015CA
003A4
7F282
000F2
00605
7F96B
7FDE2
00557
7FFE5
7F130
00E38
7FCA8
7F5A0
7FE00
7FDB2
7F3A2
00029
00974
7F7BE
7F31F
7F481
7FB02
7F61F
00612
006A8
7F9E9
7FF5C
7FA2A
00108
7FD11
00148
7F252
007D2
7F9A5
7F737
0078C
007B5
7F16F
006A7
7FC7D
00807
7FFF9
00731
7FEEC
7FCE9
7FE96
7F50C
7F83F
7F7BB
00F31
7EF9D
00824
01292
7FFC7
7FE3D
7F376
7FBF8
00133
00DEA
7FEBC
0032C
00404
00153
0064D
7F63F
003B9
003E9
7FD8E
7FA43
005D4
00CE8
000A6
004BE
00D4E
00637
00141
00287
00000
00031
7F7D5
7F537
005A9
0014D
0049B
7F9AC
7EB3B
7F79E
7FAFB
7E9C0
00FE9
7FE35
7F966
0050B
00712
004DF
7FFEC
001E1
00F0B
7FDAE
00824
7F761
00360
00461
00AA3
00714
7FEBB
7F87D
009AD
0059C
00200
00FEB
7F9E5
0057F
7F976
7FB2D
7FA15
00B6B
0021C
00A5F
00B2C
7FDE7
7F2F6
00C3F
7F7E6
000E1
00711
00678
005B8
7F762
008A4
00574
7F9F0
7F367
7FD13
7FD8E
005A3
001FD
7FC2A
00878
00858
00BA8
00600
7EF9A
003A2
0070D
7FC21
7FC73
7F5FA
7F26C
007F1
7ECE7
00001
00565
00A8B
005A0
7FC2D
001A0
7FD63
7FA3F
00138
7FFDA
00A65
002A4
000F0
7EF27
7FCDA
0012E
006BC
00A9F
00418
00883
00138
7FAAF
0087B
00B24
00710
7F6C9
7F949
01288
7FD33
7F64A
0081F
00909
0029F
00193
7F90C
7FE74
00201
0062D
00A02
7F71B
7EF2F
006A8
7F9F9
0096F
7EFEE
0038C
7F838
01034
0066F
7FBD8
0006A
7FE1B
000E0
7F9E4
7EE00
7F1C2
7F99A
006F7
00397
0089F
7FF4A
00568
000D3
7F9C5
7FF1D
7F738
00047
7FF84
7FF0E
7F0B1
7FE01
7FE6B
7FB14
00BCE
7F68E
7F3F9
00E56
0029C
007A8
7FFA3
7FCCE
7FF69
008F5
00A5A
7F4D1
00A62
7FA01
0023C
7FAB4
7F639
01034
7FF8A
7FB1C
7FAC7
7FB2D
009CF
7FA6B
00275
00CE4
0008E
7EE46
00863
7FA00
00D97
0009F
7F703
7F5A9
003DC
7FDE6
7FD37
7FC58
7FCC7
7F9AB
006EC
009DC
7F594
7F73F
7FC8B
7F200
003F0
00BA4
00213
004EF
7FCF5
00062
7FA94
7FDD5
0019D
00F93
7FC99
00CE9
009F8
7FEA3
7F530
00403
00173
00112
00878
7FB21
7F8F0
7E5C0
7FFF3
7F7EC
004E4
003A6
7FEA3
7FE72
7F7CF
009EE
00B6D
00711
00634
00554
7F7E9
7F90B
001EE
7FD7F
7F67A
7FEB9
7F185
0068F
00321
7F68E
7EBC2
00467
7FCB9
7F032
003FB
7FA37
0002A
0068D
7FC87
00002
7F318
001D8
7F7A8
7FA9D
7F7AE
0013A
0101F
7FCF8
7FAD0
7FE00
7FB84
00980
7F48D
7F699
7F481
7F3BA
7FF18
007D7
7FC5F
7FE9F
7FC4E
002D1
7F814
7FE32
00413
7FD2D
00F17
7FE0E
00EE4
7F4E8
7F34F
7FA7E
7FFA6
7F82A
7FF4B
7F588
015C1
7FFD1
7FFCC
7FE5D
001BA
005FF
0050C
7FC18
7F7B1
7F9B8
7F56C
00922
7F819
0033F
002F7
7F24B
00AE3
00652
00874
0051E
005F3
005A8
00A77
005F3
7FAA7
00235
7FE4E
7EADA
00A01
00340
7FD69
7FE21
7FF92
006EC
0023E
004E1
7F7B5
7F600
7FC12
7EFEA
00D97
00622
7FB30
7F518
7FAB5
008AC
7FB1F
006EF
0075E
008AF
008F2
7F8DA
009D4
7FC4F
7F413
00D06
00FA7
7EB24
009BF
008E3
7F8BD
7FADC
7FB68
00137
003B0
7FB7F
7FF73
7FE44
7FDB8
0087D
7F212
00024
7FDCE
00B15
002AD
7FE2A
0085B
006DA
00151
0105E
7F51B
005BD
7F566
00573
7FD31
7FAC7
00828
7F8A8
00CB8
00556
7FD3B
00064
0026E
7FD6D
00846
00CF8
00A4A
009CC
0028B
000CF
005EF
00400
7FB38
00BA9
0046B
7FEB6
7FEFB
0086C
006D0
000D4
7F8D0
7FAE2
7FA6D
003E2
00614
007E6
00DF8
7F402
7F42E
002B1
7FB11
7F410
7F671
7FB06
00982
008D4
7FE90
00DBA
003B3
00647
00CC8
7FFF7
7FC53
00BFF
7F8C5
002DB
7FA9C
001C6
7FFD7
7FE47
00A74
7FB2C
7EDE3
008C1
008C6
006F1
0088F
7FF3D
7F8C6
7F402
005C7
00471
7FF86
7FB74
7FC37
0089E
7FFED
0032D
0062A
7F8F9
7F8DA
7FEE4
7F9BE
00E8C
008DA
7FC00
0017A
013BC
00829
7FBE6
00144
0048E
7FF0B
7FFE2
00D29
7F625
7FE4A
00305
00B66
7FB22
00072
00C29
7FD57
003F4
0057D
7FAF0
7F65D
7F0DB
7F83B
7F726
7FDA6
00077
7F976
7FEDD
7F8FF
7FC7A
007D0
7FFFF
7F2CA
7FF0E
0143A
00301
007AD
7FD0A
0089D
7FA1E
7F711
0075C
7FAFD
000E7
00BBE
002A7
7F97F
00115
7F666
7FDE8
00604
0012E
00DE9
0022E
00058
7FE6D
0025E
00142
00686
7FB10
7F829
7FA31
7FF2D
00600
7FFB8
004B9
7F90D
0023E
7FE69
0017A
00934
00856
7FAD8
00466
7FB1B
000E2
7F924
7F13E
7FF62
0016A
7FEFC
00451
7FF63
00F48
7F56F
00A6C
00042
7FE9A
004EE
7F9D0
004CF
7FE2D
7EB62
00E43
000F1
7FC01
7F4AB
009E7
7FDD4
7FAFC
7F563
7EFA9
7FA00
7EF90
00743
7FE7D
7F86A
002CF
00441
008B5
0049A
7F8EE
7F9FB
011D3
7F70A
7FF98
00051
7F4C8
7F675
7F8ED
0004E
7F2ED
7FEC2
7FAB8
7FDE6
7FD6C
0024A
7FA00
7F96C
00723
000B1
7FAD7
00A6B
007ED
003AE
00913
7FF0A
00BAF
7FE96
00297
7F85C
7F43E
0007F
7FBFD
006D2
7F61F
7F580
7FA97
00A50
7FE69
7F2B9
7F44A
7F0CC
0074E
7FFCD
00938
7FA47
00526
00497
01262
00054
00770
007A4
0015F
0094F
7FCDA
7FF6F
7FD6A
00244
007EE
001B2
0008A
009C7
7FE1B
7FA75
00EE9
00C11
7F85A
00D49
7F980
7FF8C
0106C
7F4A3
00876
00C08
00834
7FAF6
004C4
7F9B2
7F62A
0059F
7EA00
7FDA1
7FA96
00476
0077A
7FE0C
009A6
7F28B
7F5C1
00792
00FE7
0055C
00083
7FDF2
000C4
00AAF
7F800
7F698
7F331
7FD61
00196
7FA30
7F67D
011E0
001C2
00D48
0056C
003FB
7F6B7
00E91
00163
00A9C
00201
00927
7FB47
00BB6
7FFD4
005FB
00F04
7FCBA
7FE3F
0042A
0023E
7F692
00123
7FE03
7FF23
7FE2F
00BFF
7FD1D
002A9
7FD80
7EF1C
7FE11
7FE81
7FF7A
00A3D
7FC7D
00CB8
00501
7FFA2
0092E
0010F
7FBE5
7FE00
00798
00E35
7F7EB
7FE9F
7FED1
001E9
002BA
001AD
7F5D2
00465
000A8
003CF
003D4
00288
008BB
7F7D9
006BA
7F471
00428
7FEB9
0078E
7FFD1
7F54B
7F82E
7EC54
00692
002CB
7FAA8
7F7C5
7FE14
7F729
0016A
00EEA
7F046
7FBE0
0056D
00057
0035E
005DD
0083A
001EC
7F6B2
002D6
00384
7FB3F
7F7D9
7EEF3
00C4B
7F6CD
00154
0040F
00338
00012
7FC38
009DB
7FB1C
7FE76
00D8E
0090A
0012A
00B5E
7F4E2
7FE31
7FE00
001CB
7FCE2
004DA
7FF1C
7F1B4
003F8
7F6A5
000A3
00366
7F785
7FD4E
7FC57
00F56
000BA
0036B
7EF0A
7F9C0
7FA63
7FDAF
7EF96
7F9BA
004B1
7FF0C
7FDD6
008E0
002D8
005F1
7FC99
0052F
7F9F3
7FD84
005FF
00707
7F7C3
7F6EA
7FA50
000FF
00170
7FB16
7F715
006CE
7FBE2
01266
00523
7EC03
00581
00045
7F785
7F52D
7F86D
001B4
7FEF0
7FBED
00657
7F8AC
7FAC5
00071
7FB12
00117
7F128
00332
7FC75
0094B
7FE00
7FDE8
7FC77
7FD78
7F88E
00D5F
7FAAE
7FB02
00840
000DE
00480
00893
00540
7FB09
0008D
7F8D4
00B36
7FA46
7FF39
7F717
000E9
0098D
7F8B6
0066F
7F9E2
7F39F
7E30E
000AA
01A6E
7F38E
7F757
00441
7FBC2
00832
7F8B9
00B9B
7F62F
7FB47
7FDF9
7FDB1
7FB01
00B72
00C1D
7FA25
00396
00A10
7FDEC
7FFD2
7FE27
002C8
0006A
7FE3C
7F7A7
7F4C3
003E8
0021D
00869
7FE42
7FCAC
7EB1F
7FCCD
7FBAB
7F793
002F1
7FE00
002DC
7F5B4
7F6CA
00048
00376
7FF85
7FE8D
006D2
7FB1A
7F993
7FF5B
7FE1D
001AD
0006A
003B1
00200
7F2A5
00B1A
7FC73
7FDE3
001C1
7F96C
7FFC7
7FF83
00F96
007B8
7F9FA
7FBB8
7EBAB
005F1
0061A
7FE00
00B25
00EA5
00732
7F8E4
003CF
7F57A
7FC59
0012C
00F92
7FFF2
00169
7FB10
7FD9B
00D5C
7F5E7
7FA00
7FF8B
00889
001E7
000F1
0043C
002F5
007C7
0107A
00C28
016C1
7F8F2
0031B
0012B
00AE6
7EDDC
7FA00
0074C
000B5
7F8C0
00C84
7FAD7
00250
00EB6
005EC
7F76A
7FA98
7F88D
7FD6C
7FE39
7FBAB
008C6
7F910
7F206
00101
00ADD
7F871
003E5
008B8
004A3
7FF94
7ED39
008FE
00518
7FA56
7F1BA
7EAD3
004AD
002D4
004FA
7F6FB
7FFD1
7FEC1
0012D
0062B
0049F
00EB5
7F25A
006D9
0060D
7FC36
001D0
7FAB2
000B0
7F829
00408
001B6
7FCD2
7F5A3
002AF
7FAEC
00321
7FD19
7FA7E
7F9B8
0077D
7FFBD
0016F
7FBFB
00DCF
00200
7F150
00444
009AE
7F6BE
0006C
01691
001E7
7FBFE
7FE6E
7FBA5
7FDD1
00C47
00C85
00952
00691
7FE96
7FA57
00128
7FA25
00567
7FBA5
00AA2
7F7C7
0024B
7FABA
7FF78
7FA98
7FC18
7FF4D
000ED
013B4
003FE
0020F
7FA07
00222
7FCEC
7F5B5
0004A
7F17F
005FE
00026
7F99C
0179D
00100
00989
7F9DE
0010B
7F61C
0002D
7FAB3
7FA2B
7F969
7F006
7FA97
0084B
7FA74
000B4
000B3
7FAF6
000E7
7FBFB
00284
000D0
7F800
0020F
003F1
0003A
0055F
000D9
00ADE
006B5
002AD
7FCE2
001E7
7FC96
7F9FA
7F916
7F8F8
006E6
002CE
7FDEE
001F5
0005F
7F7B0
004F4
7F915
7FAEA
005EA
7FA45
7FA5C
7FC3B
00AA7
7FF54
7F2C4
7FA13
7FA58
007B5
00533
00733
007CD
00399
00879
008B7
7FABE
7F91C
7FE4B
00679
7FA35
7FB01
7F95A
008C3
003B2
7F99A
005C6
00581
7FC9C
014C1
0067F
7EC96
7FCCE
7F722
7F45E
7FF8C
7FD12
005B9
7FBCC
000C5
7FE00
00575
7F49D
7FC92
7F962
7FB4B
7FD03
00018
0076A
7FC15
7FBD0
0034D
7FA06
7FC49
00276
7F697
007FF
00759
7F73D
00488
004E7
7F82A
7FB47
00C3C
00D12
7F832
00A09
7FD42
00132
7F3E1
7F91A
00BC5
7EE00
00512
7F1B0
7FD0A
0069F
7FA75
7F3E2
7FF78
00494
7FDE3
7FE81
7FFD9
7FAA9
7FFD5
005EC
00705
7F401
7F949
7F982
00C75
7FB18
01028
0062F
7FDF0
7FEEE
7FDFC
7F49E
0104D
00A1C
7F6A0
7FC2C
7F191
00400
0094D
7FF03
7F380
7F293
0084B
007A0
7FB53
0147D
0028C
7F783
7FF94
008F6
7FD12
010BE
7FE0A
0133E
0014A
7F833
006DD
00574
0042A
7FDF5
7F612
0025C
00873
7FD1A
7FAE7
00401
003D0
003E8
00003
7EDA0
7FFD7
7FA55
00995
0029F
7F8CB
0002D
7FD09
00DCC
00802
00083
0009B
00AA1
0005F
002C2
7FE2B
00588
00012
7FCB0
007C7
0019C
006C9
0056F
7F282
0048E
00C1E
00026
7F970
7FAA4
7FAAF
7F138
004AB
00800
7F82F
7F75F
0068C
7FD98
00A41
009C7
7F344
00828
00579
009D2
7FD81
00EBA
0120F
001B4
008D5
00F8D
7FE2F
7F583
7F338
7FDB9
7FDC0
7F7A3
7F908
004E8
7F896
0036D
7FC78
003CE
7F77B
7F446
00501
7FE00
00B6E
7FF9C
00806
7EFAD
7FDFF
7FFD0
7FB40
7FECA
00697
0042D
7F83F
0032D
00AE3
00454
0066D
0043D
00477
7F224
7FAEB
00448
7F7D6
00787
7FA58
7F962
7FEF4
7FAFE
008AB
0075E
7EA8C
00444
7F48B
01400
7FEC8
7FF8F
008F5
7F98C
7FDB4
00984
7FE6B
7FD60
00693
00ADF
7EE75
7FA86
006BB
0009E
007D8
00051
0071E
003F3
003C7
00FE5
00439
000A8
7EFA6
7FF79
0037C
004FF
7FDF5
7FD9F
7F4E7
7EC4A
7F852
7F072
7FF2D
7FF58
7FFED
7F1D5
7FA06
004E3
00194
00174
7F636
00157
00818
0032B
7F9F6
7FBFB
7F978
00D61
00EBF
00867
7FA59
00462
7EDDC
008B1
7F583
00A95
7FA9C
002BD
7FDDC
00792
7F504
00165
00534
7FA00
010D5
7F931
7FF0C
7FD53
7F5AC
7FC20
7FD99
7FE3F
7FDD2
7FA08
00056
7FAB7
00735
00C3A
0110C
7FBFF
00AD8
7F289
0131B
00597
7F7E8
0049A
001C5
00895
7F8D3
7F90D
00DBB
00525
7FF09
001C9
7F7BD
7FA00
00033
7FD98
7FEF2
00105
7FE26
7FF97
00685
7F5C4
0155C
7FFCF
7F6EE
003A2
7FC37
00153
0009C
7F801
7FBC5
00EB1
00159
0040F
00684
007B0
7FDC6
00B69
002FB
0051E
7F88D
00481
004AC
7F8A9
002ED
00000
7F526
005BF
0011F
7FB8C
7FD16
7F9AA
008BB
001C8
7F54F
7F6E3
7FF49
002D2
7FCBD
00166
7F7C8
00F47
00878
00013
7FCED
7F741
7FDB5
002B4
00FFA
7FAB7
000F2
00185
01191
7FDD7
00AEB
7FDBC
00500
7F61A
7FE15
00C50
7FFEB
00679
7F632
006B9
00056
7F6A0
7FA0A
00C21
7F966
7F8B9
00A6C
7FB6B
001FE
00899
007AF
7F8DF
001B9
00158
7F992
7F9AB
7FD4F
7FEAB
007D8
005D5
003AA
7F78A
7FAAA
7F94B
0017A
00200
001FD
7FC01
7F340
7F70D
004A6
001A6
7FB7D
7FDB5
00888
7F4C2
7F6E0
7FFED
7EEA3
7FEAA
7FC78
7FBC1
00286
7FCFD
00819
7FB2B
7FA2E
0008E
0095F
7F3B3
7FBE3
0036B
000C3
000BD
0040D
7F479
00F49
7FC00
7FC8F
000A0
7FB5E
00339
7FCA2
00705
00775
7FA74
00124
7F641
7FB90
7F626
7EBBB
7F793
002A6
7FE95
00A39
7FF9D
0012D
004AF
00E22
7F6B4
7F770
0038F
00841
7F590
7F801
7FD83
7EF1A
7FB2B
7FBB1
7FA00
7ED04
00463
01488
7FBD3
7F604
000F0
00069
7FE3B
7F7FC
7F2B0
00263
7FBC1
7FF10
00D02
7F34A
003B1
7F453
00122
7FD1D
7F77A
005DE
006D1
00521
7FDD1
7FCD9
00119
00946
7F7E3
003E4
7FB08
7F75F
7F4B1
0123F
7FE31
7FF4D
00700
00A28
7FC9B
00754
00128
7F616
7F99B
00127
7FB38
0055C
7F635
7F981
7F056
00AE4
002DB
00D96
014BD
000B8
00B47
7F817
002F9
001A8
00426
011A4
7FEE5
7F98C
0023B
00174
7F600
00683
00371
00906
00692
00058
0039C
7F809
7F659
7F9D0
7F6F1
7FFC3
7FE44
0022E
7F573
7FBF9
011FD
00C52
0078F
7FDC5
7EF4F
7EF1A
01061
7FF55
009A7
00305
00B68
7EFB2
0151F
7FC61
0010A
00E58
00DFF
006E8
00A2E
008A6
7FDEA
7FDFF
0043C
00439
001A9
7F356
00015
7FBE4
7F9F0
7FAEA
7F928
0093A
7FA00
00112
00076
00F2F
00436
7FADF
7F8BE
00C75
7FE56
006F7
007E7
7FAB6
00AAA
7EC4E
7FF63
7FFB5
7FC00
00452
00767
7FF72
00F81
00FF6
7FFDE
00D85
7FABF
003C6
00326
0084F
7FFE5
7FA1C
7FF96
00360
7FA75
7F96D
7FFDE
0144D
00804
009E4
0071D
7F581
7FD1D
7FBFB
7F8B7
005C0
7EEAB
7FCA4
7FA5E
7FF3B
7FE97
7FF33
00957
7F2AD
00144
7F87A
7FE95
007F6
00918
7F1AE
7FAC3
0061B
00286
0021C
004C3
00965
7FA02
001A8
005FD
00EFA
7F7A7
000C6
7FEBB
006D1
7FDCD
00270
00826
00638
002DD
00672
004E9
7EB3C
7F800
00563
00FB5
00354
00BA6
01022
7FFFA
000B9
003B1
7FC66
7F185
7FD77
007B6
7F3BA
00319
00D3D
0087D
0014E
0037D
00505
7F75F
7F750
000D5
004CD
7F1DB
7FFCF
00608
7FCC4
7FDD3
00653
7F8E4
008BA
7F401
7F92E
003EE
004BC
00092
7F99F
7F9F0
00791
7FE77
7FF36
0119D
7EE1E
00676
7FB76
7FBD8
007D4
7F784
7FCDA
7F8B2
7F865
007D6
00E1B
00848
7F5AB
002CC
0064D
014A9
001FE
00274
7FA58
00F3D
7FE83
7FC00
008B6
7F7AB
7E81A
00770
005AD
00300
7FAE4
7FAB6
00739
7FE83
000D2
7FD54
7FDB9
7FD49
0075F
0133C
005C2
7FE30
002FF
00953
7FF54
7FC4F
0037B
7ED9A
00841
7FF52
7FDB5
7F83C
00FB8
7FD4A
00661
0043D
7F641
7FDF9
7F653
007F3
7F2D8
00408
003C7
002CF
0061A
7FCB5
0011D
00132
00038
0003F
00084
7FE27
00736
7F657
001CF
00A5C
00988
7F894
00577
7F691
7ED7C
7FA12
7F914
0040A
002C3
7F6E5
7FBBB
00200
7FE69
007AF
7F929
00F26
00C25
7FB8B
00710
7F7C2
000E1
00315
7FFA9
7FD26
003AF
7FBB1
0073D
00000
00816
00641
00072
00862
00354
7F869
7EE84
7FE19
000B5
7FBDF
00953
7F128
00086
00DAA
7FE1B
009FF
7FE82
7F9DA
7F762
00555
7FDC3
00082
7F74F
0003E
7FCF3
0009C
7F936
00756
7FF99
00EB4
001D8
7FC00
007C6
7F836
7FD07
7FB22
004BD
004EB
00654
011E5
7F95D
0006E
7F47E
0025B
00583
00E8F
000EC
7FA00
7FFB8
7FE49
7F7D4
7FBD0
00D1B
0092A
7F966
7F590
002B3
00855
0067E
7F734
7FD4F
7FC31
0048D
7F764
7FE96
0007E
7EFF1
00887
00780
004F3
006FF
007CE
7FE43
7F950
7FA77
00FC6
7FC5E
008CE
7F7EB
00713
00811
0024F
7F947
0044B
00604
7FBA2
7FC1B
7F1EB
7F0C0
7FD77
001ED
003C8
7FB0C
7FE53
7F3F0
000C3
00AF6
001A7
7FDEB
007F4
002E2
7F584
7FBE3
000FD
009DC
7F840
01776
7F960
00797
7FDC1
00925
7F200
00DAD
7FDC9
00459
7F2B2
00FFF
7F4C7
00D8A
00114
7F9F3
7FC7B
0035B
7F5BE
00569
7FFFD
00307
7FD2C
7FA56
00301
7F46A
00994
7FB6C
7FE4D
002E2
7EF3F
7F6D7
0001B
00265
0039E
7F704
00626
00111
7FA01
00444
00426
002A8
0091D
00A55
00B38
7F9EB
7FD64
7FBB3
7FBB8
7FFC0
7F7D8
003E7
0096A
0073C
7F4B2
7F84E
7FF18
00D37
0116E
7F401
7F849
7F9C6
003E1
000AB
7FEE8
00994
004CB
00DCB
002A3
00FCC
7F800
005CD
7F953
7FB03
7F6ED
7F4BB
7F998
00AE2
7F6D2
7F4BC
0041D
7FDA7
7FFA6
7FE91
007EA
00F95
7F911
003BA
009C8
7FF53
0036A
00350
00621
00351
7FADB
7F81F
00023
01230
7F920
7FB37
00782
7F177
0087C
0066B
7FF26
7F904
7F60E
7EEB7
7FC91
7FA9D
00B32
7FE99
01444
0086C
008EA
7FFAA
7FB9A
7F48E
00568
0091E
7FBBF
7FE8A
00162
00165
7FD14
00B9B
00183
7FFFD
7FB67
0099C
0046E
00BFD
7FB55
7FFF1
00C00
7FFF6
7F89D
0013B
00475
000A6
006BB
00E55
00496
00E94
003A3
7FC9B
7FCA0
7FCDC
0059B
7FD16
7F202
7FC6A
00E1D
004D2
00051
0080D
007A6
7FD03
7FD12
7FD83
00928
7ECF2
002EE
7F367
7F720
00278
00001
7EB0F
7F39E
7FBFC
7FB8C
00022
7F6E1
7FF47
00769
0025F
00A89
7F041
00361
7FEF9
7F9BA
00317
009FF
7F614
7FFFF
7F582
7FFAD
002CF
00069
00D32
7EEEF
00408
7EE55
7F16A
7FD12
7F523
003E1
002CC
00000
7FD4B
008AF
00517
0053B
7FA2F
7F4CC
7F9F6
000E8
7FEE6
00539
00391
7FF70
007A7
00158
7F5E3
001B7
004FA
7FFC4
00413
7F4E4
7F8A4
7F3AD
7ECDB
7FFAD
01345
7E54D
00C32
00CD2
004C1
7FEA4
7FBF3
00B50
004FF
002F8
7FDC8
7FBFC
000A3
7FBE1
7F687
7FBEA
7F6DF
7F396
007D4
00074
7F67A
7FA38
002AC
7F55E
7FD6A
7FFA1
007F2
7F9B2
7FA39
7FB78
7FD9D
00ECB
005DF
00E3F
7F052
00466
7FAAF
7F551
7FB1B
7F600
000B2
00775
7F78B
0086F
00048
7EC05
0054F
7F270
00302
7F9EF
00059
7F676
002B0
7FFB7
7F50E
0016A
7FCCE
0048B
002B4
7EEC9
009B3
7F798
005A1
00476
007D9
004EC
008A4
00194
00599
00C1E
00B16
003FF
7FF4F
7F8E0
7F69C
004EE
004B4
7F8D9
00BA9
00E47
00A1D
7FFFD
7F16F
003F9
00DEB
001DC
7F663
009E7
7FB2C
7F545
009C2
006E7
00AE3
7FE13
00A4E
7FFAF
00364
7FF5D
00D0C
7EDD2
7F559
7FC75
00910
00C00
00DC7
7FFC2
7FEC2
7F918
0000F
7EDF0
7F941
7FBCE
004A8
7FF43
003CE
009B9
007D3
7FEDA
7FFFD
004EA
005E1
7FD69
7F7E7
00066
00522
7FFFB
00139
7F98F
00507
006BC
001C2
005A1
00642
00E25
7FF9A
00CB8
7FAD6
7F0D1
7FEFA
7FDCB
00724
003AC
003E7
00202
7FB72
004A8
7F987
7FB9C
00DB9
7F7C9
7FB94
009B0
003DF
7F2C1
00B49
7EDB5
00F38
001B7
7F062
00DC7
0021E
00593
00304
00039
7FF7D
7F9B6
7FC0A
00800
7EF8F
002EB
01057
008DA
7FF44
7FEE7
00622
00257
7F78F
00660
7F17A
004DB
00782
00521
0083C
00BFF
7FEE8
7F3EC
0021A
7FED8
7FA92
7FD88
7FAB1
7FED4
0060C
00606
7FA57
7F8AD
00050
7FAB7
00372
003FF
7FF6F
7FD48
7F036
003A1
00B69
0011E
7F07F
00DA6
7FDB1
7F887
7FF15
7FFA1
009EB
7FEDC
7EE00
00000
7FC57
00092
7F7CD
7FCAD
001BC
7F273
7FA5D
7F92C
003D6
00664
7FAAC
7FAD8
7FDE5
7F150
7FAA7
7FA00
0097F
7FF18
7FCEC
7F612
003A1
7FF20
7F7D5
7FE9A
00408
7FCCD
00098
7FB75
005CF
7F66E
7FC4F
00538
00841
003D1
0022F
0042C
0066C
00D2B
7F977
7FE13
0046D
00EF6
7FDE6
00543
7F674
00427
7FEDC
7FD2C
00090
00329
004DC
7F29F
7FB28
00612
7FD4D
001A2
004E2
00240
7FD15
7FE40
00265
7F2DB
7F72C
00B16
7EE13
00F01
00BAB
00B77
008EC
7FF09
7F968
00B73
0074C
7F68F
008C0
7FDCF
00349
00768
7F866
00000
00F7F
0058F
7F913
00A48
7F1C4
7FD1D
00870
7FE99
0006D
7F4F0
7F9E4
7F863
00B64
7FC3F
7F9B0
7F61B
00526
0067A
00E7C
7FC66
00008
0001A
0043B
7F84E
000AC
00798
00149
7FE1F
7FAFE
7FD7D
7F604
00201
00B87
00FAE
7FE74
7FDF5
00D13
7F014
003A5
00712
7F723
00401
7FE17
00047
7F26F
00798
7FFC0
0016A
7FE17
00E24
002F3
00563
7F81C
7FEF5
7FDC9
7F87A
7FA34
7F32E
7F928
7F4F0
7F3D5
7FAD6
7F7DD
7F800
7FADF
00418
00034
7F44E
7F624
7FAE5
00011
7F4D4
7F6E9
7F8E7
7FAC6
7FC53
001B3
00764
009E1
00115
004D3
7FDC3
7FF7A
004A4
7FF20
006E1
0055D
7F459
7F951
00734
00929
002A8
000B0
7FD65
7F39B
002D3
00B9F
7FB5E
7F173
00799
00224
00BD3
7F95E
7F612
7FF4A
009E7
0082B
007D3
005CC
01203
7FBA9
7F746
00740
7F9C1
004D2
00873
7F791
00584
00087
00198
7FE17
00240
7FED9
001D2
7FD6B
7FDEB
7FCD6
00800
7FAAE
7FFA3
7F99A
00674
7FCED
0024C
7F9A1
009FF
00032
7F3DB
00508
7F14A
7F5A8
004EB
000F0
7FC01
7FCC8
00209
7F75C
7F9DB
0114B
7F38A
00243
7F059
00AB4
00CBA
7F88B
7FC91
7FF5D
0054B
7FFA0
00001
7FA2C
00B36
7F68A
00BAE
7F3E2
7F3AF
7FB90
009FF
7FF19
7FD57
005F8
0023A
00353
00743
7FC56
7FC00
7F487
7F8C6
7FA58
7FC04
7F4A5
00584
7F75F
7FBAA
7FFD8
7FC6E
00A9F
007E9
000F0
7FF7F
0044B
7FC00
7F815
7F180
00DA2
000E0
008A8
005CD
7FB3F
0061E
0075D
00A05
7F3C8
00965
7FE5D
7FDD0
001A1
00827
7FF9D
7F73F
7FA6E
7F2D8
00314
7FF51
002BF
7FB19
0006F
7FA56
7FDDB
00D6A
7FFA6
7F3BB
7FD81
00F8D
00A5F
7FDBC
7FEC1
7FFF7
7F852
00C69
7F544
001CE
7F862
7FA19
7FE9B
7F7F9
7FDDC
0006B
7F7CD
7FA76
008FC
7FF17
7FE72
002CF
0157B
7F70C
7FAED
7FCE4
7FD61
7FB4A
0004F
7FD22
001D5
7FB31
00FD4
00E00
0075E
001D5
7F83C
008EE
00987
003EA
7F9FF
00497
006D8
7F341
7FA62
7FD86
00108
0072D
003F6
005A7
0019C
011ED
00534
7FD89
00675
0031C
00CED
00539
0074C
00050
7F9A9
7FB99
0066D
7F941
7F96C
005FF
0070A
7F844
7F94E
008AA
003BC
00505
7F5C6
00B15
7FD8B
00FD1
00AE6
000F2
7FF41
000F7
7F6F8
7FD2C
7EF75
00712
0017C
006DA
7F9EF
01088
7F899
7FDD6
7F7F0
7F56C
00039
004A3
7F8AC
0097D
001BB
00200
00862
00067
7FC2A
7FFA9
7FD57
00DF4
00188
7FB01
7FCDF
7F752
7F73C
0013D
0032E
7FF7B
7FD79
009AE
7FFED
0012A
00B5E
7F6EC
002C9
00563
7FBBB
003EA
7F116
015A9
00DEC
7FAC2
7FB6A
0025D
7FC1E
7F61A
00286
7FC2F
7FEF9
7FAF2
009DE
7FDC9
00B89
7FBB3
7F7D5
7FE23
00B1A
00015
00359
0007D
003E6
7FD84
00A8E
00EB2
0066A
7FA21
0096A
7FF4A
00611
7F9C9
7F56E
7F855
7FB8D
0010C
7F6FA
0089F
7F7A5
00400
7FE45
001F9
000A0
7FB13
7F915
00123
0081A
00496
7F9E7
7FAD5
007AB
7FA6D
00E6D
00461
7F0FB
7FE00
0090B
7F886
7FE0A
00160
7FD5B
7F437
7FC22
0036A
7FB95
7F944
00C6E
7FFDC
00C62
0019F
7FF95
7F801
0054B
7FF04
002AC
000EE
7F895
00CA5
00F5B
00769
000B4
7F91F
7FF17
7F09C
003AE
00359
00519
00600
7FF1E
00426
01B3D
7FA9F
00378
00058
002EF
00096
7FE1A
00523
006D9
00D1A
7EF07
0044D
7FD2F
7FE00
004FA
00B71
7F7BE
7F77F
7FBA7
00994
7F4FC
00279
0087F
7FC24
009C6
00BB9
7F7E2
016E9
7F7AB
00496
7FF13
7FBD0
7EE9C
7F50E
7FD73
00627
00A07
7FFFA
00816
7FE53
0073C
00632
00938
00075
7F7BC
7F784
001FE
7FFF3
7FE4B
7FB38
0066C
7FF9B
7F53D
7FB5B
7F9E1
0066F
010FA
00161
00419
00469
0028E
7EF10
00D4E
7FB12
7FB62
006D7
00552
7FC06
7F445
00351
7EF40
7F809
7FCDF
001DC
7FCC2
00261
00AD9
00800
007BF
7FF4F
7F95C
7F895
00639
7FBB1
00DAE
01134
00B63
7FAF9
0009F
7FE99
002CB
7F9DB
004B5
00000
008A9
7F74C
002FC
7F736
00409
7FF7B
7F55C
7FC4E
0032F
00B48
7F4C2
7EA58
00178
005E7
00165
7F001
7FFC9
7F6CA
00148
7FF70
7F5FD
0045B
00C1F
00A31
01A16
7FEE3
00141
7FA4E
7FCAC
006D5
7F5C7
005A8
00362
7F1D2
007E3
0098D
7FA5C
00BC0
7F82F
7FE78
7FAFC
0053F
008BB
7F9A6
003E1
00787
7FF1F
00400
0007C
00CD1
7F5EA
0053F
0004C
7FEAB
00771
7F692
004FE
0071E
7FB36
7FFFA
0003C
7FBCE
00160
7FD43
00A9E
00432
7ECA1
001A9
00628
7F521
00A81
00A84
00527
7F692
7FBD5
7F42E
00152
001FA
00034
009E6
0004D
7FF7D
7FBA0
00069
00414
00404
00262
00453
7F80A
00319
7EF15
7FA8C
7FC60
7F41A
7F673
7FF7E
007D1
7F662
0014C
7F666
7F68A
7FD11
003D9
001F9
7EC11
0084C
00416
7FB34
01184
7F88D
0049C
00800
00066
7F7BC
00A94
7F993
7F8C5
000BD
7F751
7FA96
7F461
7FA5B
7FF53
7F5F1
7FE40
7F97B
00E1E
009FF
00390
001C0
7F412
7F95C
000C4
000DC
006ED
00712
004C8
7EE31
7F7F4
00B7A
00C4E
004B0
00131
7F400
7FF23
00410
7F767
7FD43
005A4
00206
005BE
7FD6A
0002C
002BF
00769
7FD97
7FCCE
7FCAA
00506
00200
7F73F
005C3
7FF1B
7F7D3
0067B
7F463
7FE31
7F8EF
00102
00165
7EA3C
7F901
7FE4B
7FD2B
00B68
00200
7FC1A
00227
00678
7F5F9
7FEC0
7FD03
00749
7F8C8
004E6
0000E
7F694
7FE9E
7F158
7FE56
7FFEA
7F6C5
7FF74
00A1C
7FDBB
7F4E7
00234
7F68F
7F78B
7FD9C
00051
004D6
7F0E7
7F8EE
00912
0124C
001B2
7F61A
001B1
7FDEB
7FCC8
0020B
7EED2
7F94C
7F5FC
7FBB1
7FB98
7FBC5
00399
7FC0A
7EA14
00238
0003F
0055A
001A3
00D1E
7FC36
00970
00A04
7FEAF
7F379
0082F
7FA65
7F53C
7F102
00D1C
00714
01013
002C8
7FE00
7FCD4
002C0
7FF9A
7FB85
00497
7FEF1
00355
7E8F0
7EC8B
00419
7FD8F
0047F
7F628
7F441
7FE74
7FA59
7F36A
005B6
7FF2A
7FCD4
000E8
7FC50
0012F
7FF5E
7F358
7FFE7
7FD7C
7FBE2
00CEE
7FD82
0041D
7FE00
00267
7F98C
0089D
7E67D
0057E
00222
0025C
7FC92
00106
00173
00B51
006E7
7FDD6
7F5A8
7FF28
7FD2C
7FB89
0090D
7F0DB
7F9C7
00463
7F5C5
00415
7F715
7FC60
00307
00D34
01377
7FFC9
002E9
7F374
00000
0003F
7FBB1
7FB2B
004F1
000CC
0047C
0036F
7FB1C
7FE6C
7FA77
00103
7F4E4
7FC9B
7F9D6
00446
7FEBD
7FFAC
00689
000DA
7FB86
7FD18
00E22
7F725
00C97
000AE
7F20C
01651
7FB55
7F691
7FB40
7ED55
0087A
7FBF7
00275
7F9A3
7FB2A
7FD5B
7F35D
00061
0047A
7FF66
003AD
00AEE
0021B
7FDA6
0040F
00B15
7FEBA
7F7E0
7FF9A
00692
000A3
7F20D
00CCE
014BD
7F5B7
7F8A7
7F8C1
7FB68
7FD43
008E7
7FBCE
006C2
00C00
7F7D4
002D2
0071A
005B1
7FFB7
7F696
00A2F
00AD3
003B9
00730
7F8EB
7FB87
7F8CC
0068D
008F2
007FF
003E1
00176
0050D
00078
7FFF8
7FEE4
7FAEE
00AD2
00653
0013C
7F1B9
7F64E
7FC6C
7FAFB
00083
7FC00
7FBC8
00711
7FE6E
7FE4E
7F845
7FD13
0076A
0052B
7F8D4
00160
7FE4E
7F87A
002C6
00BFE
00298
00000
7F91F
0024F
00F43
00389
0031D
00FC9
7FA33
0052B
7FC83
7F88C
00D35
7FDB4
7FCF3
00022
7FD37
7F600
7F725
00155
7F237
7FB7D
7F2DE
7F438
7F96D
7FC48
0089E
7F8CD
7FA21
00976
7F849
00590
00BB4
00E75
7E714
009A9
7FCD6
00BCE
004BE
7F87E
7F7C7
7FAA5
7F7FC
000A6
7FB29
0051D
7F2FF
00496
7F9D9
0016A
00D75
0058B
006C5
7FA6E
7F931
7FF67
0094B
00242
7FB9A
7FB41
00B42
7FE99
7FC84
7F9FB
004E7
0129A
00AF6
007C4
0034E
7FE2D
00423
7FA98
000C7
006B9
7FB65
7F61F
7FCF0
008D7
7F567
7FC84
00EF0
00200
7F254
00C08
000AC
0057D
7FA77
007DE
005B9
7F745
00B11
000E0
0052D
0035F
0088C
00799
00C20
00B4F
7F7CB
001B8
00E53
001AC
007A6
001B0
7FB52
7FF8E
7FED3
0017E
00179
7FE40
00470
7FE93
00AF7
7FE00
00B90
7EEB7
00262
7FCDE
7F73B
00311
0049A
7F025
00308
7FFE2
7FBFA
0038E
00B50
00EE4
00390
7F784
014EB
00C67
7F8F1
7F9E7
7F923
00539
7FAA1
0064D
7F56D
7F600
7FFBB
00492
7F64B
7FF1C
0037F
01000
0048A
7FDF2
00EE8
0049D
00456
003EE
7FB08
001B0
7F51B
002FD
001F1
00257
00089
7F750
7F339
0024B
00711
7F731
7FF9A
7F980
7FA06
0099F
00721
00A5A
006A4
7FAAE
012C5
00C77
00923
7F036
7F8A4
7FE95
002C1
7FC31
006E8
00632
009C2
00B52
00871
7F2F1
7FA68
7FF8D
7F64D
00011
00263
7FE53
7FB96
7F189
7F632
7F0EF
0089C
005E2
7F89C
003BE
7F866
7FF8C
7F953
7F517
7FE52
0091B
7F295
7FCE4
7F72B
7F600
00B6A
0013C
00CA3
003E0
00666
000A7
7EED7
00169
7FC67
7F463
7FC48
7F8D5
7FE41
000DF
7F874
7F401
009E5
000DF
00A58
7FCE7
7FAD4
7F462
00273
7FBC2
7FB43
000A7
7F9F9
7ED81
7FAD2
0013C
007E0
7FE00
7E708
00012
00527
7FAF5
0051A
00035
0023F
7FE96
7FD0F
00518
7EB8C
006F7
7FBEC
0037C
006AB
00800
00564
0037D
0017C
7FC45
7FC43
00519
7F6C0
0043D
7FE3D
00035
00BE2
7EAB7
013BA
00011
00366
7FA00
7FC36
7FD4A
00216
0069D
7F68C
00688
7EDAE
0105A
7FE85
7F41F
00BC9
7FB73
00B75
00756
003CD
7FBB9
7FDF5
00E5F
002BC
7FF9C
7FCC0
00713
7F797
7FF6A
7F9F4
00002
7F637
00F37
7F69D
005CC
000CA
0016B
7F39D
7F85D
7FEA2
7F472
7EF34
7F988
00101
7FA07
7FA22
0048F
006E3
7FB65
002A9
7FFE5
00850
00827
7F772
7F82F
00360
7FE42
7FD40
00122
00440
001FC
00109
7FB93
7FE62
009C1
00553
7FB02
0026F
7FE00
007AA
7FA48
7F567
0085A
00304
00A07
001AB
001A9
0017D
7F965
7F6E2
00B6D
009F1
7FC43
7F526
7F8EF
00EF9
00CC9
001D6
7FEB1
00E3A
7FD84
7FF39
7FE26
7F505
7FFAD
7FC53
7FFB5
0052A
0076A
0001E
7FC00
7F752
00358
0088B
7FFC7
7FF2C
7FC55
7FAE3
00E76
7FCC3
7F2F8
005D8
00247
0005C
7FC14
00433
7F074
7F07C
7FC05
00A68
7FF6B
7FB6D
01463
7FCE2
7FF3B
7F8F3
7F4ED
7FFE6
00031
00A52
7F7CD
7EC48
00200
7FE64
7F9BD
00118
002FA
004D9
001B9
7FFC2
0065F
7FE8A
7F471
7FA2C
7FEDE
00300
000AD
7FE99
7FEEB
7F720
7F76E
7FD0C
7FB3E
7F242
7F36E
0036C
7FC95
003E6
7EE87
7F9EC
00AAF
00CD3
00246
001EE
0087E
7FE81
7EDBA
002E6
7FF57
00660
7FD4D
7FFA3
7F74C
7F111
7FFD5
7FEDC
7FDD2
005F7
00269
7F884
00425
0088F
7F545
7F811
7FD68
0098B
7F10B
7FF8C
7F6F4
7FBB3
009A4
7F9C4
00232
7EB98
7F751
01724
7FE00
00063
7F62B
00B98
001AA
7F8D5
7F9A9
0044D
7FFA9
00E98
7FE8D
7F831
7F9AC
7F912
002A7
7FEB4
011FE
7F9D4
7FE6C
00EC3
000CE
00043
009E9
7FD6E
7FB2C
7FA43
003EC
000D9
7FE08
7F95F
00153
01241
009FF
0032B
006B3
00171
7FF80
7FD2A
0074F
7FAE1
7F45A
7F157
7FEC1
7FD2E
7F782
01695
7F7C2
00387
005FF
7FA5F
7F70F
001B4
00606
01C71
002C8
007AC
000D3
7F770
7FC70
00C45
7F8CD
7FAE6
0069C
0073B
00200
001FA
7F839
7EF18
0073A
7F48D
7EF63
00508
006A3
7F986
008FF
00ADE
7FB4C
00338
7F531
00451
003B1
7F75A
7F386
7FD0A
7F9F0
00408
0074C
7F8CC
00CAB
7FA76
00449
00278
008E1
7FB5D
004D2
7F206
00000
7FF77
01F72
7FCB2
000FD
0035A
00535
7F83D
7FC0C
7F753
7FF1D
7FA42
7F636
007AF
00253
0013A
00229
7FDFD
003D9
7F7DB
7FAC2
7FC85
7F929
001A4
7FD34
7FE35
7FDCA
00032
00526
7F682
7EE4B
7FB2E
7FC00
7FE53
7F943
7FBE4
00BDA
00409
00517
00101
0102D
7FC64
002EB
7F3F9
7FDB6
7F796
0093F
7F0EE
7FE96
7FF9E
7F3CC
002EB
7FBD8
00323
7FFCD
7F7B6
7F3B4
005DD
7FC0C
7F383
7FF08
00005
000C1
7F477
009FF
7FF65
7FAB5
00A3B
7FB9C
7FAA0
7F92F
0093B
7F2CE
7FCB5
7F9AD
7FE70
00286
005F9
013AA
0040B
7FE97
0035D
7F1A3
00268
0029C
7F64F
7FE0C
7F4FC
00391
009F4
001A6
7EF89
7EC1F
00740
00340
00377
7FE00
010B9
00B52
7F957
00DFF
7F6A1
00DED
001DE
7F84F
00117
7FF76
7F7F7
7F1AA
7F889
7F002
00CC2
7F189
7F86F
002D0
00C57
00816
0042E
001A0
7FBB0
7F32B
006A3
00025
7FC59
7F523
7F8BE
007D3
00C76
00712
7F4FE
7F8F2
7FE54
7FF54
7F9F2
7FAEB
7F955
004DA
7F31D
7F4E7
00866
000AE
7F699
009CC
00C6E
7F4CA
007D9
7FF0D
7FEB1
7FBD1
7FD91
00235
0021C
0057B
008FE
00803
7FF72
0073D
7FEFB
7FF0C
00063
7FC00
01199
7F01C
7FA85
004A6
7F88A
002E5
7FBDC
7F186
7F38B
00581
0023E
00116
00200
7FFDD
7FF1A
00400
0014A
7FAAF
7FF84
00934
7FE42
7F648
7FAC9
7F458
7FE8E
7FD28
00DD1
0029E
0071B
7FEF6
00655
00000
005CF
7FBD9
7F6F0
7F809
7F8FD
002E4
0031F
0027D
7FE18
7EF2A
0007C
7FEEA
7EB2D
7FFDD
7F9DF
007FF
00474
7FBB9
007A2
00A1C
0062C
7F647
00331
7FFA8
00949
7FBD6
7F6D7
7FD64
7FF25
7FEF7
003C0
7FA00
7FF87
7FFF6
7F947
7F317
00043
7F52D
7FA6A
00601
7FFD9
7FC68
00219
00018
7F7ED
010BC
7FFAC
00073
7FC2B
00458
00079
004D2
008E4
00DF8
00890
7FA97
7F705
00121
00A2B
7F8B3
7FC8C
00EBB
7F9DA
7FD2C
00B1E
00578
00736
003B0
00C7C
7FDF3
0035B
7F6D4
0041F
7F8CB
7FF40
7F09A
7F34B
003D4
012EA
7F90E
0024D
00797
00417
7FACF
00003
003C1
7F6D8
00429
7F8DC
7FB85
7F698
0075B
00A71
7EFC0
7FFD3
00200
0012F
002BC
7FEA9
7FBA0
7FD8A
004F1
7FF1C
0064E
7FA21
001F1
7FF9E
7FCD0
7FF1E
7FD45
7F4B0
00000
0026C
7FD19
7FC94
003D0
00058
00734
7FEDF
7FE06
7FDB2
001AA
00BCB
00814
0088F
00B74
00E9B
00DFE
7F81D
7FE61
004D6
7FA43
0017D
0048A
00A59
7FF8D
7FC60
00298
7F8EE
7F586
008AB
00C43
005B1
7FD2D
7F7CA
7ED87
00596
00D28
7FFE8
7F3B7
0059B
00A00
00785
008A6
7FFF3
7F89C
0069B
7F0D1
7F846
00800
7F53A
004F2
7FDF7
004FD
00047
00035
7FB6C
7FAC9
7F6F1
006F4
7FEC4
7FD5C
7F5F7
00EA7
7F615
00498
00184
00451
7F912
00682
00370
7FB02
7FD8B
000CC
7FCFA
00253
7FB8C
7F9DA
7F975
001BF
7FDD8
002D4
001FE
00678
7F23C
00225
00A11
005CB
7FB35
7F3EB
7F50D
7F851
00D55
7FC62
00057
7EFD5
7F9CE
7FD34
00572
00624
7FB04
00760
00A0F
00580
0007E
00856
7F8FD
7FFDA
0044A
000CD
7FCC4
7FCCD
00269
00400
7F9FE
0043A
00021
01505
0034D
011A2
0018A
7FA02
00606
00ABC
00646
7F595
000F7
7FF15
7FA54
7FC00
7FB66
005B6
7FEA0
00749
0118A
7FB09
005EC
0067B
000F2
00A5A
00363
7EB57
7F937
002C1
7FA91
00001
00A85
000D9
00E2E
00249
7FD0A
00A85
00382
7FA00
009F5
7F976
004D1
7FC14
00382
7F5F1
00E6A
00000
7F8B2
7EC3E
00001
7F968
7F12F
001C5
00C68
7F584
7F676
00A6A
00494
7FB03
7FF41
7FF40
0054C
7FA00
7F56A
00018
00609
0095B
00319
008DF
7FC1E
00255
7F51B
7F138
00874
004DE
7F7C3
7FF47
7F649
7E718
7FF0E
7FA55
00AAC
7F748
7F4AC
7FE1A
7FA65
00C1A
000B2
00A67
0032E
7FE7E
00995
00863
007B6
7FE96
7F016
007C0
7FFA0
7F423
7F70B
0032F
00751
00195
7FD9F
005FB
7FDED
7FBB2
7FFED
00483
0029A
01258
7FD2C
00258
00346
00686
7FCBD
7F876
00296
00318
7FDF9
7FCA4
00282
00023
7F932
00EAD
7EA03
7F000
7FC26
00B58
00677
001B3
7FDCB
7F5AE
00D14
00074
7EFD6
00590
7FB6E
00835
7FEDB
01C79
7F9F2
7F4B0
7EEC8
00058
7FA2E
7F809
0098E
7FB5F
009B8
0033F
7F7DE
00738
7FFA7
7FAE1
00173
7FFD5
7F8C9
7FC01
7FFD3
7FB3F
7FDEA
7FD07
7F6CA
7FFC9
7FA7C
00650
7FA47
0030E
008E1
00B3C
00732
004DF
0072E
00000
7F484
00486
7FE61
0022E
001BD
0026D
7FAFC
007D6
005D8
00EAC
00780
7FB81
0033D
004CA
001E4
7FE00
00366
7FAC1
7F5A6
7FCEB
00BC0
00177
7FEEA
00B66
0004B
0009D
7F919
7F1EF
7EF9C
007D0
0051A
00C4D
7EFC3
00D94
7FD8A
00102
7F837
000A5
001C2
7FB7D
0054A
7F16A
7F452
007DF
00145
008FF
00931
7F8ED
7FBBE
7FB0F
007AB
00ACF
00090
7FEAA
001EB
001E2
00243
009A3
7F25B
7FC2F
7F3CE
0049B
7F589
00827
7F7E0
7EF01
7FFD1
7F43E
7F073
0069B
7FC59
7FF33
7F765
7FBAD
7F6FD
7FD35
7F79B
7F45A
00322
7F800
7FE60
7FF98
7F9FE
0057A
7F9BB
005B2
00526
7FF2C
7FD42
7EE9B
7F64B
000A3
00057
00FC9
7FFDE
00BFE
001F4
7FD7F
00570
7E778
7FC1E
7F281
00B23
7FA01
008B5
7EF3F
7FF64
008EC
003A6
7FC04
00088
00BFF
7FED3
008CA
001A9
00126
00059
7EEA9
7FF5A
004D4
000F6
00248
00EE0
7FF5E
7FD85
00A07
006BB
7F802
00371
7F7C8
000A4
7F1EA
7FCC3
7F4E0
7F915
7FA01
001CB
01235
7EE67
7F714
00037
7FE74
7FB78
7FA00
7FC42
001AB
7FAF8
7FC4B
7FB4A
7F4A5
00416
7FAD6
7FC97
7F9A9
0058F
00231
00416
006EA
7FDF8
7F427
7F313
7FF46
7F3C2
7FE86
00697
00071
000A6
7FCB5
7FB3E
00F60
002F6
00C69
7FF4F
008A7
0016D
7FBC1
0024E
0084F
7F8BF
7F829
7FAB0
7F650
7FB8F
7FB64
7F01B
00553
00315
7FD09
00904
00CDD
7F79F
7FE29
7FAE6
7F035
00541
0020E
005F5
00637
7FCAB
00103
0047B
00551
7FB51
01193
7F7AF
00078
005D4
7F600
7F2B8
7F894
7FCF0
7FEE8
00EDF
003E6
7FAA2
0024C
00930
7FAAF
7ECA5
00609
7F67B
7F495
00A4C
7FBC2
0018E
001BF
7FB2C
7F868
7FEF4
0012D
7F359
001D9
7F963
7EB73
00470
00E14
00656
7F76E
7F042
7FFFF
7FD89
7FC78
00A35
7F77A
7F44B
0005D
7FC14
0058A
008B8
00236
0011C
002E2
00089
003B1
7FA21
7F8EE
01081
7FF02
7F9B2
7F6D2
7EEF9
0042E
7F873
000C5
006B1
7FF19
00EFB
00234
7FBFB
0047E
00786
7F600
0047B
7F94E
002B9
7F7AA
0043D
7FD94
008C4
7FC61
7FC60
7F84C
7F31C
7F388
00ABC
005E5
00660
006C1
006E2
010C4
00A90
010CE
000D3
7FFE9
00317
00328
7FDD2
00635
000DC
7FE78
7FE63
00BFA
0006C
00E24
7F77D
008D3
003BD
7FD83
00CD2
00786
7FE47
000D9
7F263
7F2F5
008F5
7F9A9
7FC02
007F4
005BF
0022C
7F475
7FF02
00189
7FB0F
000A1
00879
004E1
7FE5C
002DD
0054F
0088B
01E6A
7FE23
7F386
7FFDB
7F200
0013A
7FD49
7FB8B
0030B
7FC1F
000D0
00344
7FD84
009A1
00705
00D85
7F477
7FC2B
7EEB2
0089A
001FF
7F1C8
005C2
7F715
7F942
7FE22
7F97D
0056D
0032B
7F458
0051B
7F449
001B8
00DB2
00494
010AC
7FA00
002C6
00D08
0078A
00844
00A67
0095C
7F934
00E7B
00902
7F9B7
7F5FD
00B88
00869
7F98B
7FFE5
7FA01
0097E
008E3
006E9
7FB6C
0019D
7F9FF
7F9EB
008D2
7FE6B
7F12F
00BD1
7FE49
002C4
0058B
00652
00800
7FEFD
00854
00545
00370
7FE45
00A96
7F72A
00A4D
009C6
0081C
008AE
005BE
00AC2
7FA49
00BA8
7FAC7
7F224
7F3C4
0010A
00960
7FBA7
7FA0B
7FAB1
7FF1C
7ED3C
000D1
7FF3C
7F80C
7F539
002B8
0021A
00000
7FC07
00699
0036B
0099B
7FEC2
00004
7E911
7FD99
7F9C7
00303
7FC1F
7FFE9
7F6A8
01424
0016D
00000
00317
00204
004C5
7F33D
00B95
7FF07
7F2FD
7FCBA
7EB65
000E5
0053F
00958
0076D
7FD1C
00BA3
00600
00616
001A5
7FE83
01273
00A43
00352
7FA7E
7FA76
00589
0046F
7EF99
00D7B
7FB47
7FCB8
00166
00169
00972
7FEAE
7E5E1
7F8D0
00294
007FB
7FF4B
002ED
7F6D2
7FDDB
7F8F7
00138
0029E
00452
7F286
7FC00
002F6
7F4B8
7FB0E
7FE06
7FDBD
000CA
00748
0024B
7F3E8
0011D
00B27
7FF32
0028D
0040D
0007F
7FE97
7EFA2
7F02B
002D1
7F960
7FF95
00465
7F4AF
00360
7FBF3
011A9
7EA95
7FFE5
7FA88
7FE23
7FF04
7FE00
000C7
00759
7FF1B
7F929
00405
00FC1
7FA60
0020E
0023D
00220
0038D
00ED5
00AA7
7F20C
00AF1
7FB68
00050
7FF9D
00508
7F73A
0035A
00956
7FE0D
7FDFB
004D2
0052F
7FAD3
7FF1A
00058
7F881
0055C
7F784
00077
7FC2E
00C4D
0106B
0011F
00BED
7FF62
7FFB4
7FED0
00070
00FBF
01231
7F7CE
01068
7FA60
00849
009D2
7F946
7F641
00B93
7F5D6
007D8
00412
7F1C1
00BC2
00B8F
00C1A
7F363
7FC15
7F723
7FED3
00400
00FAB
7F908
012E7
01CF2
0051B
7FBFE
00064
005C1
00057
00064
7FC53
7FB61
7F87C
004F4
00225
7FE00
005E1
00427
7F966
7FBDC
7FED9
004E8
005E8
7F498
0045A
7F78F
00330
7FD18
7F2C6
7FBAD
00D91
00000
003CB
7F840
7FF71
00006
7FEF0
0019C
00AB4
00E3C
7FB95
7FD11
0038A
008A0
7FF5E
7FA63
7FC7B
7FE00
7F506
0003B
00BA7
7FF2E
7F931
00325
0020E
7F76B
007FD
7F556
00590
006E9
002AF
7FF56
000BE
7FE00
000DB
7FA33
0085B
0016F
7FCC9
7F9BF
7FF30
009FC
7FC9F
0036E
0064B
0011D
009AD
7FA6C
00393
7F0A4
7FFF4
00497
7F298
7F4AE
7F692
009E4
008F5
003A3
00328
7FD11
005D3
002E4
7F7E8
00683
002C8
7F8EE
7F8AF
7FC5A
7FAA7
00EC7
7F7F1
00355
0035E
002BC
00C66
7F6A6
003B7
00BD1
01130
7F228
01092
009AF
7FA70
00104
001D5
7FF8B
00F2E
7FA7C
0014C
7FA65
0014C
7F929
00202
007B7
7FA47
7FDDB
002F7
7F600
7FC1B
003F8
7F71F
00586
7F4DB
0082A
7FFB4
7F27D
00DC9
7FF06
011D1
006E5
00184
7F394
0099F
002D4
0085F
7F729
0097A
007F4
7FFEB
7F072
7FC5E
7FD32
00888
7F9E1
7FBBA
7F4B6
00432
7F8CF
0083F
011FE
7FC83
00214
7FD8F
7FBC4
7F948
7F406
7F0C4
7F448
003BD
7FE9D
00128
7FF16
004E4
7EF85
7FFF7
005A8
7EC54
0009B
7FC13
00804
7F5CF
7F503
7F924
7F1DB
7FD19
00C32
7F824
00009
7FF65
7FDCC
006B8
00C00
01289
7F895
00048
7F3E1
7F57A
7F955
00119
0020E
7FFF6
7FE36
001D5
006C2
7FB7D
0057B
7F31A
00423
00B66
00588
00218
00950
7FC92
7F9AA
007AB
7FF58
7FE4B
0033D
00544
7F950
7F6DE
7FF29
00194
7FA58
00381
00ABE
7F38E
7F4DB
000B6
7F98A
00297
7FFB3
7FEE8
00120
7FE21
7FFCC
00310
7F587
7F7EF
00E54
00214
7FF12
7EE9B
7FA19
7F599
00560
7FA42
002BD
7F5CA
7F3E2
0020D
012B1
00180
7FCA4
0006C
00400
7F2F9
0032D
7FD35
00481
7F32F
7FDF7
0033A
0063F
7FD91
0039C
01A5E
7F79B
7F0D2
0013F
7F2B3
7FA00
7FD84
00389
00692
7F3FC
00EE4
7FE2A
011AE
0023F
00463
0095B
7FA9B
7FF03
009D8
7FCE8
7F8E5
00400
7EF12
00B59
7FC00
7FA53
7F828
00356
7F09D
7FDC2
7FB98
00007
7F89C
7F3EB
00310
7FF9F
0050E
7FE00
7F34C
00399
7F2B7
00530
7FFCF
00630
00631
7F9C3
7F8FC
7FD59
7FFEE
7FD7B
7FEDB
7FC95
003A3
7FE00
0084F
0049D
001E0
00983
7F6F2
7FBA5
00D65
7FE00
7F45E
7FD44
00435
7F002
7F04F
7FFDB
00232
006C1
0030A
00198
7F9B2
7F6B0
7F8E0
7FB4E
003B3
7F572
7FFCD
7F97F
7FC52
7FC26
7FE8A
0023F
0043C
7F4B0
7FB8F
00DBE
7FBB0
00EAF
005EE
7FDBC
0127F
7FB7D
0038A
7F68E
005CB
7F756
7F638
0055F
00145
00000
7F868
7E808
7FAD7
00DB3
7FE49
005BC
0073A
005AB
003D6
00472
00747
00461
7F58A
000BE
00262
00800
009A3
7F579
7FA5B
008FF
7FE8D
7F4FF
7FA98
7F82B
00857
003BA
7F644
003ED
7FACA
7EFC7
7FCF1
00000
00490
7FE43
7F1C8
7F184
7FEDA
7FE1A
7FE1C
001FB
00B85
7FC71
7F4D3
7F33F
7EF50
7FF6C
7FD87
7FC00
7F122
0087B
00666
0007F
0067C
00C34
00575
7FCC2
7FEDA
000F3
7F4F0
7FB43
7FD84
009AB
7FD12
7FA58
009A0
7FAE9
0059F
00A70
00CD3
7F78C
0017F
7F601
00754
7F907
0027E
00BA3
7F77F
005C5
7FB27
00400
7F189
7FBA0
00114
7FF12
7FE38
7FBAF
00990
0022A
7FBC7
00C13
7FD58
00AEF
006AF
000AA
00321
7FDB4
00572
00446
7FD97
7FF8C
7FF84
0076B
00545
7FEEF
001F7
7F923
7FDDF
0093A
7F8A2
7F5CB
7F91B
0016A
7FF47
7F9A6
7FEDF
00434
7EB36
7F8DB
7FF01
00879
7F62D
7FC1D
006A3
0005E
005CA
00858
0061F
7F53C
0056B
7FB38
0104A
7FC44
003A9
00B8D
7F844
7FB81
7FA24
0067B
7FBD4
001A6
7FC3B
013C6
00908
00C00
7FD7F
7FC0B
0001A
7F8EC
7F93C
7EEBD
00975
7F32D
7F398
00216
00823
7FA6B
7FA43
7FDE2
004E0
00401
7F1D7
7FF66
004A2
00C42
7EED9
000C7
00017
0032A
7FE41
7FD44
7FF9E
7FA31
0131A
7FC37
7F811
7FC00
7F7E9
00E87
00642
005E8
00B6F
7F032
00410
7F8D4
7FE70
7F4E5
7F93F
7FEC0
7FD1A
7ECBD
7FE8C
00BFE
7FF57
7F957
00BC6
7ECEA
00106
7FCFC
0007F
008D4
0028A
7F871
7F83B
004A3
0079F
00C7D
00664
7F800
7FF8F
0022A
0024C
7ECD4
7FFE0
00903
004D8
007AE
004C7
7EBD5
7F154
7FA67
00687
7F7C6
7F8CF
00166
7F42A
7F6E2
7F9CF
0002A
7FA72
01497
0030F
002CD
00BFB
00763
000BD
7F562
0029A
7ED07
7FE45
7F8EE
7F9E7
7FB02
7F895
00172
7FC62
7F8E1
00073
00875
7F863
7F1ED
7FF9F
7F006
00A92
007EA
7F823
00FFE
7F669
003BE
7FDE2
004E4
7FD2F
00685
000B2
001ED
00754
00EEB
7FF70
7FE08
00DE9
00424
7F424
7FE00
00709
0070B
7F886
7FBC2
7FE64
7F431
00B2B
005DB
000B6
7F1AE
7F6BD
00CFB
7FD0B
00392
7FFCC
7F785
7FC6D
7FFE2
7FEF4
7F530
7F6BD
00D43
000C5
0061E
7FF1D
0062E
00CA6
7FF0F
7FE62
00543
7F8E3
00200
00185
7EFF9
7F952
7EF72
7F3F9
009BE
7FD64
7F93E
00618
7F85D
7FDCB
7F338
7FC22
7FCCD
7FF42
00000
7F921
7FC63
00936
00AE6
7FDFA
00022
00C9B
7F13A
7F35A
00441
7F581
001BF
0015D
00D5D
00858
7FC00
7FF2C
7FF2E
7FBC3
001A0
000C0
0018C
7F417
004E4
00336
004A1
004FF
7F900
007E9
00C20
7FB75
7F673
00C70
7F872
0050F
7F970
7FB01
7F6D3
005EE
00B2A
0047F
00814
7EDE1
00226
00C0D
012F8
7F28E
005A8
005AC
003D9
7F95C
7F7D1
0031A
7F60C
7FB9C
0158D
7FCC7
007BE
00113
00064
7FE36
00128
7FE67
0084A
7F0BD
00040
7F874
7FACB
000D8
7FCEE
00466
7FA20
00C19
00677
7F8AB
009C7
001B4
004BD
0069E
7FE00
0112F
7FC65
00197
7F927
0012D
0091E
00607
7FA02
7FEFA
00C01
7FF4D
7FC21
001AA
7F839
7F71C
001FF
7FE70
00842
7FE2F
006D6
0050B
7F639
7FB13
7F459
00F62
7FDFF
007AF
00965
7FAFB
7FF09
008CA
005FF
7FE0A
0060D
7FF93
7F531
7F756
7F0B9
00C66
7FA00
7FD86
00844
7FFDC
7F6E8
0000C
7FE8F
00137
001FF
7FA55
00D4B
7F3C0
7F2D4
00A72
007F1
00327
7FFA9
7FC1E
005B6
0160E
00B90
00B4C
00230
7FE38
00A00
7FD02
00162
7F50B
003A0
00306
7F4CC
001BB
7FC3A
7F8C6
7FA79
00F6B
0062A
00931
00A9C
7FDD5
00879
0015C
7F8DC
7FAAD
7E624
00207
7FD9D
7F8DE
00048
7EF71
7FA00
005C5
0028E
7FB85
7F5D2
00362
0087C
0077E
7F30F
7F6C0
7F929
7FAAC
7FF42
00926
7EB43
7FD03
7FAFE
7FAE7
7EEFC
00510
00234
00839
7ED14
7FEFD
7FD44
00BC6
7F205
0013C
00C02
7F8D2
00E98
0045D
7FD9F
7F6E7
002D1
00266
00359
0027E
7FE00
00093
7F3A7
0029B
7F4E5
7FAA9
00966
0032F
7FAE8
00372
7FF75
7FAF5
002A9
7F094
0060F
0090A
0043D
7E338
005E4
00909
005DE
7FF4D
7FE4F
7F6E5
0093D
7FF56
0049D
7FE9F
0027F
7FDA3
000AD
7FE36
7FC01
0023C
7F3D7
7FA3D
7E829
7FF30
00479
00128
00898
7F66C
00140
7FFD6
00724
7FF3E
7F5BD
7FA05
7F61B
7F19D
7FA21
7F89A
00138
001CE
00EC7
7FC35
003D3
003B0
7FD54
7FA00
00AF0
00836
7F516
7FCC4
00000
7EC60
00D41
007ED
7F1E4
7FD2C
0034B
0008F
7F686
00290
7F548
009B2
7F9FD
7F088
00108
7FB0D
00589
004F8
7FFBB
00103
0051A
7F3EE
7F67C
7FDEB
00219
7FF55
00166
7F5EC
007C5
0051C
7F747
7FECE
7FE97
014F3
002AB
7FA1B
7F70E
7EF0A
00402
00AF2
7FBD4
005A8
7FA76
7F964
006CA
01177
7F7A9
0015C
7F650
00212
7F4F1
008F3
00E69
002DF
00CA0
7FB5A
7F2A6
7FE98
7F592
7FC47
7FB31
7FDB3
0039C
7FF8F
00C00
00178
0010B
0005F
7FC11
7F334
00D04
00458
7F586
00B88
00D50
00651
00914
7FEC2
01200
00078
003FF
7FE39
001DC
7FFEF
7FDCC
7F7AA
7F13C
7FBF2
7FF2C
7F4B1
7FCDC
008A7
7F81F
00627
7FC5D
0000F
003FF
0093A
7F956
007E7
7EF75
7F52A
7FDD7
01858
0067C
00686
003AA
0001C
7FDBD
7FA96
7F729
00568
7FC00
7FE00
7FE1F
7FF14
7FEAF
00879
00990
00469
004D5
7FDA4
7F7D2
7FE53
0090E
00CAF
7F4D6
00854
00000
00CE4
00109
7FA9F
000CA
00724
00593
000BB
00802
00838
7FF5C
00970
00615
7FC10
008B2
0038D
7FB8B
00B74
7FE89
0052F
00A7A
7FF36
0101E
7F78D
7F42D
006C7
00A0C
7F72C
7F969
7FA0E
00A27
00A14
0043F
00401
0047D
7F31D
7FED6
0081C
0036E
7F6D6
0006E
7F8EC
009B6
00918
0084E
7FFD9
007DF
7F7E0
7FCA0
00872
7F15D
001C1
00579
7FE61
7F1B0
002F0
7FA12
7FE0C
7FB36
7F67B
7F5F9
7FAD1
7FFC0
7FD31
00400
7F094
00A4F
7FCE9
00455
00DD4
00962
7FD52
00362
0050C
7FAF4
7FC29
0068E
0010A
7F516
00086
00169
7F67F
00388
7F9DF
7F8C8
7FD62
7F506
7FFF2
00B36
015C3
7FF72
7F60D
007D3
006FF
7FFD9
7FFEB
001FF
7FD2A
7F616
7F721
0044F
7FEF8
00ADD
00754
002EE
00F06
7FA6A
006B8
0048B
7F732
7FE1B
7FF24
7F61C
7FBE0
00C43
7FEC8
7FA7B
7F5E3
7FC34
7FB05
7F9D3
7F594
7F9BE
005E3
7F028
008E5
7F4B2
7FD24
00400
7FC19
7F7F0
7F32F
7F745
7FF0E
7F9B1
0044B
001D8
7F895
7F8D6
7FFE7
7F967
7F389
00A6D
006B6
7FB5A
00B0A
7F68A
00AAD
7FFA1
0049D
00230
7FAF3
7F160
7F419
7F860
7FE0F
7FC31
7F714
7FF22
00F3A
7FE96
7FB5A
00755
0012F
7FE5A
7F56E
7FF60
7FDFA
7FB39
7F743
00218
00AE7
012AE
004B1
00B41
00B06
00167
00274
00034
0145B
7FD5F
00AFA
0061F
7F78D
7FB08
0074D
7F7B5
00119
00981
7F53A
005FE
7F1DB
00800
002E8
00444
7FB5A
7F743
7FB5B
7FC29
008C9
7FA57
0072A
7F128
7F903
7FCEB
00316
0062F
00415
007FF
7FB64
00286
00239
7F555
7FFF2
7FA33
0024C
7F400
0089C
007FD
7FCF5
7FB62
7F812
7FC6A
7F083
007FF
004C4
7F220
006F5
015B5
7FD22
7FCAD
7F508
005A6
7FB6C
00080
7FD3F
7FF15
003E5
00726
7F354
7F002
00A97
7FBCC
001C8
7F5B4
009EA
7F1A8
00722
7F403
00276
011AA
001CA
0009C
0034D
7F191
7F585
7FE00
7F05B
003FA
7FD03
7FF97
7FD46
7FAE7
00493
00950
0037B
7FD0C
006A1
7F3D7
7EBA7
00BE7
7F71C
7FC70
7FE84
7FD62
7F851
00B19
7F4C3
7FCCE
7FAD1
7FEEA
7FEB9
00BB2
00177
7F94B
00584
008F0
7FE26
0016A
7FD4E
7FEDB
0007B
006A6
7FFAC
7F814
002BE
00C81
0034B
0009A
7FD19
7F99E
7FC2B
00A9B
00C78
0089B
7F6A6
7FEEA
7FACD
7FE5D
7FA40
0020F
7FFAD
00C26
00373
00B29
00A2D
00BB1
7F830
7FE10
7F851
00200
7FD98
7FE9E
00120
7FAE1
7FC5D
0045F
7F765
7FB39
0083E
013FA
7F565
004AB
7F4EE
7FCDD
008D5
0169F
0068E
008AE
00641
7FECD
7FA82
01067
00CBC
7F82A
7F402
00961
7FCD9
7FA36
001B2
00618
003F9
7FE01
0024C
00ACC
7FB75
7FEFB
00128
00BCF
7FFB8
00424
7F55A
7FF9E
7FDED
00147
006FB
0023A
00716
7FD2C
7FE27
7FDEA
00010
7FE34
004AC
0008E
0049C
0033F
7F9E6
7F8E8
00264
7F5DA
7F971
7F4B5
7F597
00800
003F2
00BC5
7F782
7FEFF
00354
7FFE8
008A4
009DA
0071A
7FFAA
006D0
7F6E3
7FE12
001E6
7F6E0
7F9D4
007C6
0013B
7F7C7
7F77B
0033E
7FA33
7EFA0
007BA
00A3E
00060
00408
7FDF2
00764
002AA
7FDD9
7F8EF
7F730
7FFE3
00EC1
7F72B
00444
7F8EE
7FA24
7F754
7FC01
7EB00
7F789
7F90F
004CF
00F70
00008
0090C
7F886
003A9
00A0A
7F68F
7F451
7FE71
00235
7FCA0
0007D
00035
004AB
001F0
00C34
00375
00DEC
7FA00
7FFD8
7FCA0
7F919
014F7
00854
7F50F
004F6
7FA1C
7F864
7F932
010C1
7FD2A
00B87
00249
000DF
00BFE
7F529
00316
7FD60
7FB81
0063B
0064B
7FEE1
7FD6A
7FBA6
0081E
7FB4A
00B50
7F831
00042
7FA5B
009FF
7FBBE
005D8
00884
006D4
00321
00981
7F7D4
00DE6
00D9E
0071B
00D07
7FA5B
0093D
7F777
7F887
00000
7FD2A
00272
7EF6F
7F8B5
007BD
00E71
7F9AE
7FA97
009CF
7FF94
7FF24
7FD2C
0003A
002AD
7F04B
00400
7F7D8
01153
7FC5E
005FD
00166
7E874
000D0
7FA0C
00834
003E0
009F8
002B1
00406
7F246
004B8
7FF3C
00B08
7F645
006C9
7FB87
7FCA4
7FECD
006E2
00954
0056C
00804
00D34
7F674
7FCF8
7FC5A
004A3
009E7
7FF12
7FDC7
01009
0059D
00FF8
000D8
7FF40
015FC
00307
7F9A2
7FB6D
7FA6B
000FF
00FEA
7FA16
00362
7FC2C
000E3
007BE
7FBC9
00399
00B3F
7FB51
000C0
7FE0B
005DF
7FA25
7F1CE
001B0
00141
001B4
00600
7F9E6
7FC2C
7F5D7
7FDD1
7EE72
7F9B1
7FED6
7F8EE
00742
7F420
009C3
00762
7F8D9
0080B
00E51
0016A
7F345
00022
00880
00A99
00D83
7FED5
00831
7F7D8
7F6D8
01186
0021A
7FE16
7F50B
01E2E
7F265
003FF
00124
7FFBA
7F9FE
7FB04
7F61F
7FD25
00264
7FE9A
7F5B6
7FA8F
00C7F
000DF
003B9
00AD3
00737
009E6
0013C
7FE3E
001A5
00F4B
008B5
0064B
00090
7FEC9
002C1
00B50
00E6C
00562
7FCE6
7F6F5
7F535
00400
00A02
00A30
00182
7FB69
7FFCF
7F2AD
00473
000CA
7F18C
7F990
7FE6D
0011B
005E7
7FE83
7FD70
00145
01334
00218
7FC20
0030E
0058C
7F24E
00834
7F8B5
00D03
00095
7F83F
00056
7FDFE
7FB75
00A58
7F785
7F4ED
7FC3A
00AE7
00503
0020C
0087E
7FF5C
7FC20
7F918
0012B
7F828
7F3CC
7F8B4
7FFE1
005A2
7EFF3
7FCB0
003D2
00866
00074
7FE58
00018
0043E
00515
0013D
000FA
7F92C
7F9E8
7FF73
7FE43
000C0
7F000
0055E
00591
006BB
008CE
00BFC
001E2
004E0
7F52D
00734
007DD
7F3C8
7FFE3
00DF5
00BCB
001B4
7FC01
7FFF3
0084D
00593
7FB88
00D36
7FABA
00DE6
009A7
00611
7F887
00038
00248
0024C
7FFD1
7F911
7FC00
00589
00192
7F9EE
7FA08
0092B
7FB06
002E2
7FAD4
0002E
7FED7
7F674
002F2
7F476
00C8F
005D2
00000
00834
00637
0049F
001A6
7F503
002B5
7FED4
7FE58
7FF7A
00B1E
7F413
7FAE6
003E4
7ED7A
00188
7FA00
00BA6
7EFE0
7F7F0
7F8CD
7FAED
7E92D
7F9E5
7EFDC
000C0
00382
00011
7FAB5
7F60D
005F5
00220
7FE27
7FA94
7F95E
0095E
7FF6A
00A28
004A2
7F9B4
7EDB5
7FC67
007FB
7FE9B
7F0D0
0011C
00537
7F666
00169
00777
00466
008AD
7F773
7FA98
7F96E
008B8
00790
00090
00447
7F56C
7FB8E
7FC86
7FCC5
00EE8
7F6F3
00040
7FCE0
00666
002E8
7FDC4
7F79C
7EFFC
7FED7
0016B
7F9DA
00508
005A8
00285
7FAB7
004F2
7FE00
7FD76
7FE57
0070F
00BC8
0045C
7FD80
0028C
005FD
005F0
00AC1
7FD8E
7F6E5
7F62B
7F19D
00764
0016B
00C5D
7FE29
00E7B
7FE74
7FE0A
7F3AA
7FCE6
7FA33
00B31
7FA85
00116
00C7A
7FEBA
00553
7FEE1
7F002
00AC3
7FC0A
00EEA
7FE42
003B9
7F3F6
0034A
00404
0018A
00B43
7FE8C
004CC
7FC70
0045F
001C8
009E6
00190
7FB57
000A1
00876
7FAF1
00E1F
7FC3E
0133C
009D2
7FB92
003F5
00446
01438
00980
7FF96
00000
7F570
00180
00EAE
00730
0012A
7F9C9
00C4F
00386
00A7B
008A5
00181
007E9
0058A
7FA60
0096C
7FE9A
7FC8F
7F789
7F8C9
000AA
001FF
7FFA9
7FB26
00100
7F51A
00519
7F495
000C8
00C3C
7FFDF
7F865
0043F
7F4A7
7F50C
009D6
7FE6A
000E9
7FA2A
7FFF5
007C3
00B1C
006F3
7F6DA
7F8EF
00A7F
7FAE8
006F0
00E77
7F5D4
7F732
7FACA
7F30F
7F0AE
00251
00E93
000E9
00BEF
008D6
7FD46
7F608
7F929
00337
0085C
00800
7FAF0
7FE63
7FA87
7FF63
7FE56
005A9
00981
7FDFF
7F69B
00927
00E02
00335
008FF
0097F
7F5A3
003FE
00104
008C8
0062E
000EB
00290
00A17
00689
00E7B
7F9C0
7F576
00159
7FEA8
000B2
00721
7FDA3
7FC00
004A2
7F87E
7F5CD
0049C
0097B
00253
7FCFD
7FE01
7FE85
7F752
001AA
0041A
7FA7D
7FE82
003E0
00FFF
7FE8E
00BA5
7EA25
00314
00540
7FDE7
7FFF5
7FD84
7FB60
7FEC4
00E55
7F20A
002C9
000DE
7FBDE
00400
7F13E
7F782
00ECC
009A8
7F0C4
00EC3
7F9C1
7FAC4
7F4E7
7FD55
7F853
00753
000E2
7EB48
7FCBC
7FA04
00F61
7FF81
7FCD7
7FE64
002EB
000F5
000D2
7FD48
7FA0A
00325
7FD83
0034C
0082A
004C3
7FD99
009E7
7FC8F
7FCE4
7F8E4
00076
7FCFD
7FBCC
7ECCB
7FE01
7FB34
7EE1F
7FDD4
7F25D
01745
0113E
00C00
00AC5
001DA
7FD62
0027A
001B3
00536
7FFC5
00721
00037
00985
00F76
000C2
7FB76
006C9
7FC7D
00162
7FC00
7FFCA
003FF
00AB7
0017D
7FAB8
7F707
00A8B
7F393
0045F
7F6EB
7F5A6
00C8F
00489
7F8C5
00E39
7F784
00304
00712
00682
00F5B
0058A
7FBDF
002A3
005AD
004F8
00228
00BFF
7FC28
7FE28
7FEC9
00DCB
7F402
7FF3C
7F8E2
7F981
7F880
7FF4B
00E77
7FC6B
7F1AB
7FAFB
7F6A4
7FBC0
7F11A
0017B
00D78
004C0
00E25
7F610
0048B
004CF
7F5BE
7F65C
7F85F
7FC6F
7F788
00990
002D0
7FAF3
00618
000A9
7F9BA
7F434
00400
7FB2B
00C2E
7FCE7
005D9
01423
0019A
7FDE6
00831
007B1
7FDE8
003CF
001EF
0051E
7F76D
7F49E
00AE5
7FF5B
00638
7F09A
7F830
00A16
7FF57
00A9A
002CB
00251
7FB03
00BBE
7FA74
7F549
000DB
7FDE6
7F1DE
7F9F4
7FFAE
001E7
7FF30
003EF
7FA14
7F790
7FC9A
00034
7FF34
011D3
7FB8F
00646
7FFC4
7FA2C
7FEEA
00DE0
7FAAC
00A59
00453
00084
0031B
7F517
7FF0C
005AE
7F8BB
7F240
7FC6C
00941
7F815
0029F
00600
7FC2C
00B0F
0086E
7FAD5
7F910
004FC
7FD5D
7FC58
00FCA
005A4
7FA5C
7EAA7
7F97F
00FA8
00946
005FF
00B54
7FF9A
002D0
00127
7FBE4
7F9D2
7F1F4
005FD
7F9C6
00441
0092E
00025
7F93E
0118F
00661
00600
7FEC7
7FBC6
00252
00ED4
7FCA1
7FDEE
00576
007A9
01002
7FB89
004A9
0060A
7F4BC
7FFE2
00B92
7FE01
005BF
00738
7FED3
7FD32
7FCD6
7FA51
7FBB7
00600
7EC55
7FCEB
006B8
00729
7F82D
7F7DC
7F8F6
7FA00
7FB41
00818
7FD55
7FDB9
00A5D
013B4
00220
002B3
7FC33
7F1B6
00063
7FA4F
7FB4C
006EF
0052C
7F84B
7FB25
011C8
7F996
7FABC
7EE90
000DD
004BC
7F8F1
7F485
0011D
7F9FC
7FFB4
7FE9B
009A9
003C0
0016A
00898
00D34
00253
00062
7FBC5
7FAB4
009BC
7F4BE
0129E
0043E
7FC2F
006E1
007DC
7F380
7FE08
001AA
0091E
006F2
7F525
7FCFF
7FB16
006E9
00675
7FC8E
7ECD4
7FFFD
7F970
7FAC8
7FBF7
00D6D
7FFFB
00600
0015C
006EB
00176
7F56D
7FD08
00146
00AED
0024C
7FB2E
00906
7FDE6
7EEA7
00573
00568
00DFC
009E5
01098
7FD6E
00BB8
011E9
7FF1E
7F37E
00986
7FFAF
0011C
7F47F
00580
0037B
7F562
00255
7FC41
00400
7FC95
009A0
0049C
7FF52
0089B
00616
7FF22
0058B
0027C
7F601
00BF5
7F87A
00B8A
0066E
00532
7F61B
7FCD7
7F832
0010F
00E14
7F4E8
7F247
7FA99
7FB8A
01099
7F321
0014C
0027B
7FA53
00602
7F944
00400
7FC19
7FB4C
7FA2A
0075C
7FD54
7F7E8
002DE
7FA47
7F9DD
00FC8
7F4BF
003DA
7F7DD
7FA49
7F6C2
7FE28
7EFDB
00206
7F97D
004CA
7FD48
7EF7B
7FEBA
7FD92
006FB
7FBE7
00390
00984
7FF70
7F9D1
7FBD2
00CB8
7F17E
000CA
7FD79
7EE8F
7F823
7FA6B
00604
7EC5D
003EC
00089
7FBAE
00B6D
005E6
00501
011A4
00B38
0012F
7F132
0097E
00C34
7FCB5
7FEC8
7FC57
0014C
00690
7F1EB
011DD
0001B
0045C
7F94E
7F892
7EE00
7FF61
7F2CD
7FEDB
7F99A
7F449
00A9E
0001D
7F2D6
0011E
7FE17
007DE
7FEEB
000A3
00317
7FD0E
7FDFF
7FD5E
7F207
7F5C9
00977
00AA5
00740
7F3EC
0087B
7FD24
0058F
012AE
007DC
00323
00143
7EE75
7FDFF
7FB41
00CE5
7F448
7FDEB
0032A
7F61F
00992
7ED2D
00C5B
7FC61
7FE28
7F643
00649
7FBE4
7F7F3
005FF
00139
00649
0057C
7FF03
00C06
00B52
7F7BE
7F785
00C29
7F7F9
7FF80
7F2F8
7F7CF
7FC74
00094
7FA00
7FB63
00160
0069C
7FCAA
008FA
7F7CE
7FB50
7FA33
003DD
7F9C2
00455
7FA8A
001A7
7FEBB
7FE08
7F054
00B91
004D8
7FFC5
00A78
7FF18
00375
0113C
7F7DE
00B8F
002D1
0068A
00350
0033C
7FA5D
7FCD6
7FA58
0034A
7FB5C
7ED1F
000F5
00B27
009DF
7F768
00891
0026E
7FDEB
007F2
7F4EB
7FE90
7FD4B
00234
7FF5E
00595
7FBEE
009D4
000D6
7F393
00C46
00647
008B4
7FA26
007BF
7FC7D
7F659
7F656
00540
7F7EC
00000
00FB7
008EB
00277
7FC0C
7FFED
7FA84
00A65
7FCC0
7FEE0
7F71F
00516
011B1
00DCD
7F509
7FD9C
7F4B1
003E2
7F6EF
00839
7F77F
7F363
7FCF4
0099E
7F3D5
7F656
00CBD
005F8
7F6BC
7FBF1
7FF7B
7F97F
7FC01
7FABB
002B1
008A8
001E1
007DC
0032F
00D96
007D5
00807
00BBB
7F8DC
7FA45
7FEB1
7F3CC
7FC55
005A7
0001F
7FBC3
7FBB2
7F537
7FF0E
003A4
00590
7F8CB
00B6D
00D09
0031E
00018
003A7
00466
7F4AA
7FE00
7FCC0
00D3E
00CB5
00263
003D8
00030
00331
00339
7F9B4
7F9FF
7EBE1
006F4
00271
00279
00F78
7FAC7
7F4B4
00781
7FA0F
0097E
7FACE
00315
00B7A
00149
7FD51
7FA92
7FBCB
00305
0029C
00122
00270
00E22
001B0
00767
002FA
00DCE
0028E
7EF23
00ABD
0067B
7F4A8
7FCA9
003E4
7FB29
0000F
000C1
7FBD2
7F714
7EE61
0019B
7F6D3
7FF07
7F7E5
7F970
7FEE0
7F810
00016
7EF62
00A6C
7F5B8
00EEE
7FBC5
7FD70
7FE00
7EE27
004D3
7F562
001C9
006C9
7FC52
01032
000D5
008DA
003B0
00071
005E9
0002D
002B5
7FB8B
005FF
7FA60
7FA23
004AA
005E9
00236
00AB3
7F8E8
7FB2C
008AD
000E2
7F5BD
001C9
008C5
00860
7F18F
00600
7FD11
00DA0
00176
7FC90
00202
7F939
7F7F0
7FB2E
7F58C
008A3
00780
003C0
7F520
001A0
009D1
00E00
0106F
00369
7F463
003BE
0051A
7FFBF
008F3
000D4
7F797
002CA
0071E
7FC8F
7FD22
7F34A
00A68
00000
7FDA2
00226
00CE5
0013F
7FA20
00568
00D9B
7FEF9
7FD8C
7F18F
00253
7FC8A
00A37
7F37B
7FC1E
7F98F
7F882
00229
00FB3
7EDEA
00452
7F511
7F66C
7FF61
00123
00E32
00139
00533
7FBF2
0062A
01050
7FE96
7F5F6
7FA8B
00304
7F196
7FDF8
00755
7EF7F
7F91B
7F92A
7FE21
7FDF8
7FD57
7F775
00CC5
00844
7F7D8
0015B
7F533
00E19
00179
7FA53
7F4E0
7F9F2
7FB18
7FCEE
7F76C
0039A
001E0
00822
7FE0F
003EA
00800
7FC27
005B9
008B8
00B55
00753
7F05E
00A8E
7F7D9
7F00E
00366
7FF9F
7ED2D
00E7B
000C3
7F923
7F8EF
00826
00187
7F56C
00DE3
7F95E
00503
7FAC6
0058A
7FB1B
00596
0027B
7F1FB
00015
7FEF0
7FB79
00600
003BD
7FF32
002CC
7FD40
7F9BC
7FDCF
7F424
00138
7FF32
00787
00964
00D28
7F5A0
00402
00851
00F8C
7FC49
7FDC1
0006D
008DE
002B6
7FEB5
7F67B
0024C
7F749
009FC
7F4B0
7F209
0016E
00322
0016A
00200
00CE7
7F8CB
0024D
00221
00763
00097
00AEF
7FAD6
00445
00BC6
7FB29
7FF26
7FDFE
7FA60
7F9D6
00A00
00817
7FB9D
00087
7F74A
00741
7F516
7FCE6
001DA
7FA66
00060
7FD9F
00253
00132
00E3C
7FD2F
002D3
7FBCE
00097
7FF71
7FE50
7FD99
7F7A8
7E9A5
7F64F
7F4F7
7FF29
7FF65
7F9D2
00A1A
00618
7F19F
7FF8C
008DD
001C6
7FEA3
0008E
7FAA3
7F7FD
00C82
00BD2
7F05E
00A88
7FE59
00683
00707
0064F
00651
00000
7F6EB
00032
7FD81
007DD
006EA
7FAF3
0006B
0083C
7FC9C
010C2
00443
00AEF
7FE75
7F3AC
7ED5A
00600
7FC15
7FC1F
00050
003B7
002A7
00351
7F132
7FFC2
7F4D6
005A4
7FE7B
7F8E2
7FDB3
005E5
00593
7FC00
7FCEF
00612
008A1
7EE00
00BCB
7F1ED
00763
7FFC0
00982
00595
7F1B0
7FBE6
00888
00CBB
002A1
7FDFF
7FEB4
7FCA5
7FB4A
00E6C
7FDCC
00A2B
00FB9
0083D
00B1C
004FA
7FE86
0084A
7F377
7FF5B
00D06
7FC00
7FA53
7FF61
000B9
7FC87
00A19
7FE39
7F775
00A08
7FDCB
00E1C
01055
7FEAA
00E7A
7FABE
00CBC
7F982
7FEF1
001D3
7F8DF
7E5C0
0040B
7FA3E
008DE
7FAE0
7FD16
7F69C
7FEB7
7FB25
7FAC6
7F94E
7FF81
0087D
7F8B6
7F20D
7FDDD
00794
0028F
000B8
7FBF7
7F587
7FE03
009C9
000AB
7EB0A
00A04
7FB18
7FC8F
7F58E
00901
00C68
00F39
00C78
00247
7F877
7F7D4
7FE34
004AE
0094A
00251
003B1
0048B
7FE75
7FE35
00200
7FADF
0029E
00529
7F16B
7F60E
002D5
7F4B5
00166
0006C
000E4
0093F
00A8D
0078B
7FF46
00008
7F8EE
7F743
7F9B9
7FE3E
004CF
7F441
00893
7FB0E
00400
7F4CA
7FAA0
004C7
7F53A
7F82D
001ED
001DD
00000
7FE39
7F732
7FCB5
7F9A8
00E89
000C7
7FB39
7F8EE
7FBAC
0089D
7FD5C
00272
011EE
0005D
7F6BD
7E523
7F396
00A4D
7F6BE
001EE
003EA
7FB21
7FC8D
005FD
00184
7F214
01720
7F92E
7FEF3
7FA35
7FE50
00800
7F790
7FC88
7F7AE
7FFF4
7FE41
0028C
7FB6D
0022E
7FC3D
00507
7FEB2
00789
00C96
00032
00D09
0029C
7F000
7F3E2
7F0C1
7FF05
7FA9D
0056E
7FB39
007C7
7F49D
7FCCA
000D2
7FA6B
008BA
7F7D0
00985
7FA5A
00489
7FCAA
000C1
7F58F
002AE
7F8A8
7F58F
001B2
7FCFB
00318
7FA76
7FD78
00664
000CA
001CB
00650
7F6B1
00046
7F823
0074D
00788
00063
7EFFD
00C88
013A1
00720
7FA17
0013B
7F7AE
00045
7FC98
00400
7F4F9
7F819
7FBB0
0008C
7FF3A
00B54
0004E
7E9DC
7F6D9
00E31
0003B
004FC
7FDED
7FB3E
7F751
7FBFF
7F944
7F223
7F952
7FD4A
00801
008FF
7FC3B
7FDA9
01067
7FBA1
005C5
00614
7F830
0099C
7F478
7F801
00CA3
0021F
00342
007F0
7FFA2
000BF
00323
00623
002E5
004CF
7F5AF
7FA8A
0017A
7F2CD
002CA
7F801
7F8CD
00506
00411
7FA3B
7FB97
7FE3D
002C5
7F259
7F22F
00FFC
7F7FD
00A68
7F5F9
0050B
7FEFC
01000
00874
7FE1C
7FB2C
001E2
7F49F
006A6
0053F
7F8E8
7FA59
0026D
7FAD0
7FFC5
7FFDE
7FFAA
7FD2B
00BD8
006D8
0070A
7F371
0115D
004AF
7FE46
7F81D
00091
00229
0011C
003E0
7F521
00192
00940
7FB59
0016A
000D3
00A86
7FA93
00B11
00988
7FBCE
7FA65
004E4
003A7
00692
001AC
7FFE6
7FFE8
000F8
7F633
7EF60
7F717
7FEDC
00349
7F92D
7EFBE
000C7
7FA17
7FC52
7FAD1
7F1A2
00A7F
7EF69
00628
007BF
7F03C
7FE00
7FFB3
7FC27
003C2
7F602
00E8A
0007E
00CDA
006C2
7F6AD
7F7EF
00067
7FAF2
7F657
001BA
008B3
7F785
00030
7FC9D
00E2C
7F82C
00E57
01099
0055B
00A73
7FDC3
00315
7FF25
009C8
00C00
00108
7FF9A
009FF
00219
7FF85
7FA72
0023C
7FAC4
7FDC7
7EFC9
005DB
00F51
7F783
00C3F
007E4
7FE1E
008F5
00944
005A7
7F373
001C8
7F963
7FCE3
7FE4F
7F621
7F88B
7FBAD
00267
7EDAE
00541
00D94
7FA4D
7F55D
7F1D4
7F800
7FBFF
006A8
0175A
7FADE
7FD7C
007A2
7FBF6
7FC25
00D31
00161
00AE3
7F5D4
002AB
7FA18
7FF0F
00807
0065C
7FDBA
00579
007C4
00F08
7FA9F
7FA45
7FBE4
7F0FD
7FC99
000AD
00732
7FAA8
7FCCA
7FEC6
7FA58
00CEF
7F4E2
001E6
7FEDB
7FA04
000CC
0022D
7F1C4
00853
00820
7F4B2
7F962
003AB
7F78D
006FF
000A3
7F524
000AE
01270
7F20F
005F5
006C5
0169C
7FD00
7F8A4
002E5
7F7AC
00208
7FD9E
7FD90
7F83D
01200
00425
7FFA8
7FD95
00CFD
7F897
00014
7FE27
7FFA8
002FE
7F948
7F660
7F237
7FC93
00D08
7F4E4
7FA01
7F4E9
000B8
00A14
7FFF1
7FA56
0013C
0001A
00FA6
7FEA2
7F8C3
7FDCA
7F846
00353
7F778
7FE86
001FF
00186
7F903
008B3
008A9
005D0
7F68C
004E3
7F457
7FF4E
00120
7FB7F
00B70
7F464
00811
0017C
7FA01
7F060
7FC46
7EDB6
00A65
007FB
7F72F
00809
00457
7F8D0
7F732
7F6F9
7FA12
00650
00466
7FB3F
00400
00479
00622
7F278
007D6
00B2C
003EA
009EE
004DB
00111
7FC1D
7FD4B
7F6A2
00295
7F32E
002A5
7F67F
7FD6A
7FF56
7FB79
00660
7F0E0
00189
01923
00262
001E1
00815
00619
7FE54
00274
00268
7F592
00F8C
7F461
004D4
00DB8
0043D
7FD9A
7F6BA
00463
7F820
00385
7FD10
002D4
7FEDE
7FBB5
007C7
7F9E5
7FF3D
00EC8
00292
7F786
0033B
7FFE3
0038F
7FD1E
0013E
00460
003F5
7FE06
7F64C
7FF90
7F322
0049F
7FA00
0009B
7FB4E
7FD71
7FB1F
7F4A1
00100
00039
7F5E0
7FEAC
007EE
0017A
00193
7FCD1
014FE
7F74C
7FBC1
7F6D5
7FDB4
7F57A
7F447
7FD26
7F244
007A6
0055C
0049C
7FA77
0032C
00254
003F1
7F8FA
7F812
7F801
00F22
002C7
7EDD7
00A77
000C2
7FF72
7FFB1
7F735
00AAE
7F6B8
007A7
00990
7F670
006FB
7F8AC
7FE97
7F868
7F28E
7FB58
7F995
7F401
00239
004B5
7F313
000D4
00604
7F5BD
0048A
7FB9E
7FBC8
00315
00600
002EC
7F7FB
00919
7FD30
0040C
7FEDB
001F9
7FA7B
00978
7FF7A
7FE0E
7F7AC
0013D
004AA
7F84C
7EA27
0106E
001A4
00657
7FB66
7F6BE
7FCA2
00953
009B3
00034
7FD6C
00659
003F0
0027C
7F957
7F49A
7F8EE
7FDA1
00013
0157C
006B0
0012E
00E0D
003E1
7FD22
7F5EC
00B47
0085F
00339
7FC39
007EF
008B3
7FF3C
7FEB9
7FDA0
0048A
7F28E
00310
7F5B7
7F123
7F8DB
7F24F
00715
00BFA
7F60F
7FAA9
0031C
000ED
00A00
00456
7FB5B
004B7
00640
7FEC7
7FFF0
7FE1E
00369
7FA62
00048
012F3
00306
7F943
001CE
00512
00000
000A7
00CA9
7F78C
7E951
7FD1A
7FE39
007C0
7FC19
7FEC5
00C3A
7FEFC
00797
7EEC5
00CB6
7FD8F
001FF
7FE97
7F979
7FAD8
00062
7F9CB
003BC
011CA
00094
00A98
001A7
7F888
7FF52
002EA
7FBBE
7F7D2
7F401
7FA13
00331
0051E
7F012
7FCAD
00E19
004C4
00FE4
7F9EA
00D25
7FDFF
00610
00765
005BD
0046C
7F400
00266
0046F
001CF
001BE
0031E
0019F
7FC9B
008BD
002E2
7FE36
00770
7F5A4
7FD3D
00626
7FAA8
7FB39
00474
7FFB4
7F163
7F9BA
7FF3C
7FF38
7FD93
7FF0F
7F854
7F474
7FEE1
7FDB4
00B8E
7FA27
7F2B8
00000
000DF
7F78D
7F31C
7F4B2
000FA
7F79B
7FD93
0078E
7F4AA
7FDA3
00133
00A71
00B99
7F8C1
0098F
7E7DC
00251
7FBC2
7FB3A
7FA14
7FDB8
7F947
00969
00CC7
00437
007E1
7FF12
7F501
004AF
7F6E2
00345
7FE00
0095C
00A13
00B25
7F712
7F64B
7FDCE
00632
00A73
00C64
7FFE8
0043F
7FF16
01397
7F652
00312
00000
7FA43
7FAB7
0050E
00277
7FF28
00C89
7FEFE
01279
00867
7F646
7FFCE
00009
004A1
00C2C
7FE13
005FF
00425
003EF
7FC38
7F758
7EBE9
007F0
00336
00454
0043E
0078F
00B96
7F91C
00BF8
7FB8A
00290
7FD2B
00367
7FEB1
7FAAA
7F924
7F367
7F6C1
00494
007A6
7FEF0
0093D
7F4E1
00B4C
7FF1B
7FE31
7FBF2
7F800
00A62
0004E
0034B
7ED83
00AC1
0070D
7FAC3
0070E
7FEAB
7FBD0
7FB16
00570
00BD5
00862
7F882
7F990
7F9E4
7EEC2
001CC
002C3
7F50A
7FD0D
7F453
7FAB7
01093
0021E
00331
01178
002B3
7F101
005BF
7FBC3
00188
0038C
7F36A
7FFAB
7F4CF
004A5
7FC86
7FC07
0094D
7FC79
005A1
7FFFE
7F9DD
011E1
7F2F2
00477
00227
7FD80
7FD8A
7F912
7FC10
7F601
00690
000E2
7FACC
7F81A
0006F
7F943
006D7
7FEA6
7F5D2
00200
00798
002F7
7FC07
7F9C3
7F903
7FD1B
0017C
0032B
0029C
7EED0
007AF
001B0
7FF34
006CC
7FF5E
011FE
00891
00433
001FF
0023D
003AC
7F1C6
0041E
00BA7
00347
7F4B2
7F2D9
00337
7FD5C
7FB8B
0087D
7F601
7F689
7F7F0
7F97D
7F9C3
00156
7F5FA
7F1F5
008D3
7FF93
001AD
7F253
7F42E
00B4D
7F5D6
7FAE5
7FE01
7F484
00436
7FD4A
0023E
7F802
01327
7F9C5
00058
00AA3
00782
7F30C
00EEE
7F6CF
7FFD5
7F73C
7F200
0016E
00C7E
00061
009C1
7FA7F
007B7
7FDA1
7FAE6
7F35F
7F4F6
0055E
00AC8
0022F
7F3DE
004BC
7FBFE
0038C
0024A
7FB92
7FC1B
7FCBA
7F29F
7F7EB
7FF89
7FA1B
7F4C0
00155
7FD22
00B5F
0091D
7FD63
7F345
7F81A
004FC
7F5AA
7FBA7
00137
7FD19
00936
7FFFF
004B1
7F8AB
00769
00A16
7FD0F
00021
0065A
7FA03
7FC95
01190
0074C
00530
7FBE0
00AEF
0009E
7F768
00936
7FDFC
7FCEF
7F9CD
7F5A1
7FEA0
7FFAC
7FC00
7FF28
7F959
7F42D
7FEE9
00DD1
7FD49
7F238
00AA1
00BF2
005FE
00441
7FDA4
00A84
00870
7F3A0
7F784
0010F
7FDB1
00F2B
000CD
7F80C
0012E
7FAE0
7F829
0016F
00610
00765
009FB
7FEFE
00657
7FD11
00BFF
7FE51
7FDF8
0085F
007C7
01380
7F770
7FEF7
7F51B
7FFAF
00323
0046F
00716
7F243
7FDC0
005C3
7FD2D
000E8
0046E
7FA44
0070C
7FE0A
00D55
006E1
0033E
00663
7FA00
008D6
7F3D2
7FB65
7FD41
7F912
7FA00
00563
00211
7F77E
7FA6A
7ED5F
006B3
7F3BC
004A8
004C1
0024A
00381
00822
7F808
00892
7F853
7F24F
7EE7D
7FEEB
7FCB1
003A2
0029A
003C5
0086F
006CC
7FDC2
7FE92
7FFE3
007DE
00384
0127E
00BBE
7FA58
7F1CA
7F8C4
0090C
7F841
00594
003AE
7FC78
7FD0D
00A9C
7FE05
7F5D1
00109
7FFF8
0074B
0101E
7F478
00CA3
008E4
009F2
7FE16
0100A
0058C
00362
0074A
00000
00490
001D4
0042F
00C21
7F693
7ED1C
00600
002D1
00567
00132
7F639
005E9
7EF1D
7FC22
7FA19
7F8B6
7FD3A
009CC
7FD93
7EC40
00143
00858
00000
00BD8
00800
7F7FD
7FA92
00D86
00CE7
7F29C
7F3C3
7FA01
7F932
7FDD2
7FBD2
7FC9E
009E2
0008D
005FF
7FC48
7F491
008AF
7ED4E
00523
7F38A
00622
00DE5
008F3
7F6A6
006DF
00144
7F623
7FEE7
7F526
00BFF
7FC82
7F95A
7FF76
7F9F0
7FB01
00523
7FB05
7FC40
00833
7F79F
7FB82
7FD5A
0021F
00143
006C0
7F200
7FE49
01123
7FF22
7FC34
7F0EB
00969
00AB8
00082
7FD4D
7FFC2
7FA95
7FFD2
7F190
0033C
00461
008ED
000DB
7FEF1
7FB8B
7FDDE
7FA96
7FAE1
001A5
006B0
7FA22
7EEB8
7F929
7F5A4
0038E
7F814
7FDF4
002D4
7FDF4
7FD4A
0090A
003A3
7FB64
7F34C
7FC4A
7FE8F
7FE44
7F39B
0039D
7EA47
7F8B0
7FFCF
7F432
7F672
00527
0073A
7FE00
0027A
0006A
7FFA8
7FD98
00874
006C4
00102
006EA
7F1C3
00CB1
00C7F
7FA0C
7FC00
013BF
00EB5
7F7BA
7F9C9
7FD51
7F2F3
002AA
00115
0027C
7F81E
7F426
7F551
7FEF0
0048B
00264
00000
7F25C
00014
0012F
7FF9A
7F72A
7FC7B
7FB3C
006F1
7FB53
001B4
7FE6E
00A24
7ECE8
00724
00155
7F801
0052A
00331
7FC27
006C2
7F455
00D10
00660
7FD63
002C1
7FC62
7FC93
7FB3C
00A2D
00AA7
0073E
00B4F
7FAA8
7F250
0061C
00540
00747
0018D
00219
0095E
00B19
00467
7FEA8
7FFBC
7FF07
7FA1B
7F614
7F600
7FC64
7F950
00BC3
005B5
00DEE
7FD74
7FBAD
7FE46
0096F
00228
7FFDE
00106
7FCB3
7FE3B
7F1AF
7FC9F
0028F
00359
7FDF3
008A7
00546
7FED8
00186
7FF2B
7F47A
00478
7F590
007F0
7FB57
002E3
7FB00
00713
7FDD8
7FFDE
009E4
7F122
01074
005F9
7EE59
00EBF
003A3
009B4
000EB
7F71E
7FC21
7F684
7FBC4
7FDB4
00190
010FB
009ED
7FFB5
00CF3
7F630
001B6
00CA0
0071C
00141
7FD96
7FA9B
7FB12
007BD
00D2F
7F600
7EE84
006A9
0084C
7F70F
0001B
7F55B
7F536
004D4
7FBD9
7F379
7FDCD
00B08
002A8
00C22
7FA83
7FA01
7FD2E
7FBD9
7FCFA
7F7B8
7FA0F
001A4
001B4
00BA7
0063E
00B0B
7F9B6
7FF15
00ABB
7F16A
7F887
001FF
7FCFF
7FD36
0083E
7FA1E
00053
7FBD9
7F061
7FF2E
01136
7FE95
7E924
7F623
002F6
7FEB7
005C2
00DFF
00425
7EF52
0001D
7FF1D
7FF73
00781
7F304
00059
7F48D
013DE
7FD0D
007BE
00108
00964
0019A
00400
003D4
7F93E
7FD1F
00BB1
7FA14
00482
002F9
005B2
0031B
0069C
002D2
7FBD4
7FA9F
00CE9
7F317
7FB8B
0029D
0045F
7FC89
7FE51
7FA7E
7F308
7F840
001D9
7F2F2
7F072
0048E
7FE4C
7FEFD
7F219
0107A
7FBC3
007A4
7F680
008FA
0022C
00764
7FAC3
0039B
00627
7F803
00FD6
7FB31
7FC60
00705
7FB94
001AE
001D8
7FE26
7FEE5
0084D
7F849
006D9
0186C
00288
006B8
002DE
00129
7F2F4
003C3
00248
002E1
005F3
00000
7FC94
008B1
7F636
006B7
0027B
005C7
004F0
7F960
7F235
7F4D7
7F35F
7F786
0008E
006EA
008FF
00711
7F6A2
00F37
7FD2A
001D8
7FB89
7FD1C
7F822
0062D
00786
011D7
008D8
7FDD7
008C5
00082
000D3
001FF
00BD1
7FE54
7FE38
004C8
7FAE9
000FB
013E3
004E8
7FAA4
0025D
7F51C
00EDF
7FBC8
7F8ED
7F898
01261
7FC39
7F26A
00359
00809
005B9
7FFDF
7FA6A
00B37
0046D
7FF28
7FDA9
7F81C
7FD56
005EA
7ECAC
00C00
0070D
7FCCD
0015A
7FB6C
7F662
7F9A9
00E5E
7FE5D
00CC4
00F90
001D0
00755
7F936
00300
7F2E4
7FDB4
00200
7F91E
7ECDD
7F6F2
00596
7F0F9
7FAE2
00953
007B7
7FC1A
7F4DF
005B3
00315
7FB44
001AB
7FE96
7F96E
00087
7FD3C
00073
7FD0F
7F3C8
006A0
7F6DE
7FDB6
0049A
00B24
00D54
0013C
7FBB6
7FB36
0093B
0059E
7F600
7F4C6
000F9
00083
7FC88
7FE44
7F36A
7F40A
001AD
7F073
7F9C1
7FFFC
003AF
000B6
00800
0025C
00BDB
7F15A
00191
7FDE3
00667
01163
7FD6A
00026
00642
7F566
00709
7F710
7F048
7FA37
001FF
00FF1
7FC41
00103
7F1B5
7F34D
7FF5B
007AA
7F56A
0081E
7FFB2
7FA95
7F569
0055D
0074A
007B7
00000
7FBAE
7FA8A
00341
7FA71
00851
00462
009F8
7FA96
7FB1E
002BB
7FF54
00048
006C2
7FCE4
7FF2C
005FF
00165
7FFB3
7F293
00A4C
00B6C
00385
011C5
7F297
7FD3B
004F8
00B3F
7FB46
007DC
00DE1
0075C
7FE00
00E4B
001ED
002F6
7F714
0068A
7FF73
7F964
000E3
7FB6C
00160
00E40
7F51F
7F924
7F84A
7F600
00050
0047E
7F672
00391
7FA12
0095E
7F911
001D6
00875
00417
7F718
002E3
7FF39
7F9B5
7FE92
00059
009E6
004A8
7F241
7ED10
004E1
7FD93
0075C
00D64
00420
00E72
7FB28
7FAF2
005F8
0049E
7F5E4
00576
009AF
00480
7F726
7FB64
7F177
7F8CF
00F8E
7F18C
007AE
00138
007D1
0094F
7FF35
005B4
7FE1B
00FAC
7FC00
7F820
01317
7FC2E
00923
7F87D
7F631
0055B
7FD12
002BE
00032
7FFA6
7FBB7
00F66
003F6
00329
0043D
7F951
00447
7FBAB
7F89B
7F203
0089F
008F2
00136
00D84
7FF54
009A5
01053
004F1
00CE8
00FCD
00200
7FEC4
7F6B2
7FBF7
7FE2F
000ED
0067E
7FC00
00360
7FDF2
0035F
00442
00248
7FCDC
7F662
005FC
7F8EF
7FD75
0066F
00163
00B10
0068E
7F9B1
7FE3B
7F7D9
7F4DB
7F7AE
7FC2B
00268
7F27C
000C5
7F79A
00200
7F75A
7FA2A
00DE4
002B7
7FD2D
7F9F2
7F4FD
0033C
003A8
7FC25
00944
7FC9D
7FC25
7FE94
7FFB0
000C3
00150
0084E
7F359
00981
0047B
00501
0079D
7FA70
0001E
7EF6D
0044B
7F772
7F3B8
7FC7B
7FDC4
00711
7F58B
7F98E
7FE54
7FD8F
7F627
7FF4F
002CD
7FD7D
7FE0E
7F975
00418
00A0D
7FA52
7FBCB
00DCA
7FE28
00757
006CD
7F9C8
00B9D
7FB72
7F7FD
0053D
7F24A
7F25A
7FCB1
7F775
7F81C
7F85F
006E5
0002B
7F600
00D76
0008D
7F2E8
00104
0197C
7F6D9
7FC91
7F7C4
001B7
7FF02
7FE27
7F60F
7F43C
00F31
7FCAD
7FFFF
01148
00405
7F3DC
0040F
7FB28
0048B
7EFBC
7F697
7FEBA
0048B
7FE7F
00933
00124
00863
00243
7FA00
008B1
7FA39
00367
7FD53
7FA94
00644
00BBB
0003E
0002E
7FED4
008C8
7FAA4
0071D
000A2
7FECE
00801
008C4
00135
0070D
00598
7FE22
00308
001D8
7F96A
005C9
7FD9E
0095A
7FE1D
7FF8A
0031A
00861
7FE00
7F6BA
0046E
7F85A
7FB13
7F2F7
7FF10
006D3
7FDCA
00A72
003ED
7F784
00255
00D05
7ECFA
7FE20
0022B
7FA2A
7FBEA
0042B
7FFBD
001CB
7F92D
0052F
7F870
7F94C
00019
0070B
7FEF2
7FE12
7F3B9
00262
00B4F
00161
7FB72
7FF5A
7F597
7FBA9
006EB
7F99B
01A03
00776
005F3
00BB8
009B1
7FAB0
7F6ED
00312
7FE78
7F71F
008B5
7FF9C
004B3
7FD46
7F505
009EF
7FE7A
00B98
7FFED
00977
7F3AE
0004D
006A9
7FEA7
00200
0036E
7F923
7F32E
7FF96
0054C
01169
00CBB
00166
007D3
00694
00261
003D3
00C66
001D5
7FB67
7F8EF
0069A
00107
00A24
0096F
7F74A
7F2EF
004FC
7FFAD
007D0
002AB
005AF
002F1
0063E
002C9
7EFD3
00000
0041F
003D3
000AF
7FAEB
00120
7FECE
7E889
7F8EE
7F462
00924
7F460
009C2
7FB85
0058E
00AEA
7E523
00102
7F909
7FD53
00234
0048A
7FE26
00C1C
7FB8A
7F9E9
00980
004F2
7FA39
00566
002A8
7FF8D
00C00
7F834
003C1
7FEB2
00715
7FEC2
002DE
006D9
7F741
7F8A6
00CCC
7FB6B
7FA6E
7F41D
7F3EB
00657
00509
7F63D
7EBFF
7FDA2
00350
7FAF5
00BFB
7FD22
7F96D
00A38
7FFD2
7FA5D
00103
7F640
7FCCA
7F2FD
7F785
7FBA4
00200
7F3E0
00098
002F2
00268
7F7EB
7FFA5
007FB
0053A
7FAC7
7FCE4
7F4C8
002FD
7FE54
7F910
7FC93
00656
002E7
7FD7F
7FD11
000DF
0066B
7F898
008F4
7EBF0
7F86C
00BDE
004B9
002A8
7FAC4
7F800
0087D
00CA6
00AC9
7FDF7
00172
00E34
7EE92
7EFC4
00811
7F5F6
007F1
7F88C
00077
00462
7F7C0
7FA00
7F7AE
00086
007D6
00056
00720
009B3
011FE
00296
7FA3B
7FA73
7F832
01268
7FBB9
0067E
7FFC9
003FF
004A0
00815
00117
7F737
003B4
7F7F0
001FC
7F83F
000E5
003CC
001A0
00EF9
7F772
000DC
7FA62
009FF
7F6E2
7FE0E
7FBEA
7FA7D
7FE2D
00829
7FC96
00569
00122
0087F
00537
0060F
001EE
00C41
7F852
7F800
007A2
7F69F
0043E
0044D
7F96A
7F434
00A4F
7FCFF
00DD8
7FB80
7FC01
008D4
001B7
0076D
7FBD9
0024B
7F82B
7FDE3
7F874
7F80C
00121
7FE7D
006B4
7FD7F
7F720
7FAFC
7FF03
004E5
0066A
7FBFA
7FC9B
00169
7FA32
000E0
00766
7F3A4
7F97E
0061E
7FD37
7F795
0047D
0055C
7FCAB
002DE
7FF86
0122D
01384
00138
00037
005EC
7FB31
00A95
000F3
7F8BB
00A23
7F9CE
004D2
7F604
00FA4
7FC1C
7FC03
7FE8E
7F3E2
00000
7F6E5
00506
003CB
7F887
00ED6
00AC2
7FB1E
7ED14
0036D
004DA
7FFEB
002FA
0071D
7FECE
7FEC0
00000
7EE8A
0022C
7F994
0056E
7FFEE
7FA5D
7FE94
003E2
00115
7FE5B
7FACE
7F808
0038D
7FCCE
7F85F
00BFF
00276
7FD87
7FD5B
002ED
004E4
7FDA2
00732
00157
000B7
7F87A
00602
7FE4D
003EC
0119A
7F676
7F4B1
00FBC
004E8
00B36
7F553
7F5F7
7F6C1
7FBE8
010C1
7FEC0
00AA1
7F851
7FDD3
7FD62
7F405
7FB84
00A00
7F821
7F681
001AC
7F7B5
00016
004BE
00115
7F68B
7E99A
7F86C
00B1D
7FFBC
7F866
001C6
0056B
7F651
7FF50
0064A
7F0BF
013C6
007D6
003FD
7F61D
003C4
7FA0D
7FFFA
00919
00796
7FD90
7FA36
005F4
7F61B
00C1D
00289
0082B
7F095
00784
7FEC6
00305
00603
7F425
00087
00A60
0075D
0041F
0018D
7FF19
7F6C3
00303
7F933
00BC3
00184
0083D
7F98B
7FC52
00CAF
0024C
00DB9
7FD07
7FB18
0084B
7FCC3
0048D
7FC00
004D0
7EF00
7FDFC
00071
005C0
00823
7FF87
00769
7F4D1
7EF3B
00204
7F9B5
7FACB
7FAF5
00691
7FA02
00325
7FD7C
001A5
7EE2F
7FD6C
7FFCE
7FEBC
00A3C
003C5
7F5C1
00F73
0018C
00A3D
001E0
7FA11
00000
7FAF4
00D0E
7F5CA
002DF
00547
00680
0016D
00494
7FD36
0041C
000AE
7FE4C
7F61B
005CA
000C2
7F202
7F6D3
7F421
00665
7FE80
7F226
00A85
003EE
001C2
7F52B
7F944
00D59
7F677
00593
7F46C
7FFB0
00C00
7F8CB
7FA2D
000EA
7F9A5
7F444
010B0
7FBC7
7FD89
7F95A
00812
7FD33
7F378
7FE58
7F9B4
00727
00B87
006C6
0004C
008C9
00804
00190
005E3
7FE05
7F558
000E9
0025E
00C25
00420
7FC7A
0014C
00766
7F785
7FFDF
7F8D7
00EC9
0056B
00390
003A4
7F28D
7FD71
009B7
000D3
0006C
0088B
0005D
7FB13
7FEB3
7F829
004AB
006EB
00517
7FFBC
7FF69
7F229
00066
7FD67
00700
7FDAB
7FD19
0043E
7FD9B
7FD01
7F235
00400
7FCC4
7FA3E
008D6
7FE65
00E72
7F7E3
0028D
7FC6F
7FF4F
7FB23
7FFF0
00023
7F637
7F4F1
00535
7FE96
00B6D
7FB7E
7FEF3
0068F
7FB0A
001C6
006A6
7FEC8
7F52D
7F153
7FF9B
000A2
00911
00CFA
002B9
7FA00
7FF48
7F5BE
7F03A
00671
7FA91
7FE32
7FA7D
00C4C
7F912
0007E
7F1DA
00250
00F21
0052E
7FD5A
7F8EE
0176F
00391
0047D
000FC
0071C
001CF
0068E
00828
7F369
00D74
0004F
00717
004D7
7FD6C
0049A
00E00
002C6
00042
7FBF5
004C3
00092
7F63E
009FD
7FD3A
7F8F7
0020D
7ECFC
0111C
7F63C
7FF47
7FFD8
00F7D
7FB06
004F9
004A5
000F8
00175
0195D
00525
7FFDF
0041B
7FA90
00054
7FFF9
0089F
01087
7F811
00000
7F958
7F481
7F8AB
005E5
0039E
7F758
7F39A
00193
7FB6E
7F64F
00496
7FFEB
002CC
000F2
00800
00423
003DF
7FDA3
0033B
7F0A2
7FC56
002A9
7FBD1
00479
7F15D
003A4
00B1D
0111D
011C0
004A9
00458
00A00
00BE5
000AE
00C48
7F2BD
7FDC6
00592
00742
7FFC2
7F8A4
0046F
7F969
7FEEE
7F811
002D6
7FB8E
00800
7F34E
006A9
0020F
00429
00A3F
7FF7A
7F839
7FD6A
00F9B
7FE8C
0026E
7F4E8
7FF11
00995
7F511
009FF
003B4
00BBC
005FF
00A6F
7F899
7FB3F
7FC05
0083D
7F908
7FBC4
7FF31
003E4
7FCCE
00E82
0087B
00400
00868
7F83D
7EBAA
7FEAC
7F412
00465
00480
7FA97
00A06
7F5F0
004F8
00845
000C0
0005F
006E5
7FC00
7F7FE
000D8
7F541
0084B
7FD60
0028A
7FE3D
7FC94
7FA41
00057
7F460
0027A
7FEF6
7FF21
00314
0024B
0066A
7F5D5
7F8D9
00832
00187
7F3E3
002CD
7FF4F
7FBDB
00712
7FB72
009DF
7F7F5
7FE37
7EC31
7FE96
00112
00065
7F27B
0066D
00F4E
0048C
7FF26
00321
7F898
003AF
7FADE
007C1
009BA
7F626
00FEC
00135
7F8FB
7FF39
7FCE3
007F2
7FA4E
005D7
7F69B
000EF
003CF
7F636
7F963
00205
7F93E
000D5
7F584
01000
000C7
7F8C4
7FF82
7FAD1
000F8
7FF62
00908
00000
000AC
7FF91
0027F
7FBE4
7F621
7FA12
00502
7FD2C
0036E
00541
003AF
7FD81
00F91
7F856
00AA9
7F7B8
7FEB3
00B7E
007E4
7FD00
7ED2B
00989
002B9
7FBFF
7FC22
7F9CE
7FCFF
00EF3
003A7
7FE0D
00A97
7FFFF
7FD6E
7F3CE
00C87
00624
7FFF4
7FB2A
7FE4D
7F784
00A16
008E3
0134C
007F4
00CC6
00CAF
00A5C
0098D
7F95E
7F626
003B0
00099
005CE
0089F
001CB
00200
00738
00678
000D4
7FA4E
7F048
004A3
7FF91
7F94E
7FB83
7FC93
00995
0002E
7FED7
000DD
7EB9C
00166
7FB28
005EA
7F97F
009B2
7F322
000BE
00AF2
7FCE3
7FA7B
7F980
7FD75
0104F
0076E
7FF27
009A4
009E4
7FECE
009D6
7FF9F
7F65B
0011F
7F77D
7F197
7FA42
00421
7FF03
7F4EE
7FE0D
7FC2D
0011C
00993
0062D
7EE24
00BB0
7FAE8
007D6
7EEAA
7FFC6
00B04
7FA00
7FAF1
7FF8C
7F3E8
0045F
00189
7FF1C
7FEC9
00400
00387
0021D
7FB0B
0059A
00B61
7FDA7
00570
00BA8
7F1C5
7F884
7F4C7
0089D
7FFDB
00558
7FD4E
00BFE
003F6
00048
7F2B0
7F707
7FD56
003CC
7FF68
0072B
7EEDC
00F33
00E8A
004EB
000FD
7F9B6
00BD4
7FFFF
7FC28
7FA2A
0054E
7FC0E
7F61F
7FFF4
7FB19
00059
7FAE3
7FDB2
00E71
00364
7F417
7F9FF
7FD04
00002
00089
7FDC9
00472
7FF50
00019
00441
7F934
00CD5
00500
0003D
01210
00714
00773
0014B
0055F
7FC00
7FA44
7FB02
7FB36
7FDD2
003AC
7F3E5
7FD37
7FDBC
00279
7FE1B
7FC01
00084
00343
7FFD1
7FF7A
7FBAA
7E8A2
7FD74
7FD8B
7F632
7F8B8
7F8DC
00594
007C9
7FE99
0010C
7F401
0003D
0054C
010A1
003AA
00000
7F992
7FE98
008E5
7FF05
0007D
7FD83
7F255
7F6BA
7F405
7FF49
0096A
7F775
7FA89
7FC08
7FC27
7F983
00214
7FAC6
00216
009F8
7F646
7F5AA
00968
7EE8E
7FEC5
00182
0005A
009A3
00359
7FF42
7FE7F
7FA00
00111
00089
7EFB7
7FB5A
7FF1F
7F5F5
7FE48
7FB8A
7F54F
7F8BE
7FF8F
7EF8D
7F8A3
7F8AE
002B8
7FE96
00218
7F93A
0054E
7E959
00418
00D72
7F286
7F3B5
008B8
007D1
007CC
006C1
7F701
004FA
0022E
7F801
7FF80
7F34C
7F2E2
7FBE6
7FDBD
00898
0029F
7FFAF
0050F
7F7DA
0016B
0027E
003D7
00155
7FFB2
7FBC2
0019F
7EC99
00D8C
7FF96
009B3
7FE8B
001A8
00391
7F1EE
00461
0008A
0024A
7F57F
7ED6B
002E9
00800
7F3C4
0031A
7FDBF
0103F
7F567
7F4FD
7FE2D
003BB
7FA01
7FBA3
00218
00682
7F2CC
00145
7F8C6
00454
7F57A
7FED1
0094E
7F902
004C8
0014B
7EEB1
7F547
00196
0037A
0009B
7F6BB
7FF75
0053D
7FAF4
00001
7FF47
000C0
00AB7
7F1A0
0016F
7F588
0039D
00C3D
007D8
0004F
7FAFE
7F1E0
7FF94
00667
7F587
00C9C
002F0
00344
7F9F7
00098
0085B
0055E
00503
7EEB3
0099E
7F89E
00071
00306
7FB3E
7E990
7FCFE
00400
7FD05
7FC5A
7F860
7F7A4
00045
7FF91
0005E
7FE58
00FD7
7FC0B
01007
002C8
7FB6F
7F8A9
0092E
003FF
0086A
7F22D
7F1B7
0071C
00291
7EF8C
005BF
7F802
7F906
00529
7F6A4
00225
7FB77
7F8EC
00408
003FF
00A36
001D1
7F660
00EB4
00AA9
0090C
0003B
009A6
00E22
7FABD
001FD
7F93B
7F5CF
0043D
004BA
00BFF
7F4E3
007A8
00D73
00A89
7F54F
7FFD7
006DA
7F800
00B16
7FC12
002CE
7F9DB
009DE
0022E
0077E
00400
004A6
7FD00
0081D
7FF29
7F33D
7FD47
00451
002DB
7F9D7
005AF
003C8
7FE94
7FF2A
0000D
7FE04
7FCAE
7FFA2
00ABD
00F56
7F94A
7EDB0
000DD
7F8D7
0017B
00A56
7FC5A
00A43
00DED
00721
00389
005EC
00E25
7F80B
00B0E
00407
004FA
7FD6D
0024C
00627
7F7ED
7F4FE
7FD25
7FAB2
010A2
00316
00235
00871
00188
7FED8
00228
007DD
003F4
7FF97
00E94
7F875
7FF2B
00650
00574
006F3
7FC2A
7FE46
002B8
7EF74
7FA00
00E21
00CB0
00630
7FDA0
7F8FB
7EF9F
0125C
0169E
7F73D
00317
7FA65
7F78A
0070F
7FDB9
7FBE4
7FFFF
00762
0088D
001A9
011BC
0092B
7FF4C
01001
7FD64
001C2
7EC9B
7FF9E
7F337
0052F
7FF36
7FB8C
00DFF
7F998
7F205
7FA72
000D2
7F8CB
7F740
00901
7FD20
7FFAC
0017F
0042F
7F4D3
7FCCF
7FFC7
0042A
7FD2D
7F7ED
00EC8
00B85
7FA6F
00C9F
00037
00586
00116
7F650
7F3E0
00306
7F889
7F866
000A6
7FEBC
7FA00
0039F
00651
7F9C6
002DE
00A0D
7F835
0005B
003C6
7FCA7
7F875
00629
0045E
008A3
7ECBE
7F67A
7FA03
7F7D6
00CC8
7F647
007FF
7FC01
01006
00321
7F8DC
00624
00597
0008A
00490
7FE85
7FAAF
006AC
009E7
7F90C
006B2
7FD26
7F489
0038A
0029D
7FF7E
00256
7FDA7
00B53
00243
002E5
00404
01157
00276
00403
0008C
000BE
7F232
7EE52
00168
00207
006C5
0099D
7F8FA
7EF62
0081B
003AB
7F241
7FD2F
7F765
7FE00
7FE4E
00385
7FF72
7FA21
7F911
00083
001F0
0076A
00C18
7F7A4
000E3
00F61
00647
7F819
7FE91
7FC01
7F56A
7F878
002D6
00117
00682
7FE1B
007A9
7FC97
7F966
7FE63
7FD95
00565
00890
7F564
000F9
00200
00158
008AA
7FAA0
0030B
00050
00BD6
7E635
00496
7FFC6
7FE5A
001CC
00EC0
00198
00962
7FF5B
7FC02
00FDE
00C52
00DC9
001BC
000B9
00B30
7FFF1
7FF6A
005CD
7FAAA
7FBA9
7FC77
7FEF3
01379
7EABE
00A00
0053B
00BB5
00C20
7FC22
7FC55
7FB43
7FD9B
00314
7FAA3
00AAB
7F5A3
7FC9C
7F9FF
003EC
0104C
002ED
7F76C
004A8
0070F
7F96D
7FF67
7FF24
00447
01126
003A4
00C4D
00BD0
002BC
7F49F
000DD
7F816
00169
7FA66
7FB10
004A6
7FEE7
7FF64
7F981
7FED4
7F882
00BCB
7FB87
000D1
0070B
7F10E
00473
7F976
7FBFD
7FB32
7F982
01770
001FE
001E0
7FE67
7F773
7FD69
7F6D2
7FDB6
7FDE7
7FCD7
003A7
0026D
7EAD1
00000
7FDAC
00A39
7FD38
7F50B
00951
7F5C9
0002E
7F340
7E9C6
0023C
7F7BD
7F905
000FB
006B5
0026D
7F8EF
00148
7F100
002C4
003F5
7FA8E
7FC8B
7FE4F
7F98F
015B6
00231
01395
7FEB3
7FF28
00444
7F2C1
7FE00
00D6E
00B8C
00A24
7FA61
008BE
7F640
7FE0D
7F622
006BC
7F800
7FC4C
7FEDC
7FCAA
00670
7EA95
7FE96
7FDD0
0030A
00889
000A8
7F637
0028E
007BB
00A50
0095B
003B6
7FF11
00AC7
00641
006BB
7EFA8
00000
0131A
001CD
00192
7F37F
7F825
7FF69
7F751
7F687
002DD
004D6
000DA
00D79
00511
7F6C4
7FCCF
00340
7F889
7F70B
7FF3D
7F894
7FC03
7F69B
7FAE4
00F4D
00357
7FF52
7FD1B
7FF63
7FEDF
7FBBA
7F8FD
7FA59
7F664
7F1B5
000A2
7F235
003FE
7F9D7
7F4DE
7F783
0038A
004BF
00574
00652
7FFAF
7F918
7FF15
7FA53
00743
00154
00463
7FF10
7F1F7
7F4FD
00516
7F9D3
00242
7EA07
0007C
00F7A
0018F
7FFDE
003F9
7FC00
00102
7F693
7FAA8
7F66C
7FAA2
00745
7EA0C
7FA01
00D63
7FD37
7F495
7F968
7F5CF
7FB97
005BB
00000
00695
00C05
7F880
7FCF8
7FD38
003F6
0050B
0032B
000F0
7FB6C
7F196
7FA44
7F8E6
00824
7EFDA
7F801
7FD39
7FF94
005B1
003ED
00C7F
7FE61
7F7C6
7FA00
0000E
00986
7FBC5
7F349
7F939
7FEC2
00C60
7FC02
007D4
00DD1
00210
008AF
7F523
001B1
7FBB2
008D3
006E8
00DD9
7F7D9
0090C
7FCA7
7F233
006CE
00000
7FBFC
004FB
008A6
00189
0025F
00089
00E53
00531
0088D
7FA16
00B18
00D05
7F089
7F934
7F3A3
7F82C
7F107
00703
7F915
00FCE
7FC8D
00367
7ECE2
7F62D
7FAF1
7F7D0
7FCF3
7F841
00665
0049C
7FCF3
0087D
00C5C
00153
7F94C
002F7
7FB62
7FDDD
007DA
7FE99
7FD28
0033F
7F580
7FC68
7F919
00492
7F8BD
0002F
004E7
7FA90
7F957
7FD12
7F667
00A5D
7FB20
00A6D
0037E
7F8AD
7FA94
7FAD6
00079
00376
7EF87
00200
7FF68
7EEB9
7FDCC
7F884
0051A
7FA11
7FF70
7F6A3
7F997
00131
00175
7F582
7F71B
7F0D9
00B9B
002D4
007F3
009D5
00572
0033A
00388
00120
00243
0033F
000A4
7FACA
00404
7FFD4
7E96E
00812
0038E
7FA01
7FDDF
7FE6C
7FC5D
0079B
00211
7FDA7
0065E
7F910
000F4
7F83C
01213
7F8FD
000EF
7F150
0045E
7F4B0
00606
00AFF
006FA
005F7
7FDC3
00159
00288
007D5
7F688
7FFE3
7FCD7
7FF20
010A9
7F8B5
009DA
00200
00144
7FD77
00320
7F791
7FCE4
00491
00329
005AF
0015E
7F75A
00505
7FEDF
7FB3B
7FC49
00580
7F809
7FC2D
7FCB4
7FF22
7F631
00433
7FF39
0024B
005B9
7F4B1
0028A
7F8D0
7FE02
7F7A5
7FD0F
001E5
0043D
7FA80
0045F
0032D
00807
7F73E
7FA69
002B4
7F5DE
7EFB9
7FD0D
0063B
7F44C
7F7CE
00560
0048D
7FD13
7F0D2
7F69F
7F075
00B5D
7FBA0
7FD47
01022
002CB
7F31E
0001E
7F64C
7F82F
7F955
006AD
0019B
7F600
00077
7F879
7F473
00852
000CE
000B5
7FBAA
00096
7FDB5
0051F
7F73E
7FE4A
7FDA9
7F644
0112D
00BFF
7F6E0
00309
7F427
00735
005B4
7F69F
00E0B
00112
7F70F
7F918
7FCFB
008F4
7F84D
7FA1B
7FACE
7F201
00462
00381
7FA23
7FE81
7FFEB
7FFE2
7FD5F
0036A
7FD64
00AD9
7FAAB
002E2
7F473
7FAAA
7F2D6
00400
00885
008FD
009F6
7F9F6
00F23
000CB
7FC3D
7F2EE
7F99A
7FEEB
7FDCD
7FDDF
7F00A
00CF9
0047E
01A00
008EA
00B4F
00242
7FE21
7F9E4
00769
7FBBB
00167
0053A
00902
7FD93
7FC5F
7FB77
0065B
7FF88
00C9D
7F8F9
7F9EC
7F54C
7FF2D
003E3
7FFD5
00ACD
7FC53
7FC25
00356
00234
7F4FC
7F6D1
0039D
7FE2B
005A7
001EA
7FD77
7FB5D
00BAD
7FB28
001CB
7FC04
7FE5E
7FBCD
0060F
7FC83
7F242
7F752
0000E
7F3E7
008EB
7FC30
00833
7F8AB
7F263
00278
00A5D
002D2
7F679
7F6AE
007E8
00548
7FA5B
00807
7FF27
7F5C5
00800
7F79F
00AA9
7FF2F
7FD14
005A2
007E1
7FF56
00B88
7FCBF
00771
7FBF2
7F488
7F155
001F4
7FEC7
7FD2B
00242
004E7
008AB
7EBFD
7F5EA
0051B
00515
7FD62
00F43
7F83C
7F1A9
7FA96
7F5E5
7F5B9
7FCD6
007FF
7F1F0
00651
001B7
0048F
00D7B
7FC16
7FDA1
001B6
7F29E
7FCEF
00AFB
006F8
00DA5
7FF54
00BFA
0087A
0009D
00699
7F5B2
0015A
00A59
7FD15
7FC8F
00116
0115A
7FDA7
7F9EF
009B7
00FDE
7FE93
00202
00400
7F54A
00939
00E2D
7F5DD
0018E
0016A
7FF83
7F3E3
7FE1A
7FC06
00D99
00221
000AF
7FFFC
00191
7F2F0
7F910
002C3
0015F
7FCF3
0023D
009CB
7FF8C
7FB54
0011C
7FC61
0064E
7FF89
00FD6
7FAB2
7F438
005A6
0039A
00581
7FFB0
7F901
003A7
00EC7
7FC70
00C76
00A44
7FE65
000C1
00580
00EA4
0081A
0072E
7FAF6
7FF1C
00107
7FFB1
7FBBF
7F3EF
00B10
001FA
00F37
7F126
0013D
00371
00451
005B4
00A5A
7F495
7FC00
0045B
00823
0030B
00374
001C9
00C1C
7FDB7
7F92C
0015B
7F3CE
0046C
004FC
00AD3
7FFDD
00886
00800
0097A
7FF00
0003B
006B7
7FE30
7FC01
006D1
7FFFF
00600
7FC28
7F74F
00613
00180
0117E
7F912
00800
0090E
0000B
7F719
7FC12
7F8AD
0074D
7FDC0
7FED3
00730
7FE30
7F649
7FA8A
00CDB
7FE39
7FED8
7FC00
7FC5E
001CC
7FF5D
009C5
7ED6B
00E3A
7FE6D
00001
7F985
7F8E6
7F8F5
00A67
00573
002C1
7FA29
01000
7FE8C
7FE83
7FFC9
7EBAB
00196
7FC48
00179
00BED
007DE
7FACA
7F721
006D5
00C03
0071A
7FFAF
7FF6C
00742
7FCE1
00495
7FF99
00125
0009D
0086C
00DF6
7F61C
7F127
7F896
006AB
001E6
00F92
00304
7FE96
009FC
00D33
7F5C8
7FDB5
00BA7
00821
7F07E
00AA0
004CE
7FB0B
001DB
7FF44
7FC0C
7FFE0
005F2
00A52
0078E
7FA6B
00243
0000B
7FFAD
00180
7FBB2
0057D
00430
004D1
0090F
00757
002B6
7F836
7F991
7FE00
000AF
7FB75
7F9B3
7FF0C
7F6BF
7FCB2
003E1
00074
001A5
7F8A6
01A7E
0031A
7F867
00D75
0083E
7FD2C
0020C
7FE70
7FD5D
7F231
7FC92
0034B
7FC5F
7FC7F
00EF8
009F0
006E9
00E69
7F648
001F6
002E2
7F600
00D20
0039D
0050F
7FCF4
000F5
0021B
7F73A
0064F
7FA2E
00544
0026F
00326
003E5
000BD
7FCF4
010F8
01274
7EF96
7F58F
004C9
7F5CD
00292
00FF3
00DB3
7FF0D
7F86C
7ED7B
007C9
00197
7FDA3
7F7E5
7FA00
00706
7F9A7
00101
001A0
001B4
003D9
7F39F
7FF3E
006A2
7F587
7F8DD
003DF
009CE
7FD3D
0050B
7FC4E
7FF2F
7FBDA
003B3
0050E
00AFF
00565
7F73F
006E6
7F91C
7F3F5
0012A
00CB3
00193
7FDFE
00C38
00000
7FBE3
003DF
00A6C
7FD32
00ED7
7F7F0
00DA5
7FEE1
0025A
7FC74
0045C
00394
01377
7EC82
7F5C3
7F9E3
0073C
0026D
00273
00496
7FA44
7FA7E
7F8D4
0020A
7FC4A
7F75A
7FE3E
7FC24
7F915
0107F
0009B
00200
00527
007AE
7FDF5
00101
7FEA5
00135
7FE9E
7F0EF
7FCFA
0027E
7F467
7FCCF
7F2C7
00D25
00CB6
7FC01
002A7
00572
7FF7D
7F99C
7F5D4
7FA67
00A4B
0043D
7EE5C
00FD1
7F2F1
007AF
7F7E9
7FF13
002EE
00200
7FE3D
0053D
000C5
7FF7B
0028F
00AD1
7F1C4
7FF12
007CD
00223
001B6
00E03
004C2
002D5
005BB
7F001
0020F
7F5A0
004B3
7F5E9
7FFA5
00195
7EFDE
7FBC2
00013
7F38E
7F8BA
7FD7E
7FE95
7F8F2
7FB62
00800
0005E
7F719
7FD9F
0006E
0061A
012F5
00DCD
008A4
7ED92
0052D
01035
7F1F5
0007E
7FA59
0000F
0089A
7F6C3
001F2
00A55
7F8E0
004EB
7FFA9
7FD1B
7FB44
7FA7A
7FD99
00472
01241
0072D
7FB28
7FF28
009E6
000B7
7FAB3
7F700
00480
00571
001FC
00FEF
005A9
004EC
00E0E
7FB52
009F2
7FCCD
01202
7FAD5
002ED
7F78E
00D33
00361
0098E
00C26
7FD2A
7FDEE
7FF50
7FFCA
7FDF0
7F556
003DE
7FAF9
007D9
7EA3D
00200
0025D
7F4A2
00BEF
0064D
7F98D
00721
00306
0058B
00A9E
7EFDE
7FBAF
7F989
00135
7EE41
7F8A0
7FBC3
7F723
000E2
00847
7FEFE
004FE
0048F
0057B
00475
7F726
7F865
7FE1B
7F871
7FEF3
01873
7FD96
7F002
7F341
7F40D
00C1B
7FCB7
7FCCD
00223
7F074
7FDB4
00B05
7F8AB
7F964
00083
0009E
0033B
7FB79
7FE97
7FB6B
00320
7F5BD
7FDEB
005B9
010A7
7FFC8
7FFB0
7F679
7FEF8
7FAFA
7F8BC
003FD
0044E
0036A
00000
0060B
0013C
0092D
003F2
00150
0049B
7FD47
7F63A
7F524
7FCDB
002F9
00502
7E93F
00503
008AE
000E6
7F44B
7FFD5
7F3BC
7F91E
005B9
001F5
7FC06
00481
7FDD4
7F2B0
7EAA4
7FA03
00164
0017E
7F373
00B4F
006A9
7F534
7FFDE
00173
009EA
7F9EB
7F610
7F470
001A9
7F9FE
005BA
00B07
008E6
00144
00479
7FCEF
00465
7FFC7
7F6E2
00AE2
7F5FE
7F7D1
7FBEB
7FFC9
7FB1C
0011F
00467
00CF5
001D0
7FF55
001C2
7F800
7F8C8
7FD2B
009C3
00643
7F7BE
01650
7F26D
00DFE
7FAA9
7F9D4
0045B
00408
7F9B7
006B6
7FBB9
00800
7F40D
0005B
002CB
7F5C2
00353
006D0
7FD7A
00150
00C87
00148
00807
7FD81
7F93B
7F9A5
7FC10
00000
00177
003F5
0032F
00A38
00227
7FB19
00038
00DFD
7FD30
7ECC7
7FEC9
7FECE
00611
7F02C
001D1
007FE
7FCAA
7FF80
7FC4A
009C3
00381
7F8C0
7EF88
7EAB1
7F55F
7F728
7FABD
7FFAB
00196
7FE83
7F4D3
00800
7F9FD
005B2
7F53B
0104C
00BFE
000C1
7F833
00358
003B6
7F52B
7FB5F
7FB08
7F825
00061
7F8F6
7FC9E
00681
00423
7F6C0
0032C
7FCB1
005D1
7F88A
0075B
7EA46
7F988
01028
7FE4F
006F0
7FDE8
7F0FB
00169
7EE73
000A6
007FC
00477
7FA42
008B9
7F964
006AE
00267
00636
00DCE
006AF
7FDD0
00208
7FC8F
00785
00BDB
009BD
7F87A
7FE6E
00A36
7F767
00685
00165
001B4
7F56F
7F655
003E3
7F932
00133
7F48E
00600
7F9B8
7FF17
0097D
00093
7FD68
7FCDC
7FF79
000C4
7FDCD
7FB6A
00611
7FBAE
7FCC5
00D76
00EC7
7F348
7F9A7
7FCE5
7FE31
7F570
7F487
007CE
7F8B2
0027C
002FB
7F874
7FD55
7F4E1
00199
0000D
0058E
7F400
7F919
0007D
00227
0035E
006C1
7FDE3
7F8CC
001D9
7FB60
7FC3D
01097
008FC
0080D
00884
003FB
7FBC2
7FD82
00A38
7F6E2
010DD
7F9F3
00B14
7FA38
009B1
006AD
000BE
00947
0096D
7F638
7FC85
7FEED
00600
00D77
005D5
7FD23
7FA0D
00433
00ADE
00816
00B01
7F887
0035E
00202
00219
7F8CC
00D19
000C3
7FA74
7FFE3
0064F
7F307
00B7F
7FD04
7F2F1
004B7
7FEB1
7F750
00102
7F9F8
006CF
0010E
00713
7FE45
0043D
005D9
005B0
00BEA
004A5
00365
7F2E5
7F605
00488
7F3D6
7FD57
7F8BF
00633
00AD5
004C8
7F42C
00D61
7FB93
003CF
00DCF
7FD3C
00B69
7F34F
0017B
7FEEE
7FA3F
7F275
005FD
7FEA6
7FB85
00234
000A5
00400
005FE
7F7A6
7F629
00620
7FD8F
7F602
7F467
7F858
0100C
7FEF7
00D98
00AB9
00A19
0073F
7F758
00400
0020D
00D94
00384
7F8A6
7F7E2
00831
7F187
008D4
7FFE1
7FDA5
004B9
7F4F5
7F86F
7F400
7FC2C
00800
7FD5D
7F594
7EC2A
0092E
7F535
7FB90
7FF94
003A9
7F610
0032A
0006D
00498
7FB9A
7F916
7F724
7F800
005E7
7FD32
7F7E8
0000A
00A0B
7FE42
7F2F0
0032A
00551
7F83D
00622
003BC
7F68F
003AC
00649
7FE00
00441
005E1
00BD5
7F98B
7F1E1
7F592
00682
001B5
000B5
0024A
7F96A
7F4D3
7F946
00E9D
7FEA9
7EC22
7FC77
7F5E1
7F789
7F943
7FB2C
7F1C1
005A1
7FD71
00776
00026
0022C
7FC3D
7FB1E
7FF89
7FA97
00F8F
7FD4F
004A2
008B6
00B23
005EB
0067B
7FDE3
00688
7FB48
00245
7F337
00AE3
7F5C3
003CE
00284
7F767
0064B
7FAF3
00E95
7FCB4
000D5
00F97
7F065
005C2
00B27
7FE53
00221
00D5A
00441
000A4
7FB9B
7FC00
7FAF6
00190
00107
7FB90
7FF45
0093E
7FB4D
00E76
00770
7FBF1
7FC4C
7FAB7
0074D
00EF3
003B8
01536
7FEB5
7FF24
7FFE8
00388
00F16
00069
00BA9
0024A
00329
7F65F
7F85B
000E3
0094D
0017C
7FD4C
00600
008C7
00E0E
006F6
7FF72
7F637
7F9A4
7FDBC
7FE57
7FFE6
7FBBE
0120D
001D6
003CE
7FFEC
7F3A4
7F348
00197
0010C
7FB3C
7FD42
7F7DB
0116C
7EB74
7FA76
003D9
00293
00434
002D0
00217
7FF40
00033
7FE00
002F8
7F635
7FE0D
00136
00604
002BF
7FDA8
7FDE9
005A3
00BC9
006EB
001DB
007EE
001C0
7F2D9
7F8EC
00C7F
004C8
7F5F6
00505
00038
7F7E5
7F906
7FE1C
005FD
7F823
00D85
002C2
7FCCB
00A5B
7F29D
0016B
004F9
7FC98
7FA90
0078A
7FE9F
006AA
005AC
7FCE5
00648
7FB7C
7FB45
7FE32
00DBD
00798
7FB91
00476
0072B
7FA15
013C4
00032
7FD52
7FADA
0094F
7FBD2
008AB
7F3A4
7F7E9
7F4DD
7F3A5
7FE68
7FB1F
00600
7FA7E
0046D
00481
004E5
00AAF
7FD81
00F9D
00B11
7F817
7F834
7FF4D
7FA76
00363
009B5
0002B
00000
00202
7FE0E
006F9
7F881
7FF41
005E0
00259
0003D
005DB
007E0
00356
7FDB4
7FBB7
001E0
0114D
009FF
00551
7FD21
008AB
0066A
7FADC
7F5E2
7F30B
7FCEC
0037C
7F784
7FC74
0058B
00284
7F565
00FC9
00FFE
7F3BA
7F065
0011D
7FC30
7F6E1
006BE
00330
7F7C3
00905
7F86A
7F505
0024C
002B7
7FF07
00D27
7FC00
7FD7A
00E93
008CB
00186
00E4E
0072B
003CA
0039D
7F819
7FB83
7FE85
0001D
7F648
0086E
7F539
00898
000ED
006FC
0066A
00925
7EF54
001F5
7FDB0
7FED4
7F59B
008B1
7F7E5
7FF3E
009D1
7FF7F
7FF39
0016B
7FB75
7FA7E
00388
00048
00627
7FE58
7FF0E
7F0A7
7FB36
00464
00DAD
018EE
7FAED
001B8
00FC1
00518
00249
7FCA9
0086A
00A30
004B2
00FA0
004B1
7FCAC
7F791
7ED74
002CF
00EF1
7FA9F
00318
7F785
00000
00304
00DCB
7F637
7F603
7FCFF
00179
00A51
00569
7F931
7F404
7F7C7
7F6BE
005AB
7FFC9
0013B
00000
002BE
004EE
7F7D7
7F82D
7FF27
7FBEE
7FDE9
7EDB7
00109
7FD4C
7EAFC
001A4
001E9
007E6
009A1
003FF
7FB49
7ED59
00ABD
0023C
7F90E
00238
7EE1F
7F2F0
7F952
7F89C
00ED6
7F411
000FE
002A3
7FF21
7FA58
006FE
00239
0097D
7FCE2
005CB
7FEB0
00D50
00793
01143
00982
00ED7
7F302
7FA3D
7FEED
7FAD5
7FE00
7FDDA
7F4CB
7FB72
7F84C
7FC17
7FA51
7FDC8
005C4
7FEB6
7ECEE
00165
7F3C0
001EA
00262
7FBC9
002ED
00297
002D7
7FB6F
00B8D
00035
007F2
00433
006B8
00258
7F8D6
7FDA7
7FFDF
7ED58
7F108
7FB10
0016A
7F847
006D9
7FFBB
002EF
009CC
7F2AA
007AB
7FD70
00091
7F604
7FA31
7FC98
7FE5F
7F241
003BE
00135
00E02
7FD10
00094
7FC58
7F259
7FC79
0062D
00809
7F6DE
00139
00154
008D0
7FEB3
005C3
001DD
7F200
00A0C
00884
7F558
7FA9A
7F7AC
7FE6B
0034C
7FB2D
00518
00295
7FB98
7FABF
00089
009AF
00795
7FA01
7FD41
008E1
7FAA8
00B8A
00191
00C65
009CE
00201
002B7
00120
0003F
008AA
7F496
7FE22
7FFFF
7F601
00551
0067F
003F9
7EF42
01436
001ED
00CD2
000D3
7F812
7F095
00784
00A6B
00E22
010C9
0048C
7FE00
7FB63
7FEBD
008B6
7FA9A
7FA8C
00341
7F963
00201
0081D
7F51A
7F955
0022A
004BF
7F764
0072D
7FE00
7F5CE
00359
00204
7FC14
7F119
0072F
00CA6
7F992
7F7D4
7FB72
7FE3D
7F42E
003A2
003BC
7F9E3
7F8CD
005C3
00A19
002E9
7FE59
0090B
7FD2E
00599
00AE6
0023C
00846
007FB
7F63D
7F94A
7FD0C
0064E
7F1DE
0062D
7F843
00755
7FDDD
001C6
0109E
000B7
00356
7F0BB
7FDFC
00785
00960
7FF1D
00BD9
004A0
00AA3
7F6E6
00BF0
7FA0A
7FC5A
0041D
7FB03
001DF
00A4B
0018C
7FD55
7FCB6
7FAA2
7FB89
7FC97
7F309
00600
007B0
7F9CC
7F51A
7F002
7ED58
00669
00D96
7F89D
00526
00123
7F9AE
00473
7F9AB
7F18B
00F53
00001
7F455
004A3
00270
00158
7ED03
001FB
7F99A
00805
002ED
7F6F4
00FDF
7FE6A
7FDC8
7F8AA
000FB
005FF
003FB
7F351
0031B
7FCD2
7FA84
007B7
0014C
0030F
000AE
7FF33
005E6
00121
00966
7FE81
0004E
7FD2C
7F9C9
0029B
7FB44
00204
7FB8A
00CAB
00B85
00BFB
7FAAD
002E0
7F881
00AF8
7FCE1
006BE
7F715
7FC00
00BF0
7F7F1
001BC
000C8
00882
7F3AA
7F9D3
0024A
7F797
7F1E5
00AC8
00ADD
7EEF6
7FE51
7FFA4
7F3B5
00174
7F723
7F40C
7F187
7FF28
7FBDD
000BE
0086D
7FBDF
005D0
00229
00591
007DC
00084
00303
7F61B
7F56B
7FF9B
007C9
7F423
0006E
7F49A
00AF2
0027E
7F4BD
007C1
00401
7FDF2
7FB99
7FF74
7F827
7F428
7FA03
004FE
7F818
0055D
7EDA9
0075E
7F3AB
7F993
7FAA6
7F85F
7F878
00363
00C07
005B0
000EE
00600
7F2B8
7FAC8
7F235
7FD97
00324
7FAEF
00244
7F9C4
7F6C6
00395
7F52F
007D1
006AE
7FC8A
001D2
7F402
001CC
7FFDE
7F992
7F559
0028A
0045C
003D9
00C93
7FB49
7F703
010BA
0053D
00936
7FCFF
006F9
00201
7ECFC
7FAB3
0012E
0053D
00BA2
0025C
7FEBD
0023E
7FDE1
7FCC7
7F7F3
7F559
7F956
00054
7F4EF
00BFF
7FE26
7FD01
00255
007D2
7FAB7
7FBFF
00032
00F69
7FE7B
00648
7F78E
7FD96
7FCAE
7F87A
7F88B
00800
00146
0067F
000CC
007D0
00668
7FEF4
7FB3D
00DEA
7FA39
00191
00026
7FACF
7FD5E
008E7
0041C
00115
7F34A
001D7
7F23E
008B9
008B0
01123
00C50
7F875
7F6B5
00922
7F437
7FF3B
01592
7FBA4
00B27
00B4F
7F945
7F97B
00813
00467
0024E
7F5E0
7F4DA
00A0A
7FB87
00F33
7F6AF
008F8
7FBD7
7FD86
002F3
0029C
7FF73
7FBCC
7F258
7FE79
0030B
0068A
7FCA7
00499
01150
007B3
0071A
00565
